make_year,mileage_kmpl,engine_cc,fuel_type,owner_count,brand,transmission,color,service_history,accidents_reported,insurance_valid,price_usd
2015,12.09,5000,Diesel,1,Nissan,Automatic,White,Full,2,No,12772.12
2016,14.03,800,Petrol,4,Chevrolet,Manual,White,Partial,0,Yes,6177.69
2005,20.4,2000,Petrol,1,Kia,Manual,Blue,Full,2,Yes,6850.02
1996,25.09,800,Diesel,3,Volkswagen,Manual,Silver,Full,0,Yes,3373.18
1995,19.25,5000,Diesel,5,Hyundai,Automatic,Black,Partial,0,No,7314.85
2011,30.59,1200,Diesel,3,Nissan,Automatic,Gray,Partial,1,No,6970.37
2023,13.49,1800,Diesel,1,Ford,Automatic,Gray,Full,1,Yes,9561.19
1999,17.74,4000,Diesel,1,Toyota,Automatic,Blue,Partial,0,Yes,9654.64
2004,17.97,1200,Diesel,4,Ford,Automatic,Blue,Partial,0,Yes,2847.78
1997,16.36,2500,Petrol,5,Tesla,Manual,Red,,2,Yes,3879.13
2013,15.75,4000,Diesel,2,Kia,Automatic,Red,Partial,0,Yes,10540.36
2008,11.35,5000,Diesel,1,Hyundai,Automatic,Blue,,0,No,11914.21
1999,16.09,1500,Petrol,4,BMW,Manual,Red,Full,0,Yes,4288.41
2022,26.68,2000,Petrol,5,Toyota,Automatic,Gray,Partial,1,Yes,7599.63
2010,22.04,1800,Petrol,3,Honda,Manual,Silver,Full,0,Yes,6018.2
2022,17.67,2000,Electric,1,Honda,Automatic,Blue,Full,0,Yes,12560.93
2013,24.66,1000,Petrol,3,Hyundai,Automatic,Silver,Partial,0,Yes,6066.57
2007,21.4,2000,Petrol,3,BMW,Manual,Black,Partial,0,Yes,7797.05
2023,9.61,1500,Diesel,4,Ford,Manual,Blue,Full,1,Yes,6332.13
2010,16.33,2000,Diesel,3,Volkswagen,Manual,Black,Partial,1,Yes,5161.36
1996,17.94,4000,Diesel,5,Chevrolet,Manual,Gray,,1,Yes,6098.37
2023,15.48,800,Petrol,1,Kia,Manual,White,Full,0,Yes,5679.29
2022,24.47,3000,Diesel,3,Honda,Manual,White,Full,0,Yes,11329.63
1996,13.69,1500,Diesel,4,Chevrolet,Automatic,Blue,Partial,1,Yes,2790.0
2002,16.07,4000,Diesel,1,Nissan,Manual,Blue,Partial,2,Yes,8078.36
2019,17.22,5000,Diesel,2,Nissan,Manual,Black,Full,0,Yes,13498.02
2023,16.25,800,Petrol,5,Tesla,Manual,Blue,Partial,1,Yes,5012.83
2004,20.39,2500,Diesel,1,Tesla,Manual,Gray,Full,1,Yes,7627.47
2002,15.51,800,Diesel,5,Ford,Automatic,Red,Partial,0,Yes,2464.15
2004,14.19,1200,Diesel,3,Tesla,Automatic,Black,,0,Yes,4293.92
2019,18.62,1800,Diesel,5,Volkswagen,Automatic,Red,Partial,0,No,8047.7
2019,19.96,1200,Petrol,2,Tesla,Automatic,Blue,Partial,0,Yes,6169.26
2007,16.33,2500,Petrol,2,Honda,Automatic,Blue,Full,0,Yes,8475.09
2023,18.72,4000,Diesel,3,Hyundai,Manual,White,Full,1,No,10044.52
2007,17.55,2500,Petrol,2,Honda,Automatic,Red,,0,No,8270.07
2019,15.97,2000,Diesel,1,Nissan,Automatic,Red,Partial,1,Yes,8490.93
1996,21.81,2500,Diesel,1,Honda,Automatic,White,Partial,0,Yes,6697.94
2001,15.7,3000,Petrol,4,BMW,Manual,White,Full,1,Yes,5452.33
2021,25.34,3000,Petrol,2,BMW,Automatic,Blue,Partial,0,Yes,12731.56
2017,23.53,1800,Petrol,1,Honda,Manual,Silver,Full,1,Yes,10290.09
1996,22.07,1800,Diesel,3,Tesla,Manual,Silver,Full,1,No,4849.69
2019,19.81,2500,Diesel,2,Ford,Automatic,Silver,,3,Yes,11251.36
2008,18.95,1200,Petrol,1,Tesla,Automatic,Blue,Partial,0,No,8585.84
2001,27.33,5000,Diesel,1,Ford,Manual,Black,Partial,0,Yes,12285.24
1997,20.11,1000,Petrol,4,Chevrolet,Manual,Blue,Partial,0,Yes,2912.35
2004,14.92,800,Diesel,4,Ford,Manual,White,Partial,0,Yes,1858.64
2003,23.84,1800,Petrol,3,Nissan,Manual,White,Full,0,Yes,6130.93
2014,21.44,1800,Electric,2,Ford,Manual,Blue,Partial,4,Yes,10769.76
2007,17.32,2000,Petrol,3,Volkswagen,Manual,Silver,Full,1,Yes,6796.79
2008,14.64,2000,Petrol,1,Nissan,Manual,Silver,,0,Yes,7760.86
2004,13.52,4000,Petrol,4,BMW,Automatic,Gray,Full,1,Yes,6389.33
1997,14.5,1200,Diesel,1,Ford,Manual,Blue,Full,0,Yes,4767.16
1998,13.64,1500,Petrol,4,Hyundai,Automatic,Black,Partial,1,Yes,4004.46
2017,21.36,800,Petrol,4,BMW,Automatic,Silver,Partial,0,Yes,5141.0
2007,24.05,2000,Diesel,5,Volkswagen,Manual,White,Full,1,No,7956.66
2009,17.87,3000,Petrol,4,Volkswagen,Automatic,Blue,Partial,0,Yes,8353.09
2010,20.57,2000,Diesel,1,Volkswagen,Automatic,Silver,Full,1,Yes,8343.11
2016,21.55,1200,Diesel,5,Chevrolet,Automatic,Blue,,0,No,5195.9
2006,11.75,800,Diesel,5,BMW,Automatic,Silver,,0,Yes,2408.26
2007,16.67,1500,Petrol,5,Nissan,Manual,Blue,Partial,1,Yes,2631.93
1999,20.21,2000,Diesel,2,Volkswagen,Manual,Red,Full,1,Yes,5439.61
2006,22.33,3000,Diesel,1,Ford,Automatic,White,Partial,0,No,9718.84
2006,17.37,1500,Petrol,4,Volkswagen,Automatic,Silver,Full,1,Yes,4828.82
2010,14.87,800,Petrol,3,Volkswagen,Manual,Red,Full,1,Yes,2462.72
2004,24.59,800,Diesel,5,Kia,Automatic,Red,,0,No,3166.47
1997,28.93,800,Petrol,3,BMW,Automatic,Red,Full,0,Yes,4768.88
2015,23.49,5000,Diesel,3,Toyota,Automatic,Gray,Full,0,Yes,11958.09
2005,24.74,3000,Petrol,4,Kia,Automatic,Silver,Partial,1,No,7037.56
2013,19.0,1200,Diesel,3,Hyundai,Automatic,Red,Partial,1,No,6551.32
2012,8.09,2000,Petrol,4,Volkswagen,Automatic,Blue,Partial,2,Yes,4672.29
2016,22.88,1800,Petrol,3,Ford,Automatic,Blue,Full,2,No,8533.64
2013,17.94,1000,Petrol,2,Honda,Manual,Black,Partial,0,No,5822.15
2011,20.23,800,Electric,4,Kia,Manual,Gray,,0,Yes,7281.79
2001,16.93,5000,Petrol,2,BMW,Automatic,Silver,Partial,1,No,9637.25
2023,14.53,1500,Diesel,3,Honda,Manual,Red,Full,1,Yes,7208.92
2019,27.53,4000,Petrol,4,Kia,Automatic,Gray,Full,0,Yes,11071.79
1996,8.66,1500,Petrol,4,Toyota,Automatic,White,Partial,1,No,1958.36
2018,18.13,800,Diesel,5,Chevrolet,Manual,White,Full,2,Yes,5863.26
2016,21.63,1500,Petrol,5,Nissan,Manual,Blue,Partial,0,Yes,5310.39
1997,15.0,4000,Petrol,1,Hyundai,Automatic,Red,Full,1,Yes,10713.71
2008,21.29,1500,Diesel,4,Chevrolet,Automatic,Black,Full,1,No,6351.71
1999,20.57,1200,Diesel,4,Honda,Automatic,Black,,1,Yes,3195.0
2018,20.24,1500,Diesel,1,Kia,Automatic,Silver,Full,0,Yes,7490.44
2021,21.27,4000,Petrol,3,Tesla,Manual,Blue,Full,0,Yes,10896.45
2016,26.63,4000,Petrol,2,Honda,Manual,Black,Full,2,No,11119.8
2012,6.37,5000,Petrol,4,Ford,Automatic,Black,Full,1,Yes,9885.1
2003,22.17,1000,Petrol,4,Honda,Manual,Black,Full,1,Yes,4353.94
2003,12.96,1800,Diesel,2,Tesla,Manual,Silver,Partial,1,Yes,6282.46
2010,15.32,2000,Diesel,4,Nissan,Automatic,Silver,Full,2,Yes,6470.38
2012,15.66,2500,Diesel,3,Chevrolet,Automatic,Red,Full,0,Yes,7548.84
1999,18.86,4000,Electric,1,Honda,Automatic,Gray,,0,Yes,13030.92
1997,18.92,800,Petrol,3,Tesla,Manual,Black,Partial,1,Yes,1000.0
2008,19.94,3000,Petrol,1,BMW,Manual,Black,Partial,1,Yes,9244.54
2002,20.23,1000,Petrol,3,Toyota,Automatic,Red,Full,1,Yes,4097.57
2008,14.55,4000,Petrol,5,Chevrolet,Manual,White,,0,Yes,8534.54
2013,13.31,800,Petrol,2,Kia,Manual,Gray,Full,0,No,5541.6
2006,15.6,5000,Petrol,1,Chevrolet,Manual,Blue,Full,0,Yes,10017.07
2006,27.19,1800,Petrol,1,Chevrolet,Automatic,Red,Partial,0,Yes,6789.77
2022,14.51,2000,Diesel,4,Tesla,Automatic,Silver,,0,Yes,6930.85
2014,10.94,5000,Petrol,1,BMW,Automatic,Black,Partial,0,Yes,13206.31
2004,18.43,1200,Diesel,5,Ford,Manual,Black,Full,1,Yes,1411.89
2018,15.57,2000,Petrol,3,Honda,Manual,Gray,Full,2,Yes,7940.49
2020,22.21,1800,Petrol,1,Hyundai,Manual,Silver,Partial,1,Yes,9906.49
2007,17.94,1200,Diesel,4,Tesla,Automatic,Red,,2,Yes,3370.84
2002,23.81,3000,Petrol,4,Tesla,Manual,Black,Full,1,Yes,7172.11
2023,21.02,4000,Petrol,1,Tesla,Manual,Silver,Partial,1,Yes,11183.46
2007,15.45,2000,Diesel,3,BMW,Manual,Blue,Partial,1,Yes,5923.33
2015,18.3,4000,Petrol,2,Ford,Automatic,Black,Partial,0,Yes,12522.23
2004,8.97,3000,Diesel,3,Tesla,Manual,Red,,0,Yes,3488.14
2011,15.5,800,Electric,4,Volkswagen,Manual,Black,Full,2,Yes,7006.96
1999,13.89,2000,Diesel,3,Hyundai,Automatic,Black,Partial,2,Yes,3725.76
2010,20.01,1800,Petrol,3,Ford,Manual,Silver,Full,1,Yes,8020.6
2013,17.43,2500,Petrol,2,Ford,Automatic,Gray,,0,No,6756.69
2008,17.31,800,Petrol,5,Ford,Manual,Gray,Full,1,No,3900.89
2013,16.65,1200,Diesel,2,Nissan,Manual,Silver,Partial,0,Yes,5460.5
2003,12.67,4000,Petrol,1,Honda,Automatic,White,Full,0,Yes,8865.74
2005,11.53,3000,Petrol,2,Nissan,Manual,Gray,Partial,1,Yes,7330.51
2020,15.88,1000,Diesel,5,Kia,Manual,Red,Full,2,Yes,6410.57
1997,18.72,4000,Diesel,4,Toyota,Manual,White,Full,1,Yes,7023.11
1997,18.91,2500,Diesel,1,Honda,Manual,Gray,Full,1,Yes,4065.0
2020,21.84,2000,Petrol,4,Hyundai,Manual,Blue,Full,0,Yes,8611.67
2007,18.38,4000,Petrol,2,BMW,Manual,White,,0,No,7981.91
2008,21.98,5000,Electric,4,Kia,Manual,Red,Full,0,Yes,14271.58
2023,17.22,1200,Petrol,4,Kia,Manual,Black,Full,2,Yes,5249.9
2020,21.5,1800,Petrol,4,Ford,Automatic,Gray,Partial,0,Yes,9086.84
2009,13.53,2500,Diesel,1,Kia,Automatic,Black,Full,1,No,7678.45
2013,15.47,1800,Diesel,5,Volkswagen,Automatic,Black,,0,No,4767.2
2011,30.71,3000,Diesel,1,Hyundai,Manual,Black,Partial,0,No,12788.13
2012,18.38,1500,Petrol,2,Toyota,Manual,Red,Full,0,No,7349.98
1996,26.2,1500,Petrol,1,Nissan,Manual,Black,Partial,1,Yes,4935.62
2006,14.98,1500,Diesel,5,Nissan,Manual,Red,Full,1,Yes,4124.14
2022,22.04,1000,Petrol,4,Volkswagen,Manual,Silver,Full,0,Yes,6449.99
2020,19.48,1000,Petrol,3,Kia,Automatic,Red,,0,No,7014.74
2018,21.01,1200,Diesel,3,Nissan,Automatic,Gray,,0,Yes,5689.54
2000,23.78,2500,Petrol,3,Honda,Manual,Blue,Full,0,Yes,7295.55
2007,6.23,1200,Petrol,5,Nissan,Automatic,Red,Full,0,Yes,3824.08
1998,16.94,1800,Petrol,5,Nissan,Automatic,White,Partial,0,Yes,3280.74
2002,11.07,800,Petrol,3,Chevrolet,Manual,Gray,Full,0,Yes,3694.77
2011,10.72,5000,Diesel,2,Nissan,Manual,Gray,Full,1,Yes,11689.98
1995,22.72,1800,Petrol,1,Ford,Automatic,Black,,1,Yes,5062.31
2003,21.15,3000,Petrol,3,Nissan,Manual,Black,Full,0,Yes,7364.01
1997,22.82,1800,Petrol,2,Nissan,Automatic,White,Partial,0,No,5295.95
2008,17.37,800,Petrol,1,Nissan,Automatic,Blue,Partial,3,Yes,6191.8
2023,17.6,1200,Diesel,1,Chevrolet,Manual,Black,,0,Yes,9565.19
2019,21.33,2500,Petrol,3,Honda,Manual,Blue,Full,0,Yes,6533.59
2011,24.42,1200,Diesel,4,Hyundai,Automatic,Blue,,0,Yes,5843.76
1995,9.6,1200,Petrol,1,Chevrolet,Manual,Gray,,1,Yes,3953.87
2013,12.61,3000,Petrol,5,Tesla,Manual,White,Partial,1,Yes,7588.23
2013,28.35,800,Diesel,1,BMW,Manual,Red,,0,Yes,6933.64
2009,14.28,3000,Diesel,3,Chevrolet,Manual,Gray,Full,1,Yes,6491.54
2016,18.22,1000,Petrol,4,Chevrolet,Manual,Blue,Full,0,Yes,5179.66
2019,17.0,5000,Diesel,2,Ford,Manual,Blue,Partial,1,No,11891.74
1997,18.8,1500,Petrol,4,Honda,Automatic,Red,Full,1,Yes,2944.06
2010,13.44,2500,Diesel,3,Volkswagen,Automatic,Blue,Full,0,Yes,7058.73
2014,13.9,1500,Diesel,1,Hyundai,Manual,Black,,0,Yes,7426.9
2017,19.92,1200,Petrol,3,Toyota,Automatic,Gray,Partial,0,Yes,8032.2
2019,30.31,1200,Petrol,3,Ford,Automatic,White,Full,1,Yes,9140.48
2020,23.27,4000,Petrol,3,Kia,Automatic,Silver,Full,0,Yes,11362.28
2005,22.34,4000,Petrol,3,BMW,Manual,White,Full,0,Yes,9631.69
2016,19.86,800,Petrol,1,Toyota,Automatic,Red,Full,0,Yes,8793.51
1995,20.19,1200,Petrol,2,Honda,Manual,Black,Full,0,No,5047.31
1995,13.23,800,Diesel,2,Honda,Manual,Gray,Partial,1,Yes,2297.31
2007,17.57,2000,Petrol,5,Nissan,Manual,Black,Full,0,Yes,5870.03
1997,19.43,800,Electric,3,Ford,Automatic,Silver,,1,Yes,5553.0
2000,14.47,2500,Petrol,3,Tesla,Manual,White,,2,Yes,4125.06
2015,18.62,1200,Diesel,2,Hyundai,Manual,Black,Partial,0,Yes,7472.53
2020,17.6,1000,Petrol,4,Nissan,Manual,Gray,,0,Yes,7187.15
2022,20.08,800,Diesel,5,Chevrolet,Manual,Gray,,1,Yes,3338.86
2020,17.1,5000,Petrol,2,Volkswagen,Manual,Silver,Full,0,Yes,12898.23
2010,20.52,2500,Electric,2,Volkswagen,Manual,Black,Full,0,Yes,12689.55
2017,18.47,2000,Diesel,3,Chevrolet,Automatic,Silver,Full,0,Yes,7412.2
1997,26.58,800,Petrol,1,Ford,Manual,Blue,Partial,2,Yes,5840.15
1999,19.7,5000,Petrol,1,Tesla,Manual,White,Full,0,No,10585.79
2012,16.6,2500,Petrol,3,Volkswagen,Manual,Gray,Full,3,Yes,6559.56
1998,10.52,3000,Petrol,1,Hyundai,Manual,Gray,Full,1,Yes,5823.76
2013,17.96,1800,Petrol,2,Toyota,Automatic,White,Full,1,Yes,6599.46
2021,16.41,1500,Diesel,2,Volkswagen,Automatic,Silver,,0,No,9529.44
2011,22.79,4000,Electric,2,Tesla,Automatic,Gray,Partial,0,Yes,13312.85
2006,15.37,1500,Diesel,3,Toyota,Automatic,Silver,Partial,1,Yes,4327.01
1995,18.3,3000,Diesel,4,Ford,Manual,Blue,,0,Yes,4624.84
2001,24.8,5000,Diesel,2,Nissan,Manual,Silver,Full,0,Yes,10555.61
2022,14.15,1200,Petrol,2,Tesla,Manual,Gray,Full,2,Yes,8894.87
2018,16.86,1800,Petrol,3,Nissan,Automatic,Black,Partial,1,Yes,6659.21
2015,19.15,4000,Diesel,1,BMW,Manual,White,,2,Yes,10108.77
2004,10.29,1200,Petrol,2,Toyota,Manual,Silver,Full,0,No,1446.44
2023,21.78,3000,Diesel,2,Ford,Manual,Red,Partial,0,Yes,11462.67
1998,24.0,2000,Petrol,2,Toyota,Automatic,White,Full,0,Yes,8114.07
2023,25.78,1200,Diesel,5,Kia,Automatic,Gray,Partial,0,Yes,8344.99
1999,17.13,1500,Petrol,5,Toyota,Automatic,Red,Partial,1,Yes,3623.15
2016,17.06,1800,Petrol,3,Tesla,Automatic,Black,Partial,1,Yes,7056.08
2005,21.87,1200,Petrol,3,Toyota,Automatic,Red,Full,0,No,4655.68
2015,27.94,1500,Diesel,5,Tesla,Manual,Blue,,1,Yes,8464.1
2001,16.44,3000,Diesel,3,Honda,Manual,Red,Full,1,Yes,6533.41
2003,11.58,4000,Electric,5,Tesla,Automatic,White,,1,Yes,10125.89
2022,15.29,5000,Diesel,1,Honda,Manual,White,,0,Yes,14975.53
2017,26.56,2500,Petrol,5,Chevrolet,Automatic,White,Full,0,Yes,7417.71
2004,16.83,800,Diesel,3,Honda,Manual,Red,Full,1,Yes,3636.95
2017,24.83,3000,Diesel,3,Toyota,Manual,Silver,Full,1,No,10828.11
2002,16.07,1200,Petrol,3,BMW,Automatic,Red,Full,1,No,4485.33
2005,16.64,2000,Petrol,1,BMW,Automatic,Black,,0,Yes,7447.41
2007,17.89,1800,Diesel,1,Volkswagen,Manual,Black,Full,1,Yes,7542.87
2009,18.79,1800,Diesel,2,Tesla,Manual,Blue,Full,2,No,5994.19
2021,18.05,1000,Diesel,4,Kia,Automatic,Gray,Full,1,Yes,7100.61
2006,18.36,5000,Petrol,4,Chevrolet,Automatic,Gray,Full,0,No,7918.73
2023,25.08,2500,Petrol,2,Hyundai,Manual,Black,Partial,1,Yes,11742.42
1998,17.01,2000,Diesel,5,Ford,Automatic,White,Partial,1,No,4084.48
2015,9.43,2000,Diesel,3,Chevrolet,Automatic,Silver,Partial,0,Yes,6246.8
2005,14.82,800,Diesel,4,Honda,Manual,Silver,Full,0,Yes,4021.44
2005,17.47,4000,Diesel,2,Kia,Automatic,Black,Full,2,Yes,8372.52
2003,31.19,1500,Petrol,5,Toyota,Automatic,Gray,Full,1,Yes,5627.02
2022,15.66,1200,Electric,2,BMW,Manual,Blue,,0,No,7767.67
1997,22.0,4000,Diesel,4,BMW,Manual,Gray,Partial,0,No,9035.31
2000,21.68,2500,Diesel,5,Tesla,Manual,Black,Full,0,Yes,5095.04
2022,25.04,5000,Petrol,2,BMW,Manual,Gray,Partial,0,No,15632.09
2014,16.01,2500,Electric,5,Volkswagen,Automatic,White,Full,1,Yes,10364.64
2022,15.78,3000,Diesel,1,Toyota,Manual,Silver,Full,0,Yes,11171.51
2001,19.65,3000,Petrol,2,Tesla,Manual,Gray,Full,0,Yes,6996.33
2014,17.39,1500,Electric,5,Volkswagen,Manual,Blue,Full,3,Yes,8179.71
2023,22.27,1800,Petrol,4,Ford,Manual,Gray,Full,0,Yes,9518.82
2007,16.48,2500,Diesel,1,Chevrolet,Manual,Silver,,0,Yes,6710.88
2001,22.26,800,Petrol,3,Nissan,Manual,Gray,Partial,0,Yes,5069.33
2019,21.85,800,Diesel,3,Hyundai,Manual,Blue,Full,0,Yes,6209.54
2011,17.38,800,Petrol,2,Honda,Manual,Gray,Full,0,No,5827.86
2000,12.39,3000,Petrol,4,Nissan,Manual,White,Full,0,Yes,6797.6
2001,13.6,800,Petrol,3,Volkswagen,Automatic,Blue,Partial,0,Yes,2864.36
2007,26.57,1800,Petrol,1,Volkswagen,Manual,Black,Full,1,Yes,6400.54
2012,21.09,4000,Petrol,4,Hyundai,Automatic,Gray,Full,2,Yes,8704.94
2016,18.6,1200,Petrol,5,Volkswagen,Manual,Red,Full,2,Yes,5817.05
2007,7.21,2000,Petrol,1,Ford,Automatic,Red,,0,Yes,5861.69
2000,21.12,3000,Diesel,3,Tesla,Manual,Gray,Partial,0,Yes,6105.28
2011,21.39,3000,Diesel,3,Volkswagen,Manual,Gray,Full,0,Yes,7605.37
2022,19.25,3000,Petrol,4,BMW,Manual,Black,Full,0,Yes,10100.01
1999,20.7,2000,Petrol,5,Nissan,Manual,Gray,Full,1,Yes,3316.14
2022,18.26,4000,Diesel,4,Toyota,Automatic,Gray,Partial,0,Yes,13301.6
2007,19.09,1000,Diesel,5,Volkswagen,Manual,Black,Full,0,Yes,3755.2
1996,14.88,1200,Petrol,4,Toyota,Manual,Red,Full,0,Yes,1000.0
2018,20.09,800,Diesel,4,Tesla,Automatic,Gray,Full,1,Yes,6469.21
2022,23.57,800,Diesel,1,Chevrolet,Automatic,Red,Full,0,Yes,7922.9
2004,14.46,1500,Petrol,2,Nissan,Manual,Blue,Partial,0,No,4017.65
2003,19.39,2000,Diesel,5,Chevrolet,Manual,Blue,Partial,1,Yes,6133.35
2005,20.42,3000,Diesel,2,Chevrolet,Manual,Gray,,0,Yes,6493.25
2020,16.85,4000,Petrol,1,Ford,Automatic,White,Full,1,Yes,12089.61
1998,14.19,2500,Diesel,4,Toyota,Manual,White,Full,0,No,4597.91
2003,20.38,1200,Electric,3,Tesla,Automatic,Red,Full,1,Yes,7453.28
2021,16.12,800,Petrol,5,Ford,Manual,Red,Full,1,Yes,5342.13
2022,11.99,1000,Petrol,2,Hyundai,Automatic,Blue,Partial,1,Yes,6604.62
2004,18.74,800,Petrol,4,Chevrolet,Manual,White,Full,1,Yes,2399.54
2014,22.23,5000,Petrol,4,Tesla,Manual,Gray,Partial,2,Yes,12182.28
2017,18.18,1500,Petrol,1,Honda,Manual,Black,Full,1,Yes,8919.18
2016,14.33,1200,Petrol,5,Nissan,Manual,White,Partial,1,No,3027.25
2020,23.95,2500,Petrol,5,BMW,Manual,Gray,Partial,0,Yes,9030.97
2020,15.67,1800,Petrol,5,BMW,Manual,Blue,,1,Yes,6962.45
2007,19.62,1800,Diesel,4,Kia,Manual,Red,,0,Yes,6048.83
2022,23.91,2000,Diesel,2,Toyota,Manual,Silver,Full,0,Yes,9580.51
2015,20.08,1000,Petrol,3,Chevrolet,Manual,Red,Full,0,Yes,4578.71
2016,16.69,2000,Diesel,2,Chevrolet,Manual,Gray,Full,0,Yes,5860.0
1999,14.67,3000,Petrol,2,Ford,Automatic,Gray,,0,Yes,6023.19
1996,19.8,4000,Petrol,5,Volkswagen,Manual,Black,Partial,0,Yes,7121.71
2009,11.81,800,Petrol,4,Nissan,Manual,Gray,Full,1,Yes,1654.58
1999,18.67,800,Diesel,3,Tesla,Manual,Black,Full,0,Yes,3011.47
2011,14.35,800,Petrol,4,Nissan,Automatic,Blue,Full,0,Yes,3382.42
2004,13.25,2500,Diesel,1,Ford,Manual,Blue,Partial,1,Yes,8011.77
2012,8.36,3000,Electric,4,Chevrolet,Automatic,Silver,Full,1,Yes,10192.21
2021,12.44,2500,Petrol,3,Ford,Manual,Blue,,0,Yes,7872.14
2001,16.54,1500,Electric,5,Toyota,Automatic,Blue,,1,No,5292.28
2015,18.85,5000,Petrol,1,BMW,Automatic,Silver,Partial,0,Yes,14379.65
2022,17.04,1800,Petrol,3,Nissan,Manual,Silver,Full,1,Yes,7798.09
2002,11.28,3000,Petrol,3,Tesla,Manual,Black,Full,0,Yes,6424.18
2020,15.21,1500,Electric,5,Tesla,Automatic,Blue,,1,Yes,8725.8
2013,23.95,3000,Diesel,4,BMW,Manual,Gray,Partial,0,Yes,10564.03
2001,18.72,2500,Electric,2,Kia,Manual,Silver,Full,0,Yes,8409.16
2022,22.2,3000,Petrol,1,Toyota,Manual,Blue,Full,1,Yes,11152.22
2015,25.12,5000,Petrol,3,Volkswagen,Manual,Silver,Partial,2,Yes,12597.77
2015,21.7,1500,Diesel,2,Chevrolet,Automatic,Red,Partial,3,No,5447.44
2007,19.23,1000,Petrol,3,Tesla,Manual,Red,Full,1,No,3348.39
2017,19.68,1000,Petrol,4,Honda,Manual,Black,Full,2,No,4936.44
2017,10.95,3000,Petrol,5,Kia,Manual,Blue,Full,0,No,8492.47
1996,21.04,1200,Petrol,2,Honda,Manual,Red,Full,1,Yes,3932.58
2019,22.38,1200,Petrol,5,Ford,Manual,Red,,0,Yes,6072.5
2017,24.83,1200,Petrol,4,Chevrolet,Automatic,Blue,,0,Yes,6553.08
1997,21.76,5000,Diesel,1,Volkswagen,Automatic,White,Partial,0,No,8319.81
1998,13.99,3000,Diesel,3,Chevrolet,Manual,Black,,1,No,7058.39
2012,16.94,800,Petrol,2,Nissan,Manual,White,Full,1,Yes,5910.65
1998,22.09,1500,Petrol,2,Kia,Manual,Silver,,1,Yes,5478.68
2016,23.24,2000,Diesel,4,Nissan,Manual,Silver,Partial,0,Yes,8321.32
2006,12.31,2000,Diesel,3,Kia,Manual,Blue,Partial,1,Yes,5046.81
2018,16.29,1200,Diesel,2,Kia,Manual,Red,Partial,1,Yes,6906.61
2021,17.83,2500,Diesel,5,Tesla,Manual,Silver,Partial,0,No,7492.78
2018,23.48,3000,Diesel,1,Chevrolet,Manual,Gray,Partial,0,Yes,11498.79
1999,14.04,2000,Petrol,1,Nissan,Automatic,Black,Full,2,No,4626.75
2002,14.5,1800,Diesel,2,Honda,Manual,White,Partial,1,Yes,5089.96
2010,18.63,800,Diesel,2,Chevrolet,Manual,Red,Full,1,Yes,3018.16
2017,20.88,5000,Diesel,2,BMW,Manual,Silver,Partial,2,Yes,11390.41
1995,16.86,3000,Electric,1,Nissan,Automatic,Red,Partial,1,Yes,10091.19
2004,8.46,800,Diesel,1,Honda,Automatic,Gray,Full,0,Yes,4657.62
2021,19.99,5000,Diesel,4,Tesla,Manual,Gray,Full,0,Yes,13853.11
2000,26.4,800,Diesel,4,Volkswagen,Automatic,Gray,Full,1,Yes,4355.25
2018,18.02,1000,Diesel,2,Ford,Manual,Black,Partial,0,Yes,8081.9
2013,17.29,1000,Diesel,1,Hyundai,Automatic,Red,Partial,1,No,5135.82
2003,21.51,4000,Diesel,4,Hyundai,Automatic,White,Partial,2,No,9110.93
2016,22.64,5000,Diesel,1,Nissan,Manual,Silver,,0,Yes,14147.61
2000,11.16,1500,Electric,5,Kia,Automatic,Red,Partial,0,No,4498.95
2013,14.18,1800,Petrol,3,BMW,Automatic,White,,0,No,5738.55
2017,24.81,2500,Petrol,2,Kia,Manual,Blue,,0,No,8375.59
2007,18.48,2000,Petrol,5,Nissan,Automatic,Gray,Full,0,Yes,4981.61
2016,15.96,1800,Electric,1,Kia,Automatic,Black,Partial,2,Yes,12036.47
2012,12.3,1500,Petrol,5,Hyundai,Automatic,Blue,Partial,3,Yes,3420.39
2017,16.99,3000,Petrol,4,Kia,Automatic,Black,Partial,0,Yes,7750.85
2003,22.54,1800,Petrol,2,Volkswagen,Automatic,Gray,Partial,0,Yes,7270.53
2009,22.16,1500,Electric,1,Toyota,Automatic,Blue,Full,1,No,10956.46
2018,20.05,5000,Diesel,3,Nissan,Manual,White,Partial,0,No,11300.95
2013,17.65,3000,Petrol,5,Volkswagen,Manual,Blue,,0,Yes,6831.92
2013,24.57,1200,Petrol,5,Tesla,Manual,Red,Full,0,No,5252.19
2007,26.15,5000,Petrol,3,Nissan,Manual,Gray,Full,0,Yes,11526.89
2018,21.94,800,Diesel,2,Tesla,Manual,Silver,Full,0,Yes,6155.3
2010,15.73,2500,Petrol,2,Honda,Automatic,Red,Partial,0,Yes,6348.91
1999,15.91,5000,Petrol,4,Volkswagen,Automatic,Gray,Full,0,Yes,9406.96
2011,26.66,4000,Petrol,5,Toyota,Manual,Blue,Full,0,Yes,10279.1
1997,11.26,5000,Petrol,2,Ford,Manual,Gray,Partial,0,Yes,9296.34
2004,15.07,1000,Diesel,3,Tesla,Automatic,White,Full,0,Yes,2701.01
2009,14.43,800,Diesel,1,Chevrolet,Automatic,Silver,Full,1,Yes,4343.05
2020,20.35,5000,Diesel,1,Nissan,Manual,Black,Full,0,Yes,13680.96
2019,22.34,4000,Petrol,2,Kia,Automatic,Blue,Full,1,No,10645.63
1996,22.69,3000,Petrol,1,BMW,Manual,Silver,Partial,1,Yes,5910.72
1998,25.38,1000,Diesel,5,Nissan,Automatic,Red,,0,Yes,3689.33
2019,17.83,1800,Diesel,3,Nissan,Automatic,Black,Full,0,No,6908.15
2017,10.05,4000,Diesel,5,Hyundai,Manual,Red,Full,1,No,9429.73
2020,10.81,1800,Diesel,1,Honda,Manual,White,Full,1,Yes,7402.13
2021,26.53,3000,Petrol,5,Toyota,Automatic,Black,Partial,1,Yes,10401.27
2016,15.29,2500,Petrol,2,BMW,Manual,Gray,Full,0,Yes,9527.84
2011,20.27,2000,Petrol,1,Tesla,Automatic,Red,Full,1,No,7885.69
2020,5.0,2000,Petrol,1,Volkswagen,Manual,Blue,,1,Yes,8468.58
2010,18.0,1800,Diesel,1,Hyundai,Manual,Gray,Partial,1,Yes,7049.31
1999,10.87,800,Petrol,3,Nissan,Automatic,Black,Full,0,No,1000.0
2001,21.33,800,Petrol,1,BMW,Automatic,White,Full,1,Yes,7017.79
2010,10.9,800,Diesel,5,Nissan,Automatic,Gray,,0,Yes,2371.85
2002,25.22,2000,Diesel,5,Chevrolet,Automatic,Red,Full,0,Yes,6787.27
2022,32.47,1800,Electric,5,Toyota,Automatic,Red,Full,0,No,10956.14
2015,20.16,1800,Petrol,2,Chevrolet,Manual,Gray,Partial,0,No,8080.17
2004,26.79,4000,Diesel,1,Hyundai,Automatic,Red,Full,0,No,10928.95
2009,7.41,3000,Petrol,1,BMW,Automatic,Silver,,1,Yes,9518.85
1998,13.91,4000,Petrol,1,Chevrolet,Manual,Gray,Full,1,Yes,8637.7
2006,14.64,1200,Diesel,3,Kia,Manual,Black,Full,1,No,4434.12
2005,14.62,1000,Diesel,4,Tesla,Manual,Black,Partial,0,Yes,3766.65
2021,16.69,3000,Diesel,2,Ford,Automatic,Black,Full,1,Yes,11453.16
2008,13.8,1500,Petrol,2,Chevrolet,Manual,Blue,,1,Yes,6459.71
2015,26.03,2500,Diesel,2,Ford,Manual,Red,Full,0,Yes,10088.29
2016,12.96,3000,Diesel,3,Toyota,Manual,Red,Full,0,Yes,9081.46
2000,18.25,1200,Diesel,4,Honda,Automatic,Silver,Full,0,Yes,4112.42
2007,18.43,1500,Electric,1,Volkswagen,Manual,Gray,Full,0,Yes,9636.05
2004,13.11,1500,Diesel,1,Honda,Automatic,White,Partial,0,Yes,5602.96
2000,20.6,2000,Petrol,5,Volkswagen,Automatic,Red,Full,0,Yes,3206.7
2002,18.17,1500,Petrol,3,Ford,Manual,Blue,Full,2,Yes,3327.22
2011,16.98,2500,Diesel,5,Tesla,Manual,Gray,Partial,1,No,5472.46
2023,20.81,3000,Petrol,5,Ford,Automatic,Silver,Partial,1,Yes,8033.5
2017,11.51,1500,Diesel,2,Tesla,Manual,Blue,Partial,0,Yes,6217.12
2011,25.9,2000,Petrol,1,Ford,Manual,Black,Partial,0,Yes,8869.47
2022,14.19,1200,Diesel,4,Kia,Manual,Blue,,0,Yes,4893.02
2017,18.15,2000,Petrol,2,Tesla,Manual,Gray,Full,0,No,9188.69
2020,20.59,1000,Electric,1,Honda,Automatic,Gray,Full,1,Yes,10384.17
2002,18.05,3000,Diesel,1,Hyundai,Manual,Red,Partial,1,Yes,7948.7
2010,22.55,1200,Petrol,1,Nissan,Automatic,Gray,,0,Yes,7191.96
2007,24.1,1200,Diesel,1,BMW,Manual,White,Partial,0,Yes,5488.03
2010,20.99,2500,Diesel,3,Nissan,Manual,Black,Full,0,Yes,6329.83
1998,22.32,800,Diesel,5,Ford,Manual,Red,Partial,1,No,4421.82
2019,23.62,2500,Electric,4,Honda,Automatic,Black,Partial,0,Yes,10860.05
2020,21.25,1000,Petrol,1,Kia,Manual,Black,Partial,0,Yes,8262.2
1999,22.76,1500,Petrol,4,Nissan,Automatic,White,Partial,0,Yes,6202.01
2022,17.77,1000,Petrol,1,Volkswagen,Manual,Gray,,1,Yes,8692.97
2003,15.12,1000,Electric,4,Volkswagen,Manual,Silver,Full,0,No,6025.17
2020,26.57,5000,Diesel,4,Hyundai,Manual,Blue,Partial,0,Yes,14868.72
2007,9.33,1500,Petrol,4,Hyundai,Manual,Gray,Partial,0,Yes,4523.35
2006,14.9,4000,Petrol,5,Tesla,Automatic,Silver,Partial,1,Yes,7577.97
2007,21.83,2500,Petrol,1,Ford,Automatic,Gray,Full,1,Yes,8139.58
1998,26.2,1000,Petrol,5,Chevrolet,Manual,Silver,Full,1,Yes,2878.53
2010,15.32,5000,Diesel,4,Tesla,Manual,Silver,Partial,1,Yes,12104.17
2004,26.04,1500,Diesel,3,Tesla,Automatic,Black,Full,0,Yes,6198.79
2022,8.13,2500,Petrol,4,Honda,Automatic,Red,Full,0,No,6761.21
1998,13.02,1200,Petrol,5,Hyundai,Manual,Blue,Partial,2,Yes,1000.0
2019,17.51,1200,Petrol,4,Volkswagen,Manual,White,,0,Yes,5347.66
2023,23.87,1500,Electric,2,Nissan,Manual,Black,Partial,0,Yes,11328.4
2012,12.52,1800,Diesel,5,Chevrolet,Manual,Red,Full,1,Yes,4558.63
2015,21.65,4000,Petrol,2,Tesla,Manual,Silver,Full,0,No,9344.11
1998,21.24,2500,Diesel,3,Volkswagen,Manual,White,,0,Yes,4909.06
1997,11.63,4000,Diesel,1,Kia,Automatic,Black,Partial,1,Yes,9114.2
2009,18.38,1200,Petrol,5,Tesla,Manual,White,Partial,0,No,4261.42
2007,25.0,1200,Petrol,4,Kia,Manual,Gray,Full,2,Yes,6331.14
2008,24.38,2500,Petrol,1,Hyundai,Manual,Gray,Full,0,No,8377.09
1999,17.66,4000,Petrol,2,BMW,Manual,Gray,Full,0,Yes,8426.82
2012,17.55,1500,Diesel,5,Ford,Automatic,Silver,Partial,0,Yes,4495.98
2002,19.05,2500,Diesel,4,Honda,Manual,Black,Full,1,Yes,6283.52
2004,17.59,5000,Petrol,1,Ford,Automatic,Silver,Full,0,Yes,11958.04
2013,15.18,800,Petrol,2,Honda,Manual,Red,Full,1,Yes,6013.65
2002,16.2,5000,Petrol,5,Volkswagen,Automatic,Blue,Full,1,Yes,7738.19
2005,27.08,1200,Diesel,5,Volkswagen,Manual,Red,Full,0,Yes,5025.89
2019,20.11,1800,Diesel,2,Hyundai,Manual,Blue,Full,0,Yes,11058.79
2011,10.04,1200,Petrol,2,Toyota,Automatic,Silver,Partial,1,Yes,4416.4
2022,11.31,1000,Diesel,2,Kia,Manual,White,,0,No,6649.22
2018,18.51,3000,Diesel,2,Nissan,Manual,Gray,Partial,0,Yes,9996.66
2018,23.18,3000,Diesel,3,Hyundai,Automatic,Blue,Full,0,Yes,9773.77
2005,26.55,5000,Diesel,2,Kia,Automatic,Blue,Full,0,Yes,11598.03
2022,15.73,1800,Petrol,5,Chevrolet,Automatic,Red,Partial,1,No,6965.14
2000,21.24,1000,Petrol,4,Volkswagen,Manual,Blue,Full,0,Yes,3385.55
2006,24.01,1200,Diesel,2,Toyota,Automatic,Red,Partial,1,Yes,5626.88
2012,16.39,2500,Petrol,4,Toyota,Manual,Blue,Partial,1,No,8005.46
1996,19.53,1000,Diesel,2,Nissan,Automatic,Blue,Partial,0,Yes,3358.04
2019,20.61,1200,Petrol,1,Chevrolet,Manual,Gray,Partial,0,Yes,9957.69
2015,19.21,2000,Diesel,3,Hyundai,Manual,Black,Full,2,Yes,7589.1
2005,17.55,1200,Electric,1,Hyundai,Manual,Blue,Partial,0,No,7741.04
2022,5.0,2000,Diesel,5,Nissan,Manual,Gray,Full,0,Yes,6973.21
2022,18.36,4000,Electric,5,Nissan,Manual,Red,Full,0,No,13318.23
2018,12.28,1500,Petrol,3,Volkswagen,Manual,Silver,Full,0,Yes,6199.44
2002,24.03,800,Diesel,4,Chevrolet,Manual,Blue,Partial,1,No,2981.1
2002,14.93,2000,Diesel,4,Volkswagen,Manual,Red,Full,0,Yes,4323.73
2007,21.7,1200,Diesel,4,Honda,Manual,Blue,Partial,0,Yes,3925.3
2001,11.71,5000,Diesel,3,Chevrolet,Automatic,Red,Partial,0,No,9230.68
2022,16.42,1500,Diesel,4,Tesla,Manual,White,,0,No,6146.92
2018,19.73,2000,Diesel,4,Nissan,Automatic,White,Full,0,No,5441.42
2018,17.68,1000,Diesel,4,Tesla,Automatic,Gray,Partial,1,No,5003.96
2000,22.05,3000,Petrol,4,Honda,Automatic,Black,Full,2,Yes,4710.35
1995,11.58,800,Petrol,4,Nissan,Automatic,Red,,0,No,1000.0
2001,14.75,1000,Petrol,3,Honda,Automatic,Gray,Full,2,No,4459.78
2001,16.72,2500,Diesel,3,Kia,Manual,Black,Partial,1,Yes,4889.1
2008,19.65,4000,Diesel,5,Hyundai,Manual,Blue,Full,1,No,8548.87
2001,10.54,2500,Petrol,4,Kia,Manual,Black,,0,Yes,4380.87
2017,18.91,1800,Petrol,5,Toyota,Manual,Silver,Full,2,Yes,5739.73
2013,15.4,3000,Petrol,1,Hyundai,Manual,Red,Full,1,Yes,8852.97
1996,19.24,4000,Petrol,4,Chevrolet,Manual,Silver,Full,0,Yes,6098.83
2004,16.81,4000,Diesel,2,BMW,Manual,Red,Full,0,Yes,8677.56
1996,29.15,1800,Petrol,5,BMW,Manual,Black,Full,2,Yes,6529.71
2022,6.79,2500,Petrol,1,Tesla,Manual,Silver,,1,Yes,7828.79
2021,25.12,1500,Petrol,3,Ford,Automatic,Black,,0,Yes,7681.85
1997,20.94,2000,Diesel,2,Hyundai,Manual,Gray,,0,No,3102.34
2011,13.86,800,Diesel,2,BMW,Manual,Gray,Full,0,Yes,4727.89
2012,6.1,800,Diesel,3,Honda,Manual,White,,2,No,2779.2
2013,20.93,1800,Diesel,3,Kia,Manual,White,Partial,0,Yes,6876.33
2020,23.27,800,Petrol,1,Honda,Automatic,Black,Full,1,No,6981.33
2013,16.55,1000,Petrol,1,Ford,Automatic,Silver,Partial,1,Yes,6454.72
1998,23.68,1800,Petrol,3,Chevrolet,Manual,Gray,Full,1,Yes,6242.26
2007,6.31,3000,Petrol,2,Honda,Manual,Silver,Partial,0,No,8564.15
2010,16.16,1000,Diesel,5,Chevrolet,Manual,Gray,Full,0,Yes,3182.55
2020,14.31,3000,Electric,3,Hyundai,Manual,White,Full,0,Yes,12844.83
2019,21.38,1200,Electric,3,Volkswagen,Manual,White,Full,1,Yes,10412.89
2019,22.84,800,Diesel,1,Nissan,Automatic,Red,,1,Yes,7673.0
2015,5.98,5000,Petrol,5,Hyundai,Manual,Silver,Full,1,Yes,10046.75
2015,26.73,5000,Petrol,3,Hyundai,Automatic,Black,Partial,0,Yes,13129.68
2012,21.04,1500,Electric,1,Tesla,Manual,Gray,,0,Yes,13113.19
1997,19.83,5000,Electric,3,Tesla,Automatic,Blue,Partial,1,Yes,13482.86
2015,22.16,5000,Petrol,2,BMW,Automatic,Gray,Partial,1,Yes,12586.52
1995,12.85,1000,Petrol,3,Nissan,Manual,Red,,0,Yes,2191.9
2007,24.04,3000,Diesel,5,BMW,Manual,Gray,,0,Yes,8477.88
2016,21.24,1800,Petrol,5,Tesla,Manual,Black,Full,1,No,6413.09
2002,13.02,2000,Diesel,2,Chevrolet,Automatic,Red,Partial,1,Yes,4896.12
2001,26.61,5000,Electric,1,Chevrolet,Automatic,White,Full,0,Yes,15318.11
2001,11.05,1800,Petrol,3,Toyota,Automatic,Silver,Full,0,Yes,4234.47
2008,16.4,1500,Electric,3,Nissan,Manual,Silver,Full,2,Yes,8391.33
1995,12.42,5000,Diesel,1,Kia,Manual,White,Full,0,Yes,8271.16
2017,16.94,4000,Petrol,1,Hyundai,Manual,Black,Full,0,Yes,12801.72
1998,24.57,2500,Diesel,3,Tesla,Automatic,Gray,Partial,1,No,6813.8
2009,23.62,5000,Petrol,4,Honda,Automatic,Red,Full,1,Yes,10490.67
2018,22.6,1200,Diesel,4,Nissan,Manual,Red,,0,Yes,7936.73
2016,18.04,1800,Diesel,3,Toyota,Manual,Blue,Partial,1,No,8778.28
1998,15.11,800,Diesel,5,Honda,Manual,Silver,Partial,1,Yes,2984.55
2012,12.8,1000,Diesel,5,BMW,Manual,Gray,Full,1,Yes,3914.22
2017,24.69,4000,Petrol,5,Honda,Manual,Red,Partial,1,Yes,9412.2
2013,19.79,3000,Diesel,4,Kia,Manual,Red,Partial,0,Yes,7683.78
2013,18.65,2500,Petrol,5,Tesla,Manual,Gray,Partial,0,Yes,5886.67
2002,14.34,1500,Diesel,3,Volkswagen,Manual,Gray,,1,Yes,2086.87
2015,13.82,1800,Diesel,5,Honda,Manual,Gray,Partial,0,No,5297.41
2022,23.79,1200,Diesel,5,Kia,Manual,Black,,0,Yes,7912.37
2023,14.7,3000,Diesel,3,Tesla,Automatic,Gray,Full,1,Yes,10912.47
2013,22.49,2000,Diesel,4,Nissan,Automatic,Black,Full,0,Yes,6228.83
2022,14.1,4000,Petrol,4,Ford,Automatic,Blue,,1,Yes,9608.42
2017,12.39,1000,Electric,2,Volkswagen,Manual,Gray,Full,0,Yes,7823.06
2014,11.72,800,Diesel,4,Hyundai,Automatic,White,Partial,1,Yes,3764.71
1998,23.53,5000,Petrol,3,Ford,Automatic,Gray,Partial,0,Yes,10879.1
2003,16.03,2500,Petrol,3,Ford,Manual,Red,,0,Yes,6130.08
1997,13.27,5000,Petrol,3,Hyundai,Manual,Black,Partial,2,Yes,7401.27
1998,12.96,1800,Diesel,5,Nissan,Manual,Silver,Full,0,Yes,1000.0
2005,18.12,1800,Diesel,2,BMW,Automatic,Silver,,1,Yes,5689.27
2016,5.0,2000,Petrol,5,Toyota,Manual,White,Full,0,Yes,3923.74
2009,11.28,800,Petrol,1,Hyundai,Manual,Blue,Full,0,Yes,6836.24
2019,21.27,1800,Electric,4,Nissan,Manual,White,Partial,0,Yes,11779.19
2007,12.42,3000,Diesel,2,Hyundai,Manual,Red,,1,Yes,5683.91
2008,25.77,1200,Petrol,2,Nissan,Manual,White,Full,0,Yes,7666.25
2017,13.56,1800,Petrol,4,Kia,Manual,Blue,Full,1,Yes,6971.94
2013,18.76,1800,Electric,2,Honda,Manual,White,Full,0,Yes,9821.73
2010,23.12,1000,Diesel,4,Hyundai,Automatic,Gray,Partial,0,No,6066.37
2010,11.22,1800,Petrol,5,Ford,Manual,Blue,Full,0,No,5700.81
2023,17.93,3000,Diesel,2,BMW,Manual,White,Partial,0,No,10473.67
2013,33.07,1000,Petrol,4,Toyota,Automatic,Gray,Full,0,Yes,6671.08
2012,17.45,4000,Diesel,4,Tesla,Automatic,Silver,Full,0,Yes,9734.24
1997,19.74,5000,Electric,4,BMW,Manual,White,Full,0,Yes,12484.76
2011,17.58,1500,Diesel,5,Volkswagen,Manual,Blue,Partial,1,Yes,3718.56
1996,13.12,3000,Petrol,4,BMW,Manual,Red,,1,Yes,4866.68
2014,15.91,1200,Petrol,3,Ford,Automatic,Red,,0,Yes,6186.68
2006,14.78,1200,Diesel,5,Ford,Automatic,Red,Full,2,Yes,3598.19
2005,16.5,1000,Electric,5,Tesla,Manual,White,Partial,1,Yes,5717.92
1997,17.52,1800,Diesel,2,Ford,Automatic,Blue,,1,No,3769.63
2012,27.97,1800,Diesel,3,Nissan,Manual,White,Full,0,Yes,7605.31
1997,19.34,3000,Electric,2,BMW,Automatic,White,Partial,0,Yes,10607.53
2011,19.96,3000,Petrol,1,BMW,Manual,Red,Full,0,Yes,8991.85
2007,23.06,1800,Electric,5,Nissan,Automatic,Gray,Partial,0,Yes,6744.96
2014,25.12,2500,Diesel,4,Nissan,Manual,Blue,Full,0,No,8143.13
1997,5.97,1200,Diesel,3,BMW,Automatic,White,Full,0,Yes,3691.43
2004,17.67,5000,Diesel,3,BMW,Manual,White,Full,1,No,11852.06
1995,30.14,2000,Petrol,1,Nissan,Automatic,Silver,,1,Yes,6383.73
2001,26.86,1500,Petrol,1,Tesla,Manual,Gray,Full,0,Yes,7534.81
2002,17.6,2000,Diesel,5,Ford,Manual,White,Full,0,Yes,4314.29
2013,20.27,1800,Diesel,4,Volkswagen,Automatic,Gray,Partial,0,No,5981.61
2009,10.27,5000,Petrol,1,Hyundai,Manual,Blue,,0,Yes,9601.87
2021,12.4,1800,Petrol,2,Volkswagen,Automatic,White,Full,0,No,8072.86
2014,17.39,800,Diesel,4,Tesla,Manual,Silver,Full,0,Yes,4645.11
2007,26.08,1000,Petrol,2,Nissan,Automatic,Gray,Full,0,Yes,5429.58
1996,14.42,3000,Diesel,5,Volkswagen,Automatic,White,Partial,0,No,4174.01
2020,22.84,2500,Diesel,4,Volkswagen,Manual,Black,Full,0,Yes,8177.62
2012,15.14,1000,Petrol,2,Hyundai,Automatic,Black,Full,0,Yes,4074.31
2013,21.06,1200,Petrol,5,Toyota,Manual,Gray,,0,Yes,5411.61
1997,12.22,1500,Diesel,1,Honda,Manual,Blue,Full,1,Yes,3816.81
1997,9.4,2000,Petrol,1,Toyota,Manual,Red,Partial,1,Yes,3825.36
1997,21.95,1000,Diesel,2,Hyundai,Automatic,Gray,Full,0,No,3865.01
2015,14.42,4000,Diesel,3,Volkswagen,Automatic,Blue,Partial,0,Yes,9235.67
2014,18.22,1500,Petrol,3,Kia,Manual,Red,Full,1,Yes,6113.12
2007,7.31,800,Diesel,4,Nissan,Automatic,Blue,Full,1,No,2977.78
1997,19.87,1500,Diesel,4,Kia,Automatic,White,Partial,0,Yes,4711.94
1995,22.09,4000,Petrol,5,Kia,Automatic,Gray,Partial,2,No,7655.0
2003,21.05,2000,Petrol,5,Ford,Automatic,Blue,Partial,1,Yes,4975.23
2006,22.51,4000,Petrol,3,Ford,Manual,White,,1,No,8904.83
2010,18.99,4000,Diesel,2,Chevrolet,Automatic,White,Full,1,No,9799.57
2022,27.32,5000,Petrol,2,Volkswagen,Manual,Blue,Full,1,No,14951.55
1997,17.91,1500,Diesel,1,Hyundai,Manual,White,Partial,0,Yes,4401.39
2014,16.21,4000,Diesel,5,Honda,Manual,White,,1,Yes,10116.14
2018,13.51,2500,Petrol,4,Hyundai,Manual,Gray,Full,0,Yes,7219.15
1998,22.26,1500,Diesel,5,Chevrolet,Manual,White,,1,Yes,3771.63
1995,5.52,1500,Electric,2,Kia,Automatic,Silver,Partial,1,Yes,4227.6
1998,15.98,1000,Petrol,4,Kia,Manual,Gray,Full,0,Yes,2424.46
2021,24.11,1000,Petrol,4,BMW,Manual,Red,Full,1,Yes,6398.21
2009,22.45,4000,Diesel,3,Tesla,Automatic,Silver,,3,Yes,9480.17
2004,14.56,1200,Petrol,3,Chevrolet,Manual,Blue,Partial,0,Yes,4443.54
2009,22.83,1500,Diesel,5,Honda,Manual,White,Partial,0,Yes,5376.58
2008,12.37,1500,Petrol,2,Ford,Manual,White,Partial,1,No,4802.17
2002,15.08,2500,Electric,3,Tesla,Manual,Silver,,0,Yes,9239.24
2002,22.85,2000,Petrol,3,Toyota,Automatic,Red,Partial,1,No,5195.88
2006,12.68,3000,Diesel,3,Hyundai,Automatic,White,Full,0,Yes,8065.01
2006,14.08,1800,Petrol,3,Kia,Manual,Blue,,0,Yes,6674.33
2022,12.8,1200,Petrol,4,Chevrolet,Manual,Blue,Full,0,No,6320.33
2015,10.23,2500,Petrol,5,Chevrolet,Manual,Silver,,0,Yes,4222.5
2001,21.05,1200,Petrol,5,Ford,Manual,Blue,Full,0,Yes,5238.4
2008,14.95,1800,Diesel,1,Kia,Manual,Red,,0,Yes,6867.65
2023,14.14,800,Electric,5,Honda,Manual,Silver,,0,No,7359.55
2012,16.0,1500,Diesel,5,Honda,Automatic,Blue,,1,Yes,3843.96
1998,15.34,5000,Petrol,4,Toyota,Automatic,Silver,Partial,1,Yes,8995.35
1995,21.11,800,Diesel,4,Volkswagen,Manual,Silver,Partial,2,No,1000.0
2011,9.32,2500,Petrol,2,Chevrolet,Manual,Black,Full,0,Yes,6332.49
2001,20.67,1500,Petrol,4,Chevrolet,Automatic,Red,Full,0,Yes,5056.6
2002,11.44,800,Petrol,3,Toyota,Manual,White,Partial,2,No,1000.0
2010,17.08,4000,Electric,4,Hyundai,Manual,Blue,Full,0,Yes,12508.62
2021,23.62,800,Diesel,5,Honda,Manual,Red,Partial,0,Yes,7337.5
1995,7.32,2000,Petrol,3,Chevrolet,Automatic,Black,Full,0,Yes,2039.13
2017,18.36,1500,Diesel,1,Hyundai,Manual,Silver,Full,0,Yes,7714.3
2007,22.8,2000,Petrol,2,Tesla,Manual,Blue,,1,Yes,7742.82
2019,20.54,2000,Electric,3,Honda,Manual,Blue,Full,0,Yes,11179.2
2022,17.03,5000,Diesel,2,Nissan,Manual,Gray,Full,0,No,12587.68
2020,7.68,2500,Diesel,1,Chevrolet,Manual,Gray,Full,1,No,8419.29
2001,24.47,4000,Petrol,5,BMW,Manual,Black,Partial,2,Yes,8624.75
2021,20.67,800,Diesel,5,Ford,Manual,White,Partial,0,Yes,6451.28
2015,16.0,800,Diesel,4,Volkswagen,Manual,Gray,,0,Yes,5758.99
2000,16.78,2000,Petrol,5,Volkswagen,Manual,Blue,,0,Yes,2619.27
2020,18.96,2500,Petrol,1,Toyota,Manual,Silver,Full,1,Yes,9190.32
2003,15.7,4000,Diesel,1,BMW,Manual,White,Full,1,Yes,9876.22
2002,20.24,5000,Petrol,1,Tesla,Automatic,Red,Full,1,Yes,11100.23
2007,14.12,2500,Diesel,2,Honda,Automatic,Red,Full,0,No,7289.09
2008,17.69,2500,Petrol,5,Ford,Automatic,Blue,,1,Yes,7186.13
2007,18.98,2000,Petrol,2,Ford,Automatic,Blue,Partial,0,Yes,7285.92
2009,15.52,1500,Petrol,1,BMW,Manual,Black,Full,1,Yes,6155.67
2010,10.52,1800,Petrol,4,BMW,Automatic,Black,,1,Yes,4632.65
2010,25.32,2000,Diesel,4,BMW,Automatic,Black,Full,1,No,7492.03
2018,11.47,1200,Petrol,5,Toyota,Automatic,Gray,,1,Yes,3859.09
2003,13.02,1000,Petrol,1,Ford,Manual,Blue,,0,No,3179.54
2003,18.03,4000,Petrol,4,Nissan,Manual,Silver,Partial,1,Yes,7758.07
2017,15.74,800,Petrol,1,Tesla,Automatic,Red,,0,Yes,5227.0
2016,24.5,5000,Diesel,5,Honda,Manual,White,Full,0,Yes,12643.87
2023,24.79,1000,Diesel,4,Hyundai,Automatic,Red,,1,Yes,7934.14
1995,25.49,1500,Petrol,3,Honda,Manual,Black,Full,0,Yes,4518.96
2014,20.54,1000,Petrol,3,Honda,Manual,Silver,Partial,0,No,5967.47
2014,17.17,2500,Petrol,4,Volkswagen,Manual,Silver,Partial,0,No,6935.49
2017,19.25,1500,Petrol,4,Kia,Automatic,White,,0,Yes,6404.54
2009,16.23,5000,Diesel,1,Honda,Manual,Red,Full,1,No,8719.97
2010,17.51,800,Petrol,3,Chevrolet,Manual,Black,Partial,0,Yes,3134.46
2015,25.69,1800,Diesel,1,Toyota,Automatic,White,Full,0,Yes,7888.47
2011,14.17,3000,Diesel,4,BMW,Manual,Black,Full,0,Yes,9311.98
2019,15.58,2500,Electric,1,Nissan,Manual,Silver,Full,0,Yes,11875.37
2006,20.07,2500,Petrol,1,Volkswagen,Manual,Red,Full,0,Yes,8095.54
2013,12.17,5000,Diesel,5,Chevrolet,Manual,Blue,Partial,0,Yes,12189.58
2000,21.61,4000,Petrol,3,Hyundai,Automatic,Red,Full,0,Yes,7623.9
2010,16.99,2000,Petrol,3,Chevrolet,Automatic,Silver,Partial,1,Yes,6321.26
2015,20.1,2000,Diesel,3,BMW,Manual,Silver,Full,0,Yes,6098.41
2001,8.17,4000,Petrol,4,Chevrolet,Manual,White,,0,No,8587.64
1997,10.62,800,Diesel,5,Nissan,Manual,Gray,,0,Yes,1000.0
2013,21.07,1800,Electric,3,Volkswagen,Manual,Blue,Partial,0,Yes,10512.2
1997,14.28,1800,Diesel,5,Hyundai,Manual,Red,Full,1,Yes,3031.19
2009,14.06,1800,Electric,2,BMW,Automatic,Red,Partial,1,Yes,10471.69
2023,23.68,800,Petrol,5,BMW,Automatic,Blue,Full,0,Yes,6531.53
2006,11.49,2500,Electric,5,Chevrolet,Manual,Red,Full,0,Yes,8405.65
1998,8.45,5000,Petrol,1,Volkswagen,Automatic,Gray,Partial,1,Yes,7197.2
2012,16.07,1200,Diesel,1,Kia,Automatic,Black,Partial,0,Yes,4832.14
1999,24.08,2000,Petrol,5,Honda,Manual,Blue,Partial,0,Yes,4452.56
1998,10.83,5000,Petrol,3,Ford,Automatic,Black,Full,0,Yes,8225.3
2002,10.4,1500,Petrol,3,Hyundai,Manual,Red,,2,Yes,2047.2
1998,13.12,5000,Diesel,1,Ford,Manual,Black,Partial,0,Yes,9906.5
2003,25.52,2500,Diesel,5,BMW,Automatic,Gray,,0,Yes,7152.81
2006,15.43,5000,Petrol,4,Ford,Automatic,Red,Partial,0,No,11682.74
2018,20.25,2500,Diesel,4,Chevrolet,Manual,Blue,Partial,1,Yes,7340.05
2003,6.31,3000,Diesel,4,Nissan,Automatic,Red,Partial,0,Yes,4784.78
1999,15.28,1000,Petrol,5,Toyota,Automatic,Gray,Full,0,Yes,2528.46
2015,11.95,4000,Electric,4,Kia,Manual,Red,,0,No,14117.03
2011,20.69,4000,Diesel,3,Chevrolet,Automatic,Silver,Full,1,Yes,9359.66
2006,19.83,1500,Diesel,1,Chevrolet,Manual,Black,,0,No,5365.9
2019,22.03,5000,Petrol,1,Nissan,Automatic,Red,,1,Yes,13738.87
2020,16.09,1800,Petrol,2,Volkswagen,Automatic,Gray,Full,0,No,7214.65
2022,13.01,5000,Electric,2,Volkswagen,Automatic,Silver,Full,1,Yes,16765.07
2023,6.78,1500,Petrol,2,Kia,Manual,Red,Partial,1,Yes,9143.69
2012,22.28,1800,Diesel,5,Toyota,Manual,Gray,,1,No,6644.58
2020,22.07,5000,Petrol,2,Tesla,Manual,Blue,Partial,1,Yes,12762.35
2008,18.49,1000,Diesel,2,Volkswagen,Automatic,Blue,Full,2,Yes,5308.57
2017,17.7,1000,Petrol,3,Toyota,Manual,Gray,Full,2,No,3982.2
2008,18.17,2000,Diesel,2,Kia,Automatic,Silver,Partial,0,No,7036.11
1996,11.65,2500,Diesel,4,Volkswagen,Manual,Silver,Full,0,Yes,2440.06
2006,14.06,4000,Petrol,3,Volkswagen,Manual,Red,Full,0,Yes,7131.5
2020,19.67,1800,Petrol,3,Honda,Automatic,Blue,Full,1,Yes,7231.2
2003,20.51,2000,Diesel,1,Chevrolet,Manual,Black,Partial,0,Yes,7213.4
2004,18.61,1200,Diesel,2,Kia,Automatic,Silver,Full,0,Yes,5489.95
2012,16.35,1800,Diesel,4,BMW,Manual,White,Full,2,Yes,5442.05
2013,9.17,1800,Petrol,1,Toyota,Automatic,White,Full,2,Yes,6283.2
2006,21.59,1800,Diesel,4,Nissan,Automatic,Black,Full,0,Yes,6695.24
2020,20.76,1800,Electric,1,Hyundai,Automatic,Red,Full,0,No,11182.34
1997,14.14,1000,Petrol,1,Honda,Automatic,Gray,Full,1,No,4175.7
2015,23.36,4000,Petrol,2,Chevrolet,Automatic,Silver,Full,0,Yes,12523.36
2011,13.1,1800,Petrol,2,Ford,Manual,White,Full,0,Yes,7449.72
2002,29.61,2000,Diesel,4,Ford,Automatic,Gray,Full,1,Yes,6221.95
2017,19.14,1200,Electric,5,Volkswagen,Automatic,Red,Full,0,Yes,7783.0
2003,15.51,5000,Diesel,3,Kia,Automatic,Silver,Full,1,Yes,8993.78
1999,18.71,1800,Diesel,1,Toyota,Automatic,Gray,Full,1,Yes,5376.03
2003,14.26,1500,Petrol,1,Honda,Automatic,Silver,,1,Yes,4619.72
2009,28.27,1200,Petrol,2,Hyundai,Manual,White,Full,2,Yes,8538.79
2016,22.02,800,Diesel,1,Kia,Manual,Gray,,0,Yes,7150.96
2016,12.97,1500,Diesel,4,Volkswagen,Automatic,Gray,Full,1,No,7562.05
2005,14.76,1000,Diesel,5,Ford,Automatic,White,Full,1,Yes,3467.94
2022,23.46,1800,Electric,2,Honda,Manual,Black,Full,1,Yes,12813.67
1999,17.2,800,Petrol,3,Toyota,Automatic,Gray,Partial,1,Yes,2496.62
2002,19.84,800,Diesel,4,Toyota,Automatic,Silver,,0,No,3376.86
2016,18.73,800,Diesel,4,Nissan,Automatic,White,Partial,1,Yes,5200.47
1997,17.28,3000,Diesel,4,Honda,Manual,Blue,Full,1,No,5016.69
2001,7.63,1800,Diesel,2,Tesla,Automatic,Silver,Partial,1,No,3689.27
1996,18.19,1500,Diesel,1,Hyundai,Manual,Black,Partial,0,Yes,3547.21
2008,20.49,5000,Petrol,3,Hyundai,Manual,Red,Full,1,Yes,10334.75
1995,14.85,4000,Diesel,2,Nissan,Automatic,White,,1,Yes,6729.33
2006,14.35,1800,Diesel,5,Volkswagen,Automatic,Gray,Full,0,Yes,4671.3
2005,18.32,800,Diesel,1,Tesla,Manual,Black,Full,0,Yes,2701.44
2012,11.5,1000,Electric,3,Ford,Automatic,Gray,Partial,1,Yes,7799.36
2022,19.68,4000,Petrol,4,Hyundai,Automatic,White,Full,0,Yes,10939.12
2020,15.34,1500,Diesel,5,BMW,Automatic,Black,,1,Yes,8609.96
2007,24.47,4000,Diesel,2,Kia,Manual,Blue,Full,0,No,8601.84
2013,18.83,5000,Diesel,3,BMW,Manual,Black,Full,0,Yes,10364.6
2002,15.26,2000,Petrol,1,Nissan,Manual,Blue,Partial,1,Yes,5863.18
2011,11.55,1500,Petrol,5,BMW,Manual,White,Partial,2,Yes,4848.87
2004,21.94,1800,Petrol,1,Nissan,Manual,Gray,Full,0,Yes,6480.68
2017,28.46,2500,Electric,1,Ford,Automatic,Black,Partial,1,Yes,11637.31
2020,20.96,1500,Petrol,4,Honda,Manual,Gray,Full,0,Yes,7195.43
2002,17.51,1200,Diesel,1,Nissan,Manual,Gray,Full,1,Yes,4230.85
2018,18.47,2000,Diesel,2,BMW,Automatic,White,,2,Yes,9367.63
2012,17.25,800,Diesel,2,Toyota,Automatic,Blue,Partial,1,No,5861.67
1998,6.33,1000,Diesel,5,Tesla,Manual,Red,Partial,0,Yes,1000.0
2002,16.52,1200,Petrol,4,BMW,Manual,Red,Full,0,Yes,3035.49
2009,32.42,800,Petrol,1,Honda,Manual,Red,Full,0,Yes,7694.58
2010,12.96,2000,Petrol,2,Toyota,Manual,Black,Full,1,Yes,6211.22
2000,17.45,1500,Electric,5,Ford,Automatic,Silver,Full,0,Yes,6876.04
2022,20.78,1500,Petrol,5,Toyota,Automatic,Silver,,0,Yes,7936.95
2017,13.11,800,Petrol,4,Ford,Manual,Gray,Partial,0,Yes,4101.34
2012,15.39,800,Diesel,1,Nissan,Automatic,Blue,Full,0,Yes,6906.63
2015,27.78,3000,Diesel,4,Tesla,Manual,Red,,0,Yes,7896.32
2001,14.99,5000,Diesel,2,Tesla,Manual,Silver,Partial,1,No,8730.52
2000,17.29,1800,Electric,3,Ford,Automatic,Blue,Full,1,Yes,8957.62
2020,25.13,5000,Petrol,5,Toyota,Manual,White,Full,0,Yes,12142.39
2018,11.3,2500,Petrol,5,Hyundai,Automatic,Red,Partial,0,Yes,7574.22
2006,19.09,3000,Petrol,4,Chevrolet,Manual,Red,Partial,1,Yes,7714.52
1999,20.39,3000,Diesel,2,Nissan,Automatic,Gray,,1,Yes,7180.92
2002,13.17,3000,Diesel,4,Ford,Manual,Black,Partial,1,Yes,6829.18
2005,21.41,2000,Electric,1,Honda,Automatic,Silver,Full,0,Yes,8400.14
2010,27.08,800,Diesel,5,Nissan,Manual,Black,Full,1,Yes,5609.94
2018,10.35,4000,Petrol,1,Toyota,Automatic,Black,Full,0,No,11620.01
2011,14.36,2500,Diesel,3,Toyota,Manual,Gray,Partial,0,Yes,5976.47
2005,22.23,2000,Electric,3,BMW,Manual,Silver,,1,Yes,9701.78
2013,14.37,1200,Diesel,2,Nissan,Automatic,Silver,Full,0,Yes,7169.67
2022,22.67,2500,Diesel,4,Nissan,Automatic,Gray,Full,0,No,9915.31
2004,18.35,1200,Petrol,5,BMW,Manual,White,,0,Yes,3224.05
2022,22.92,3000,Petrol,3,Kia,Automatic,Red,Partial,2,No,10614.02
2011,15.44,1800,Petrol,4,Toyota,Manual,Red,Full,1,Yes,4780.07
2023,24.4,4000,Petrol,5,Toyota,Manual,Red,Partial,1,Yes,11422.99
2011,20.99,1800,Petrol,3,Volkswagen,Automatic,Gray,,0,Yes,6946.14
1997,18.49,3000,Diesel,5,Hyundai,Automatic,Silver,Full,1,Yes,4476.18
1999,17.63,1200,Diesel,4,Ford,Manual,Silver,Full,0,Yes,2721.26
2007,21.5,2500,Electric,5,Tesla,Automatic,Blue,,1,No,8887.17
2018,21.85,800,Diesel,1,Kia,Manual,Gray,Full,0,No,5895.85
1998,20.76,800,Petrol,4,Chevrolet,Automatic,Silver,,0,Yes,3223.64
2011,15.11,1800,Diesel,3,Tesla,Manual,Silver,Full,2,Yes,6688.37
2020,15.72,1500,Petrol,2,Hyundai,Manual,White,Partial,2,No,9236.59
2001,21.22,1000,Electric,5,Tesla,Automatic,Silver,Partial,1,No,5610.64
1995,14.57,2500,Petrol,1,Chevrolet,Automatic,Red,,2,Yes,5991.4
2015,13.45,1000,Diesel,1,Hyundai,Manual,White,Partial,0,Yes,6399.24
2023,19.67,3000,Diesel,4,Toyota,Manual,Black,Partial,0,Yes,11517.92
2008,19.38,1500,Electric,3,Kia,Manual,Silver,Partial,0,Yes,8491.79
2006,25.09,2000,Petrol,2,Toyota,Automatic,Silver,Full,0,Yes,8779.84
2011,20.13,5000,Diesel,1,Nissan,Manual,Red,Full,0,Yes,10860.67
1995,20.12,2000,Diesel,5,Kia,Automatic,Black,Full,1,Yes,3766.8
2014,22.33,5000,Petrol,4,Tesla,Manual,Blue,Full,0,Yes,11072.74
2007,21.88,1500,Diesel,3,Tesla,Automatic,Black,Full,2,Yes,5948.36
2008,11.27,1800,Diesel,4,BMW,Manual,Black,Partial,1,Yes,5288.01
2003,19.69,2500,Diesel,3,Honda,Manual,Red,Partial,1,No,6622.03
2021,15.1,800,Electric,3,Volkswagen,Manual,White,Full,1,Yes,9702.16
2013,15.43,2000,Petrol,5,BMW,Automatic,Red,Full,0,Yes,6069.01
2012,18.44,1500,Diesel,4,Nissan,Manual,Silver,Full,1,Yes,6690.74
2022,17.14,800,Diesel,4,BMW,Manual,White,,1,Yes,5425.72
2017,21.02,4000,Diesel,2,Hyundai,Automatic,Silver,Partial,0,No,11034.3
1998,21.18,3000,Petrol,4,Volkswagen,Automatic,Gray,,0,Yes,5496.1
2002,26.81,1500,Diesel,5,Nissan,Manual,Silver,Full,0,Yes,3871.68
2011,19.63,1000,Petrol,2,Nissan,Manual,Blue,Full,1,Yes,5014.28
1997,20.12,5000,Diesel,4,BMW,Automatic,Blue,Partial,0,Yes,8612.88
1998,16.85,2000,Petrol,5,Tesla,Manual,Gray,Full,1,Yes,3415.88
2020,13.3,1500,Petrol,3,Tesla,Automatic,Black,Full,1,No,7248.73
2018,19.42,1200,Petrol,2,Chevrolet,Manual,Red,Full,0,Yes,6031.74
2014,17.94,1000,Diesel,5,Hyundai,Automatic,White,Partial,0,Yes,4362.91
2016,22.45,4000,Diesel,5,Ford,Manual,Gray,Full,1,No,9801.85
1998,13.38,1200,Petrol,3,Honda,Automatic,Gray,Full,0,Yes,2882.78
2022,15.93,800,Petrol,4,Chevrolet,Automatic,Gray,Full,0,Yes,4323.85
2000,27.4,2000,Petrol,5,Hyundai,Automatic,Red,,0,Yes,3188.1
2019,16.05,1800,Petrol,4,Nissan,Manual,Red,Partial,0,No,5689.92
2010,24.98,1200,Diesel,1,Ford,Manual,Black,Full,1,Yes,5508.35
1995,15.41,5000,Diesel,1,Nissan,Manual,Red,,0,Yes,10278.13
2002,12.42,2500,Petrol,5,Kia,Manual,Gray,Full,1,Yes,4584.96
2020,16.72,2500,Diesel,4,Nissan,Automatic,White,Full,2,No,7165.44
1995,17.24,2000,Petrol,2,Toyota,Automatic,Red,Full,1,Yes,5333.46
2017,22.73,1200,Petrol,1,Honda,Manual,Red,,2,Yes,7396.53
1995,13.49,1000,Petrol,4,Toyota,Automatic,Gray,Full,0,Yes,4052.04
2015,14.6,1500,Petrol,2,BMW,Automatic,Black,,2,Yes,6800.66
2000,20.84,2000,Petrol,5,Toyota,Manual,Black,Full,0,Yes,4072.62
2011,18.61,2000,Petrol,2,Nissan,Manual,Black,Full,0,Yes,5533.84
2008,19.09,3000,Diesel,1,Tesla,Automatic,White,Full,0,No,9684.58
2005,18.88,5000,Diesel,3,Hyundai,Manual,Black,Partial,1,No,10167.43
2011,30.26,2500,Petrol,3,BMW,Manual,White,,0,Yes,8336.28
2002,19.01,2500,Diesel,1,BMW,Manual,Black,Full,0,Yes,6860.03
2000,9.42,800,Diesel,3,Chevrolet,Manual,Red,Partial,0,Yes,3119.32
2015,14.71,3000,Diesel,4,Nissan,Manual,White,Full,1,Yes,6813.75
1999,14.4,800,Petrol,3,Ford,Manual,Blue,,0,Yes,1094.56
1999,12.39,5000,Petrol,4,Honda,Manual,White,Full,0,Yes,11127.27
2008,19.92,1800,Diesel,2,Honda,Manual,Blue,Full,1,Yes,6594.76
2015,5.0,4000,Diesel,4,Kia,Manual,Black,Partial,0,Yes,8816.01
2021,20.71,1500,Petrol,4,Kia,Manual,Black,Full,1,No,6281.37
2013,19.45,4000,Petrol,2,BMW,Manual,White,Partial,0,Yes,11120.4
2023,14.07,5000,Diesel,2,BMW,Automatic,Silver,Full,0,Yes,13346.84
2013,19.14,800,Petrol,5,BMW,Manual,Silver,Full,1,Yes,3474.76
2014,17.89,1800,Diesel,3,Hyundai,Manual,Blue,Partial,0,No,5862.57
2018,20.75,2500,Diesel,5,Honda,Automatic,Silver,Full,2,Yes,7063.07
2002,23.34,5000,Petrol,5,Tesla,Manual,Red,,1,Yes,9398.81
2007,15.38,800,Petrol,4,Volkswagen,Automatic,Black,Full,0,Yes,4728.89
1998,7.13,1500,Petrol,3,Chevrolet,Manual,White,Partial,1,Yes,2852.95
2015,11.65,1500,Diesel,1,Honda,Automatic,Gray,Full,1,Yes,7115.79
2009,26.66,1500,Diesel,3,Hyundai,Automatic,Black,Partial,0,No,6285.29
2021,20.66,1800,Diesel,3,Ford,Automatic,White,Full,1,Yes,8529.94
2010,11.34,3000,Diesel,4,Honda,Automatic,Black,Partial,1,Yes,6456.36
2010,5.38,1500,Petrol,4,Hyundai,Manual,Black,,1,Yes,4111.37
2015,11.07,1000,Petrol,3,Chevrolet,Manual,Blue,,2,Yes,5950.82
2007,16.46,5000,Diesel,1,Nissan,Automatic,White,Full,0,Yes,12187.94
2000,28.68,4000,Diesel,1,Ford,Automatic,Red,,1,Yes,8862.01
2004,21.64,1000,Diesel,1,Nissan,Automatic,Red,,1,No,4972.73
2007,13.24,5000,Electric,3,Chevrolet,Automatic,Red,Full,0,Yes,12386.37
2017,15.52,4000,Diesel,1,BMW,Manual,White,Partial,1,Yes,11322.72
2011,25.95,1200,Electric,3,Ford,Automatic,Red,,0,Yes,9585.29
2012,19.96,3000,Petrol,4,Volkswagen,Automatic,Black,Full,0,Yes,8100.38
2014,18.12,4000,Diesel,3,Volkswagen,Manual,Blue,,0,Yes,11201.87
2023,22.51,1800,Diesel,4,Chevrolet,Manual,White,Full,0,Yes,8195.85
1996,19.79,1000,Diesel,4,Volkswagen,Automatic,Silver,,0,No,2256.13
1998,23.42,1000,Electric,4,BMW,Manual,White,Full,0,No,5802.39
2018,25.44,1800,Petrol,2,BMW,Manual,Gray,Full,1,Yes,9200.62
2012,23.3,3000,Petrol,5,Kia,Manual,Red,Partial,0,Yes,7426.07
1997,18.86,800,Diesel,2,Hyundai,Automatic,Silver,Full,0,Yes,2435.42
2023,24.57,4000,Petrol,3,Honda,Automatic,Silver,Full,0,No,13641.65
2014,17.48,800,Diesel,2,Honda,Manual,Black,Full,0,Yes,5460.22
2003,17.7,1500,Diesel,4,Ford,Manual,Red,Full,0,Yes,3743.67
2004,19.89,800,Petrol,3,Honda,Automatic,White,Full,2,Yes,3752.51
2021,14.64,1800,Electric,4,Nissan,Automatic,Red,Full,0,No,9120.75
2021,14.37,5000,Diesel,2,Kia,Automatic,Black,Full,0,No,13745.73
2010,19.17,5000,Petrol,5,Volkswagen,Automatic,Blue,Full,1,No,8732.37
2023,19.12,1200,Electric,1,Nissan,Automatic,Blue,Full,0,Yes,12679.5
2023,15.89,2000,Petrol,4,BMW,Manual,Blue,,1,No,9246.79
2013,22.84,2500,Petrol,2,Nissan,Manual,Black,,3,Yes,8159.09
2021,18.75,1200,Petrol,5,Ford,Manual,Silver,Partial,1,Yes,7180.52
2014,19.16,2000,Diesel,4,Toyota,Manual,Black,Full,0,Yes,8153.73
2014,12.26,2000,Diesel,3,Toyota,Automatic,Red,Partial,0,Yes,6243.89
1996,22.79,1500,Diesel,1,Volkswagen,Automatic,Red,Full,0,Yes,4558.78
2014,26.48,800,Petrol,1,Nissan,Manual,Red,,0,Yes,6590.79
1997,15.7,1800,Diesel,5,Hyundai,Manual,White,Full,1,Yes,5447.9
2017,12.91,1500,Petrol,5,BMW,Automatic,Silver,,0,Yes,6676.69
2007,14.21,1800,Petrol,1,Kia,Manual,Gray,Full,0,No,8681.58
2011,15.22,2500,Diesel,3,Honda,Automatic,Black,,0,Yes,5948.86
2008,9.94,1200,Petrol,4,Ford,Automatic,White,Full,0,Yes,4365.19
2005,23.81,2000,Petrol,4,Honda,Automatic,White,Partial,1,No,6066.97
2007,12.63,2000,Diesel,3,Toyota,Manual,Blue,Full,0,No,6437.68
2007,19.21,5000,Electric,3,Tesla,Manual,Silver,Full,3,Yes,13886.11
2018,13.98,1000,Petrol,3,Tesla,Automatic,Gray,,0,Yes,4916.24
2015,19.82,1200,Diesel,2,BMW,Automatic,Black,,0,Yes,7211.81
2004,21.95,1000,Petrol,1,Chevrolet,Automatic,Blue,Full,0,Yes,6332.39
2014,10.1,2500,Diesel,2,Hyundai,Manual,Silver,Full,0,Yes,6384.32
2013,18.37,1000,Diesel,3,Chevrolet,Automatic,Black,Partial,0,No,5030.79
1999,31.48,2500,Petrol,2,Honda,Automatic,Blue,Full,0,No,8302.52
1998,16.63,1200,Electric,5,Volkswagen,Manual,Gray,Full,1,No,6795.7
2020,20.78,1800,Petrol,3,Tesla,Manual,Red,Full,0,Yes,6489.62
2004,18.6,1000,Petrol,3,Honda,Manual,White,Full,1,Yes,4163.78
2012,25.58,5000,Petrol,1,Volkswagen,Manual,Blue,Partial,1,Yes,13237.49
2023,22.86,1200,Diesel,2,Chevrolet,Manual,Black,,0,Yes,7672.69
2016,23.31,5000,Diesel,5,Nissan,Automatic,Silver,,0,No,10052.79
2012,18.28,1000,Diesel,3,Toyota,Manual,Blue,Full,1,Yes,5568.17
2011,10.17,3000,Petrol,2,Chevrolet,Manual,Red,Full,0,Yes,7838.21
2015,18.47,1800,Diesel,4,Ford,Manual,Black,Full,1,Yes,6584.01
2016,23.56,1500,Diesel,1,Toyota,Automatic,White,Full,0,No,8838.48
2020,15.78,1200,Petrol,3,Honda,Manual,Blue,Full,2,Yes,8173.03
2003,20.62,5000,Petrol,4,Honda,Automatic,Red,Partial,0,Yes,9917.55
2009,14.3,1500,Electric,2,Ford,Manual,Gray,Partial,0,Yes,8570.38
2009,6.85,3000,Petrol,5,Tesla,Manual,Gray,Full,0,Yes,5114.11
2004,17.95,2000,Petrol,2,Volkswagen,Manual,Blue,,0,Yes,5617.77
2022,13.98,2000,Petrol,2,Kia,Automatic,Silver,Partial,0,No,8677.27
2021,22.29,1000,Petrol,1,Nissan,Manual,Blue,,0,Yes,8894.32
2012,12.94,2500,Diesel,3,BMW,Manual,White,Full,1,Yes,5137.11
2005,18.05,800,Diesel,3,BMW,Manual,Red,Full,0,Yes,3713.56
2006,9.86,3000,Petrol,5,Ford,Automatic,White,Partial,1,Yes,6533.57
1996,9.89,4000,Diesel,3,Hyundai,Manual,Gray,,0,Yes,5688.53
2023,22.48,3000,Petrol,3,Tesla,Manual,Black,Full,0,Yes,9884.04
2004,27.96,800,Electric,1,BMW,Manual,White,,2,Yes,8176.46
1997,23.04,1200,Electric,5,Ford,Manual,Red,Full,0,Yes,6166.73
2022,19.74,3000,Diesel,1,Ford,Manual,Gray,Partial,1,Yes,11120.28
2018,13.34,2000,Diesel,5,BMW,Automatic,Red,Full,0,Yes,5516.01
2000,13.5,1000,Diesel,1,Ford,Automatic,Black,Partial,2,Yes,4385.16
2001,12.75,4000,Petrol,4,Nissan,Manual,Silver,,0,Yes,7115.54
2014,14.07,800,Diesel,4,Tesla,Manual,Red,Full,0,Yes,3427.9
2012,21.95,3000,Petrol,3,Honda,Manual,Gray,Partial,0,No,9004.75
2000,19.07,5000,Petrol,2,Honda,Manual,Red,Partial,0,No,10543.65
2004,17.58,5000,Petrol,5,Ford,Manual,Black,Full,0,Yes,9371.48
1999,14.52,3000,Diesel,1,Honda,Manual,Gray,Partial,1,Yes,6587.68
2008,15.6,3000,Petrol,5,Honda,Automatic,White,Partial,0,Yes,5459.18
2001,17.66,5000,Diesel,3,Hyundai,Automatic,Red,Full,4,Yes,9550.86
2020,20.9,3000,Petrol,1,BMW,Automatic,Black,Full,0,Yes,9797.46
2016,13.37,4000,Petrol,2,Honda,Automatic,Silver,Partial,0,Yes,10032.97
2008,12.29,5000,Diesel,4,Kia,Manual,Black,Partial,0,No,11209.65
2023,20.32,2500,Petrol,2,BMW,Manual,Black,Full,0,Yes,9088.99
2021,11.39,2000,Petrol,4,Chevrolet,Manual,Red,,0,Yes,6537.78
1999,22.03,2000,Diesel,4,Toyota,Manual,Silver,Full,0,Yes,6024.41
2021,21.06,1800,Diesel,3,Tesla,Automatic,Black,,1,Yes,6692.41
2016,9.39,5000,Diesel,4,Tesla,Manual,Red,Partial,1,Yes,9971.84
2023,19.45,2000,Petrol,4,Kia,Manual,Black,Partial,0,Yes,8219.89
2011,15.38,1800,Petrol,2,Tesla,Automatic,Gray,Full,0,Yes,6211.78
2004,17.96,2000,Diesel,4,Kia,Automatic,White,Full,0,Yes,7279.51
2007,20.64,2500,Petrol,4,BMW,Automatic,Blue,Full,0,No,6489.17
2017,14.4,1500,Electric,2,Ford,Automatic,Black,,0,No,10456.24
2017,23.76,4000,Petrol,5,Toyota,Automatic,Gray,Partial,0,Yes,9601.23
2009,23.99,2500,Petrol,5,BMW,Manual,Black,Partial,0,Yes,7548.0
2012,14.67,4000,Diesel,5,Toyota,Manual,Black,Full,1,No,6355.01
2011,13.77,5000,Petrol,2,Volkswagen,Automatic,Blue,Full,1,Yes,9824.74
2000,18.76,2000,Diesel,2,Volkswagen,Manual,Gray,,0,Yes,3439.22
2019,8.9,800,Petrol,2,Ford,Automatic,White,,0,Yes,4681.55
2016,25.42,1200,Diesel,3,Nissan,Manual,Blue,Partial,0,Yes,6996.69
2007,19.98,1800,Petrol,5,Volkswagen,Manual,Black,Partial,0,Yes,3242.53
1996,26.34,1500,Diesel,3,Tesla,Manual,Gray,,0,Yes,4666.49
2010,24.79,1500,Petrol,3,Honda,Automatic,White,Full,0,Yes,7051.43
2014,5.62,1200,Petrol,2,Volkswagen,Automatic,Red,Full,1,No,5814.42
2004,18.28,1500,Diesel,1,Nissan,Manual,Black,Full,0,No,5705.16
2015,26.55,1200,Petrol,5,Hyundai,Manual,Silver,Partial,0,Yes,5877.47
2018,16.46,800,Diesel,1,Tesla,Automatic,Silver,Full,0,Yes,6674.11
2003,13.09,5000,Diesel,5,Honda,Manual,Silver,Partial,0,Yes,8080.31
2000,13.24,1000,Petrol,5,Volkswagen,Manual,Silver,Partial,1,Yes,2921.38
1996,22.82,4000,Diesel,5,Toyota,Automatic,Red,Full,0,Yes,5312.41
2022,19.85,3000,Electric,4,Chevrolet,Manual,Red,Full,2,Yes,12233.4
2008,19.91,800,Petrol,2,Kia,Manual,Black,Full,0,Yes,4375.97
1996,9.56,1800,Diesel,5,Kia,Automatic,Blue,,1,Yes,2773.44
2010,20.07,1200,Diesel,5,Tesla,Automatic,Red,Partial,0,Yes,5390.65
2011,12.02,4000,Diesel,5,Chevrolet,Manual,Red,Full,0,Yes,8030.15
2013,22.0,2000,Petrol,3,Chevrolet,Manual,Blue,Full,0,Yes,7660.24
2007,16.1,1500,Petrol,2,Ford,Manual,Gray,Full,0,No,6080.08
1995,20.45,5000,Diesel,5,Nissan,Automatic,Blue,Full,0,No,6562.53
1995,10.61,1800,Diesel,3,Tesla,Automatic,Gray,,0,No,2124.15
1996,20.37,2500,Petrol,3,Hyundai,Manual,Gray,,0,Yes,7153.46
2014,21.27,1800,Diesel,1,BMW,Manual,White,Partial,1,Yes,9503.71
2003,14.59,2000,Diesel,3,Honda,Manual,Black,Partial,1,Yes,6387.99
2007,15.02,800,Diesel,5,Tesla,Automatic,Red,Full,1,Yes,4127.28
2012,17.14,2500,Petrol,5,Kia,Manual,Silver,Partial,0,Yes,5845.1
1997,11.22,1500,Petrol,4,Volkswagen,Manual,White,Full,0,Yes,3493.61
1997,15.63,1500,Diesel,4,Honda,Manual,Red,Full,0,Yes,3257.75
1999,9.93,2500,Diesel,1,Hyundai,Manual,White,Partial,0,Yes,6849.34
2014,17.14,1000,Petrol,4,Chevrolet,Automatic,Blue,Partial,0,Yes,4747.56
1996,14.15,2000,Petrol,5,Tesla,Manual,Red,Full,0,No,3395.55
2009,21.97,1000,Petrol,3,Tesla,Automatic,Red,Full,1,Yes,6051.52
2009,24.86,3000,Diesel,4,Hyundai,Automatic,Blue,Partial,0,Yes,8147.47
2011,28.27,2000,Petrol,1,Nissan,Manual,Blue,Full,0,Yes,8061.03
1997,19.6,800,Petrol,1,Kia,Automatic,Black,Partial,0,Yes,3727.01
2001,9.14,5000,Electric,5,Tesla,Automatic,White,Full,0,Yes,9425.2
2013,23.65,1000,Diesel,3,Volkswagen,Automatic,Black,,0,Yes,8162.31
2021,21.26,1000,Petrol,4,Tesla,Manual,Black,Partial,0,Yes,7812.54
2002,21.1,3000,Diesel,1,Toyota,Automatic,Gray,Full,2,Yes,8365.84
2020,32.46,800,Petrol,3,Volkswagen,Manual,Black,,0,Yes,4895.71
2006,20.18,3000,Diesel,1,Tesla,Manual,Black,Partial,1,Yes,9246.71
1995,22.2,1000,Electric,2,Chevrolet,Manual,Gray,Full,1,Yes,6673.97
2003,24.02,2000,Diesel,3,Kia,Automatic,Blue,,0,Yes,6325.95
2007,7.98,1200,Petrol,3,Ford,Automatic,Silver,Partial,0,Yes,3411.11
2017,16.97,2500,Diesel,1,Volkswagen,Manual,Silver,Full,1,Yes,9504.52
2007,27.74,800,Petrol,2,Chevrolet,Automatic,Silver,Partial,0,Yes,6949.05
2005,20.59,1800,Petrol,3,Ford,Automatic,Blue,Full,0,Yes,6670.06
1996,23.99,4000,Electric,1,Chevrolet,Automatic,White,Full,1,Yes,12629.04
2020,24.14,1500,Diesel,3,Kia,Manual,Black,Partial,1,Yes,9107.15
2014,13.97,2000,Petrol,5,Kia,Manual,White,,0,Yes,4432.55
2002,15.76,2500,Diesel,3,Hyundai,Manual,White,Partial,0,Yes,3969.35
2010,20.62,1200,Petrol,3,Volkswagen,Manual,Silver,Partial,0,Yes,6215.0
2007,22.51,4000,Petrol,5,Honda,Manual,Silver,Partial,0,Yes,9072.19
2022,17.82,2500,Diesel,3,BMW,Automatic,Red,Partial,1,Yes,8018.07
1998,22.98,2000,Petrol,1,Ford,Automatic,Black,Full,0,Yes,8913.82
2007,18.04,1200,Diesel,2,Ford,Manual,Red,Full,1,Yes,6105.01
2023,9.65,5000,Diesel,3,Tesla,Manual,Red,Full,1,Yes,10065.23
2009,19.2,3000,Electric,5,Toyota,Manual,Black,Full,0,No,10956.5
2015,14.43,2000,Petrol,3,Toyota,Manual,Blue,Partial,0,Yes,6276.32
2015,7.68,4000,Diesel,1,Hyundai,Automatic,White,Full,1,Yes,10507.68
2001,5.53,2500,Diesel,4,Ford,Manual,Silver,Full,0,No,3568.18
2005,23.8,1000,Diesel,1,Volkswagen,Manual,White,Full,0,Yes,6104.76
1995,21.45,3000,Petrol,4,Toyota,Automatic,Blue,Full,0,Yes,6540.54
2017,16.84,1800,Petrol,3,BMW,Manual,Black,,0,No,7434.45
2003,20.6,3000,Diesel,3,Ford,Manual,Red,Full,1,Yes,8724.72
1997,7.54,1800,Petrol,2,Volkswagen,Manual,Silver,Partial,1,Yes,3126.5
2022,21.2,2000,Petrol,4,Kia,Automatic,Red,Full,2,Yes,6647.34
2010,14.42,2000,Petrol,5,Tesla,Manual,Silver,,1,Yes,5160.98
2016,21.35,2000,Petrol,2,Hyundai,Automatic,Blue,Full,1,Yes,9185.0
2003,26.23,2500,Electric,4,Toyota,Automatic,Silver,Full,0,Yes,11043.12
2014,17.91,5000,Diesel,4,Nissan,Automatic,White,Partial,0,No,11168.48
2017,12.84,1200,Diesel,2,Toyota,Automatic,Black,Partial,1,Yes,5981.81
1999,29.04,1800,Petrol,1,BMW,Manual,Silver,Full,0,No,7632.23
2017,12.82,1000,Diesel,2,Ford,Automatic,Silver,Partial,0,No,5778.41
1997,21.25,1000,Petrol,3,Chevrolet,Manual,Red,,0,No,3762.44
2019,13.85,1800,Diesel,5,Hyundai,Automatic,Silver,Partial,2,Yes,4149.78
1995,14.97,3000,Petrol,2,Honda,Automatic,Black,Partial,0,No,6835.16
2022,18.79,2500,Petrol,4,Tesla,Manual,Gray,Partial,1,Yes,8835.49
1996,27.17,2500,Petrol,4,Kia,Manual,Blue,Full,1,Yes,4509.78
2008,21.23,1000,Diesel,2,Nissan,Automatic,Red,,1,No,5183.34
2008,24.95,4000,Electric,2,Hyundai,Automatic,White,Full,1,Yes,12870.17
2003,12.94,800,Diesel,2,Tesla,Manual,Silver,Partial,3,Yes,4729.89
2021,19.82,800,Diesel,3,BMW,Manual,Black,Partial,2,No,6202.09
2005,29.08,1500,Diesel,3,Honda,Manual,White,Full,0,Yes,6732.29
2022,19.93,1200,Diesel,1,Volkswagen,Manual,Blue,Full,0,Yes,7406.55
1996,10.07,1200,Petrol,4,Hyundai,Automatic,Red,,0,No,1002.26
2007,18.72,800,Electric,5,BMW,Automatic,Silver,Partial,0,No,5733.46
2014,13.09,1200,Petrol,5,Chevrolet,Manual,Blue,Partial,0,Yes,4446.51
2015,13.27,1800,Petrol,5,Toyota,Manual,Gray,,1,Yes,5038.7
2018,11.63,4000,Diesel,5,Kia,Automatic,Red,Full,0,Yes,10746.59
2010,18.63,1200,Diesel,1,Volkswagen,Manual,White,Full,0,Yes,5752.19
2015,17.17,2500,Petrol,4,Chevrolet,Manual,Red,Full,0,Yes,7357.97
2008,20.49,1500,Petrol,5,Kia,Automatic,Gray,Full,0,Yes,3128.18
2021,19.8,2000,Petrol,1,Nissan,Manual,Black,Full,1,No,9860.6
2012,15.87,3000,Petrol,5,Hyundai,Automatic,Red,,0,Yes,7857.22
2019,16.44,3000,Diesel,2,Ford,Manual,Silver,Full,1,Yes,10504.8
2018,12.31,2500,Petrol,5,Nissan,Automatic,Blue,Full,1,Yes,6890.49
2018,20.66,1000,Petrol,2,Chevrolet,Manual,Blue,Partial,0,Yes,8367.05
2020,9.7,1800,Petrol,4,BMW,Manual,Blue,Full,0,Yes,5661.7
2011,19.31,4000,Electric,2,Tesla,Manual,Gray,,0,Yes,13784.6
1998,19.96,1000,Petrol,2,Hyundai,Manual,Blue,Partial,0,Yes,3566.27
2000,15.02,1000,Petrol,4,Chevrolet,Manual,Silver,Partial,1,No,3819.86
2003,22.12,4000,Petrol,3,Volkswagen,Manual,Silver,Full,0,Yes,9626.44
2018,5.21,5000,Petrol,2,Nissan,Manual,Gray,Partial,0,Yes,11226.1
1998,14.68,2500,Diesel,1,Hyundai,Manual,White,Full,0,Yes,6808.48
2014,14.35,2000,Petrol,1,Chevrolet,Manual,White,Full,0,Yes,6627.1
1997,19.76,1200,Diesel,1,Tesla,Manual,Red,Full,3,Yes,4386.48
2000,11.73,4000,Petrol,5,Volkswagen,Manual,Red,Partial,0,No,4327.06
1999,14.51,5000,Diesel,3,BMW,Manual,Black,Full,2,No,9413.3
2010,20.85,2000,Petrol,1,Chevrolet,Automatic,Red,Full,2,Yes,8794.47
2017,20.99,3000,Diesel,1,Kia,Automatic,Gray,Partial,1,Yes,9842.54
2006,15.02,5000,Petrol,2,BMW,Automatic,White,Full,0,Yes,10601.5
2011,12.12,1800,Diesel,4,Volkswagen,Manual,Silver,Full,2,Yes,4288.9
2007,16.2,2500,Diesel,4,Tesla,Automatic,Silver,Full,1,No,7403.69
2018,16.03,1500,Diesel,1,BMW,Manual,Gray,Full,2,Yes,6262.88
2004,27.73,2000,Petrol,4,Nissan,Manual,Silver,Full,0,Yes,8033.17
2003,21.95,3000,Diesel,2,Tesla,Automatic,Gray,Partial,0,Yes,9254.42
2001,18.41,3000,Diesel,2,Kia,Manual,Gray,Partial,0,Yes,6890.67
1995,18.85,2000,Diesel,3,Nissan,Manual,Black,Partial,0,Yes,6203.81
2008,17.82,1000,Petrol,3,Volkswagen,Manual,Silver,Full,1,Yes,5736.35
1996,15.15,3000,Diesel,2,Honda,Manual,Blue,,0,Yes,5197.02
2021,21.86,1800,Electric,4,Chevrolet,Automatic,Blue,,0,Yes,10303.68
2001,16.81,2000,Petrol,2,Hyundai,Manual,Red,Partial,1,Yes,6333.66
2014,22.58,1800,Diesel,2,Nissan,Manual,Black,Full,0,No,7916.69
2018,16.66,1000,Petrol,5,Ford,Manual,Blue,Full,1,No,5228.39
2014,15.24,3000,Petrol,3,Volkswagen,Automatic,Black,,0,Yes,10142.25
2017,25.17,1200,Petrol,3,Chevrolet,Manual,White,Partial,1,No,7382.21
2009,18.12,800,Petrol,5,Nissan,Automatic,Silver,Full,0,Yes,5929.39
2013,13.59,2500,Electric,3,Ford,Automatic,Gray,Full,1,No,10896.15
2015,13.99,800,Electric,5,Kia,Manual,Silver,,1,Yes,5445.36
2021,15.72,1200,Diesel,1,Nissan,Manual,Silver,Partial,2,No,6942.6
1997,21.46,3000,Petrol,3,Chevrolet,Manual,Blue,,1,Yes,7186.94
2017,19.76,1000,Diesel,2,Chevrolet,Automatic,Blue,,0,Yes,5137.65
1998,24.62,1000,Diesel,3,Honda,Automatic,Red,,1,Yes,3840.46
2018,27.17,1500,Petrol,4,Nissan,Automatic,Silver,,0,Yes,6037.44
2001,16.86,2500,Diesel,5,Tesla,Automatic,Gray,Partial,0,Yes,4617.92
1998,17.61,5000,Diesel,1,BMW,Manual,Gray,Full,0,Yes,10824.37
2012,23.72,4000,Petrol,1,Tesla,Manual,Gray,Full,0,Yes,11582.09
1995,16.56,4000,Electric,4,Nissan,Automatic,White,Full,1,Yes,10751.19
2010,21.06,1800,Petrol,4,Ford,Automatic,Black,,0,Yes,5937.09
1997,14.13,1500,Diesel,3,Kia,Automatic,Black,Partial,1,Yes,5099.9
2000,12.34,1200,Petrol,4,Tesla,Automatic,Red,Partial,0,Yes,3442.39
2014,11.61,1200,Diesel,5,BMW,Automatic,Red,Full,1,Yes,4618.49
2009,17.91,800,Petrol,4,Nissan,Manual,Gray,,1,Yes,4414.04
2004,10.36,2000,Petrol,3,Chevrolet,Manual,Silver,,0,Yes,3449.07
2005,11.05,4000,Diesel,3,BMW,Automatic,Gray,Partial,0,Yes,9041.32
2020,16.11,3000,Petrol,1,BMW,Automatic,Silver,Full,0,No,10757.33
2016,20.3,1000,Petrol,2,Honda,Manual,Blue,Full,1,No,7339.35
2016,17.02,800,Petrol,1,Kia,Manual,Silver,Full,0,Yes,6878.18
2009,17.37,1200,Diesel,1,Chevrolet,Automatic,Gray,,1,Yes,6293.09
2004,17.84,2500,Diesel,4,Tesla,Manual,White,,0,Yes,6705.28
2015,20.28,1800,Diesel,3,Tesla,Manual,Red,Full,1,No,6313.91
2002,19.67,1500,Petrol,2,Toyota,Manual,Red,Partial,1,Yes,5444.65
2022,16.09,2500,Electric,2,Hyundai,Manual,Gray,Full,0,Yes,10928.97
2008,23.72,1800,Petrol,2,Hyundai,Automatic,White,Full,0,Yes,8215.81
2023,14.62,5000,Petrol,3,Volkswagen,Manual,Silver,,0,Yes,10677.72
2015,12.37,1200,Petrol,1,Volkswagen,Manual,Black,Partial,0,Yes,5440.17
1998,14.38,2000,Petrol,2,Tesla,Automatic,Red,,1,Yes,4176.61
1998,17.59,1800,Petrol,3,Volkswagen,Manual,Silver,Full,0,No,5566.12
2011,23.61,2500,Petrol,3,Hyundai,Manual,Silver,Full,0,Yes,7800.23
2016,23.84,3000,Petrol,5,Chevrolet,Manual,Silver,,0,Yes,9265.69
1999,19.23,2000,Petrol,1,Volkswagen,Automatic,Black,Full,0,Yes,7386.81
2017,9.82,3000,Petrol,3,Honda,Manual,White,Full,1,Yes,6407.65
2012,16.58,2000,Petrol,1,Chevrolet,Automatic,Black,Partial,1,Yes,7597.88
2008,18.02,1800,Petrol,1,Volkswagen,Manual,Silver,Full,2,Yes,8802.88
2007,12.54,3000,Petrol,5,Volkswagen,Manual,Silver,Full,1,No,6610.0
2016,16.45,1000,Diesel,3,Honda,Manual,Silver,Partial,0,No,5949.88
2018,26.77,5000,Diesel,4,Ford,Automatic,Black,,1,Yes,13257.98
2014,19.6,1000,Petrol,2,Ford,Manual,Blue,Full,0,No,6425.27
2007,12.05,4000,Diesel,3,Honda,Manual,White,Partial,0,Yes,8668.88
1998,18.05,1000,Petrol,3,Ford,Automatic,Gray,Full,2,Yes,3885.73
2020,24.5,2500,Petrol,3,Toyota,Manual,Silver,Full,0,Yes,10712.47
2016,28.01,4000,Petrol,3,Chevrolet,Automatic,Gray,Partial,2,Yes,11870.35
2011,20.22,2000,Diesel,3,Tesla,Manual,Red,Full,2,Yes,6436.97
2018,18.96,1800,Petrol,2,Chevrolet,Manual,Silver,Partial,0,Yes,8169.47
2007,16.68,5000,Diesel,4,Kia,Automatic,White,Full,1,Yes,9345.04
2014,12.41,3000,Petrol,4,Nissan,Manual,Black,,1,No,8799.02
2016,29.41,1200,Petrol,4,Hyundai,Manual,White,Full,1,Yes,4988.32
2005,13.36,1500,Diesel,2,Chevrolet,Automatic,Silver,Full,1,Yes,4439.63
2017,20.4,2000,Petrol,2,Tesla,Automatic,Black,Full,0,Yes,7806.97
2021,11.84,3000,Petrol,4,Chevrolet,Automatic,Red,Full,0,No,8049.53
2001,30.54,1800,Petrol,3,Chevrolet,Automatic,White,Partial,1,Yes,7486.27
2005,22.28,1000,Petrol,2,Kia,Manual,Blue,Partial,3,Yes,4544.45
2022,14.33,4000,Petrol,5,BMW,Manual,White,Full,0,Yes,11291.56
2012,18.22,2000,Petrol,2,Tesla,Automatic,Red,,1,Yes,5484.55
1996,20.67,2000,Petrol,1,Toyota,Manual,Silver,Full,1,Yes,6047.15
2017,19.3,800,Diesel,5,Ford,Automatic,Gray,,0,Yes,5016.89
2019,9.62,5000,Diesel,1,Kia,Manual,White,Partial,1,No,10279.13
2015,16.22,4000,Diesel,2,Honda,Manual,Blue,Partial,0,Yes,9720.17
2000,5.61,1500,Electric,3,Nissan,Automatic,Blue,,1,No,5631.23
2016,12.41,1500,Petrol,3,Volkswagen,Automatic,Black,Partial,2,Yes,4375.72
2005,19.74,3000,Petrol,1,Nissan,Automatic,Black,Full,1,Yes,10283.13
1999,29.06,2500,Petrol,2,Toyota,Manual,White,Partial,0,Yes,7852.07
1995,22.82,1000,Petrol,3,Kia,Manual,Silver,Full,1,Yes,3411.1
2015,27.84,1800,Petrol,3,Honda,Manual,Red,Full,0,Yes,8005.31
1998,17.69,1200,Diesel,3,Chevrolet,Manual,Blue,,1,Yes,3567.91
1999,22.33,1500,Diesel,1,Kia,Manual,Blue,Full,0,Yes,4551.44
2007,25.11,1500,Petrol,4,Nissan,Manual,Silver,,0,Yes,4366.54
2022,5.0,2500,Petrol,3,Chevrolet,Manual,Red,Full,1,No,5013.52
2007,13.25,1200,Petrol,5,Kia,Manual,Blue,Full,1,Yes,3493.66
2006,16.98,1800,Diesel,2,Chevrolet,Manual,Gray,Partial,1,No,7659.95
2000,27.16,1500,Petrol,1,Nissan,Automatic,Gray,Partial,0,Yes,7469.83
2013,21.25,1800,Petrol,2,BMW,Automatic,Red,,0,No,10070.16
1997,19.78,1800,Petrol,4,Ford,Automatic,Blue,Full,2,Yes,3365.64
2010,14.78,3000,Electric,3,Nissan,Manual,Silver,Full,1,Yes,11610.74
2011,23.99,1800,Diesel,3,Kia,Automatic,Silver,,1,Yes,7526.01
2017,15.75,2000,Petrol,1,Ford,Manual,Black,Full,0,Yes,7345.84
2006,10.44,5000,Petrol,2,Ford,Manual,White,,0,Yes,9338.5
2019,24.06,800,Petrol,4,Hyundai,Manual,Silver,Full,0,Yes,5694.17
2000,21.68,1800,Diesel,5,Honda,Manual,Blue,Partial,0,No,3322.46
2013,12.18,4000,Petrol,1,Tesla,Manual,Red,Partial,1,Yes,8746.92
1996,21.33,4000,Diesel,3,Toyota,Manual,Silver,Full,0,Yes,8370.93
2010,13.37,2500,Electric,2,Tesla,Manual,Black,,1,Yes,10156.74
1999,15.26,2000,Petrol,5,BMW,Manual,Silver,,0,Yes,4763.22
1995,21.2,1000,Petrol,5,Nissan,Manual,Silver,,0,Yes,1623.57
2015,15.06,4000,Electric,2,Chevrolet,Manual,Blue,Full,0,Yes,14473.09
2010,13.79,3000,Diesel,4,Hyundai,Automatic,Red,Partial,0,Yes,5394.0
2019,22.07,1500,Electric,4,Hyundai,Manual,Silver,Full,0,Yes,9454.58
2018,25.87,800,Petrol,4,Ford,Manual,Blue,Partial,1,Yes,6186.89
2004,17.64,800,Diesel,1,Hyundai,Manual,White,Full,0,Yes,4747.6
2009,22.25,1200,Petrol,3,Chevrolet,Automatic,Silver,Full,1,Yes,7050.08
1996,19.23,1500,Petrol,5,BMW,Manual,Gray,Full,0,Yes,2433.75
2019,21.79,2000,Diesel,1,Nissan,Manual,White,Full,1,Yes,9851.65
2023,20.8,1800,Diesel,1,Nissan,Manual,Red,Full,0,Yes,8228.95
1999,12.56,1000,Petrol,3,Nissan,Automatic,Gray,Full,0,Yes,1366.16
2002,11.84,2500,Petrol,4,Ford,Manual,White,,1,Yes,4560.03
2022,12.1,1800,Petrol,5,Nissan,Manual,Blue,Full,0,No,7929.61
2009,17.69,1000,Petrol,5,Ford,Manual,Silver,Full,0,Yes,4800.45
2014,20.55,5000,Petrol,1,Nissan,Manual,Black,,0,Yes,13371.35
2013,29.09,5000,Electric,3,BMW,Manual,Red,Full,1,Yes,16759.39
2001,19.51,1500,Diesel,3,Chevrolet,Automatic,White,Full,0,No,4295.89
1996,8.71,2000,Petrol,3,Hyundai,Automatic,White,,0,Yes,2353.98
2013,19.49,3000,Petrol,5,Hyundai,Manual,Silver,Full,1,Yes,6614.76
2021,22.29,1500,Diesel,2,Tesla,Manual,Black,,0,No,7678.98
2014,15.35,800,Diesel,5,Tesla,Manual,Black,,2,Yes,3886.81
2014,20.83,5000,Diesel,1,Kia,Manual,Blue,Full,0,Yes,13497.36
2000,16.59,800,Diesel,3,Nissan,Manual,Blue,Partial,0,No,1000.0
2003,23.3,5000,Petrol,4,Volkswagen,Manual,Silver,Partial,0,Yes,9702.31
1998,16.29,1800,Petrol,5,Honda,Manual,Blue,Full,0,No,3978.74
2001,20.47,1000,Electric,4,Toyota,Manual,Gray,Partial,1,Yes,4365.75
2000,10.4,1800,Diesel,3,Hyundai,Automatic,Gray,,0,Yes,2678.76
1998,20.84,2000,Diesel,2,Nissan,Manual,Black,Full,0,Yes,7232.63
2009,23.75,1500,Petrol,1,Hyundai,Manual,Black,Full,0,Yes,9018.21
2021,22.19,1800,Diesel,1,Honda,Manual,Silver,Partial,0,Yes,11026.98
1998,11.61,1800,Petrol,2,Tesla,Automatic,Gray,Full,1,Yes,4244.32
1998,25.47,800,Petrol,3,Kia,Automatic,Black,Full,0,Yes,3195.67
2017,21.84,3000,Diesel,4,Hyundai,Manual,Gray,Partial,1,Yes,9786.46
1999,13.17,1500,Diesel,2,Chevrolet,Manual,Blue,Partial,0,No,4733.68
2010,19.27,5000,Diesel,5,Toyota,Manual,Black,,3,No,10607.32
2023,18.77,4000,Petrol,1,Volkswagen,Automatic,Blue,Full,0,Yes,11856.23
2011,9.97,5000,Electric,2,Toyota,Automatic,Silver,Full,0,Yes,14210.24
2010,9.85,2000,Diesel,1,Chevrolet,Automatic,Gray,Partial,0,Yes,6126.73
2004,26.8,4000,Diesel,2,Toyota,Manual,Gray,Partial,0,Yes,8819.46
2002,18.1,2500,Diesel,4,Volkswagen,Manual,Black,Full,1,Yes,5387.5
2005,16.96,1800,Diesel,5,Chevrolet,Manual,Gray,Full,0,Yes,3608.96
2020,18.5,2000,Electric,5,BMW,Automatic,White,Partial,1,Yes,10666.24
1998,22.92,1200,Electric,2,BMW,Manual,Gray,,1,Yes,7797.89
2017,16.16,1800,Petrol,4,Toyota,Automatic,Silver,Full,1,Yes,5487.01
2002,24.32,4000,Diesel,5,Chevrolet,Manual,Red,,0,Yes,7464.33
2006,15.63,1200,Petrol,3,Nissan,Automatic,White,Partial,0,Yes,4469.87
2015,18.2,4000,Petrol,5,Hyundai,Automatic,Red,Full,1,Yes,8816.69
2012,17.94,800,Petrol,5,Volkswagen,Manual,White,Full,0,Yes,3085.27
2004,20.31,1800,Diesel,3,Chevrolet,Automatic,Black,Full,0,Yes,5470.15
1996,23.75,1200,Petrol,1,Nissan,Manual,Black,Full,1,Yes,3818.26
2023,12.92,1800,Petrol,2,Volkswagen,Manual,Red,Partial,0,Yes,8610.79
2000,18.03,2500,Petrol,5,Ford,Manual,Blue,,0,Yes,1958.23
2023,18.99,3000,Petrol,1,Ford,Manual,Black,Full,0,Yes,10220.57
1998,15.02,1000,Petrol,4,Chevrolet,Manual,Black,Full,0,Yes,1000.0
2003,15.63,3000,Diesel,1,Honda,Automatic,Gray,Full,1,No,7442.63
2010,18.75,1000,Petrol,2,Volkswagen,Automatic,Gray,Full,0,Yes,6332.89
2016,16.84,3000,Petrol,5,Hyundai,Manual,Black,Partial,0,No,7404.88
2009,20.19,1000,Petrol,3,Tesla,Automatic,Silver,Full,1,No,5645.74
2018,26.93,1000,Petrol,2,Tesla,Manual,Silver,Partial,0,Yes,8275.62
2011,23.61,2500,Petrol,2,BMW,Automatic,Blue,Partial,0,Yes,5967.67
2023,18.3,1000,Petrol,2,BMW,Automatic,Black,,0,Yes,7290.46
2015,25.84,1200,Diesel,3,Kia,Manual,Black,Partial,1,Yes,7455.56
1996,15.68,800,Diesel,1,Kia,Automatic,White,Full,0,No,4048.47
2009,15.94,1200,Diesel,5,BMW,Manual,Gray,Full,1,Yes,3207.22
2002,26.0,3000,Petrol,4,Ford,Manual,White,Full,0,Yes,6562.76
2014,11.11,4000,Diesel,4,Kia,Automatic,Black,Partial,0,No,9294.0
1995,14.42,1200,Petrol,3,Honda,Automatic,Blue,Partial,0,No,2131.08
2017,26.26,1200,Petrol,2,Tesla,Manual,White,Partial,1,Yes,8269.84
1997,17.89,3000,Petrol,3,Hyundai,Manual,Gray,Full,1,Yes,6084.45
1998,22.43,2000,Petrol,4,BMW,Automatic,Red,Full,1,Yes,4660.84
1995,12.96,5000,Electric,3,Volkswagen,Manual,Black,Partial,0,No,12076.51
2012,14.98,4000,Diesel,3,Honda,Manual,Red,Full,0,No,8222.7
2005,9.95,5000,Diesel,4,Tesla,Manual,Silver,Full,1,Yes,8363.91
2010,13.19,1500,Petrol,1,Chevrolet,Manual,White,Partial,1,No,6753.16
2004,15.35,800,Electric,1,Hyundai,Automatic,Black,Partial,1,Yes,6805.69
2004,19.18,1000,Petrol,4,Volkswagen,Manual,Gray,Full,0,Yes,3636.32
1999,18.48,2000,Petrol,4,Tesla,Manual,Gray,Partial,0,Yes,4632.71
1998,9.78,2500,Diesel,4,Chevrolet,Manual,White,Full,0,Yes,2894.24
2004,10.11,1200,Diesel,3,Chevrolet,Manual,Blue,,0,Yes,3953.91
2002,22.69,800,Diesel,5,Nissan,Automatic,Black,Full,1,Yes,3230.15
2017,20.08,1000,Diesel,1,Tesla,Automatic,White,,0,Yes,7080.15
2002,23.22,1200,Diesel,1,Honda,Manual,Gray,Full,0,Yes,5880.08
2021,13.27,1000,Diesel,1,Tesla,Automatic,Blue,Full,1,No,5894.35
2023,21.5,3000,Petrol,1,Honda,Automatic,Blue,Full,1,Yes,13088.74
1997,24.7,2000,Electric,2,Hyundai,Manual,White,Full,0,Yes,8905.27
2018,9.92,1500,Diesel,4,Tesla,Manual,Silver,Full,1,Yes,5661.1
2017,16.24,3000,Petrol,2,Nissan,Manual,Gray,Partial,0,Yes,9361.89
2016,6.04,1000,Petrol,1,Kia,Manual,Silver,Full,0,Yes,5184.67
2007,26.6,2000,Petrol,4,Ford,Manual,Gray,,0,Yes,5096.69
2000,23.29,3000,Petrol,2,Hyundai,Automatic,Silver,Partial,0,Yes,9045.32
2005,20.35,800,Petrol,5,Ford,Manual,Black,Full,0,No,4670.97
2009,9.75,1200,Electric,5,Kia,Manual,White,,2,Yes,7868.84
2022,15.25,1000,Petrol,2,Kia,Manual,Silver,Partial,3,Yes,6165.76
2001,18.17,1800,Diesel,4,Nissan,Manual,Black,Full,0,Yes,4108.78
2011,22.24,2000,Diesel,4,Ford,Manual,Silver,Full,1,Yes,6688.51
2021,27.83,1500,Diesel,4,Volkswagen,Automatic,Gray,Full,0,Yes,8210.14
2001,21.16,1500,Diesel,2,Kia,Automatic,Silver,Full,1,No,5343.48
1996,22.1,1500,Diesel,2,Hyundai,Manual,White,Full,0,Yes,5212.54
2016,19.08,4000,Petrol,1,Volkswagen,Manual,Black,,1,Yes,11614.33
2010,11.32,5000,Diesel,4,Toyota,Manual,Gray,Partial,1,No,10832.23
2021,16.22,2000,Petrol,4,Hyundai,Automatic,Gray,,1,Yes,7322.64
2008,15.1,2500,Petrol,5,Nissan,Manual,Silver,Full,0,Yes,5485.64
2005,14.24,3000,Petrol,5,Tesla,Automatic,White,Full,0,Yes,4920.07
2004,30.37,2000,Petrol,1,Volkswagen,Manual,Gray,Partial,1,Yes,7364.11
1997,5.54,1500,Diesel,2,Chevrolet,Automatic,Black,Partial,1,Yes,1223.8
1998,19.64,2500,Diesel,5,Hyundai,Manual,Blue,,0,Yes,3323.52
1998,11.47,5000,Electric,5,Kia,Automatic,Silver,Full,3,Yes,11998.99
1995,25.97,2500,Diesel,5,Honda,Manual,Red,Partial,0,Yes,5429.62
1996,19.0,800,Petrol,2,Hyundai,Manual,White,,0,Yes,2944.14
2018,20.06,4000,Diesel,1,Kia,Automatic,Red,Partial,0,No,13466.16
2007,14.5,1500,Diesel,4,Chevrolet,Automatic,Blue,Partial,0,Yes,4427.03
1997,21.05,5000,Diesel,1,Hyundai,Manual,Black,Partial,0,Yes,8274.82
2021,20.1,1800,Petrol,5,Tesla,Manual,Blue,,2,Yes,5478.24
2015,9.5,3000,Petrol,5,BMW,Manual,Blue,Full,0,Yes,6177.92
2018,19.33,1200,Diesel,5,Volkswagen,Automatic,Blue,Partial,1,Yes,6159.92
2003,17.98,5000,Electric,4,Volkswagen,Manual,White,Full,1,Yes,11485.39
2002,14.94,4000,Petrol,1,Honda,Manual,Red,Partial,0,No,7747.04
2020,25.29,4000,Petrol,3,Nissan,Manual,Blue,Partial,0,Yes,13166.14
2021,15.65,1500,Diesel,2,Hyundai,Automatic,Silver,,0,Yes,8458.25
2019,18.43,1800,Diesel,5,Kia,Manual,Red,Full,0,Yes,7759.53
1999,24.51,1500,Petrol,2,Hyundai,Automatic,Black,Full,1,Yes,4384.51
2004,19.92,5000,Diesel,5,Chevrolet,Automatic,Blue,,0,Yes,9050.16
2011,21.04,2500,Petrol,2,Volkswagen,Manual,Red,Full,0,Yes,8942.84
2006,24.71,1000,Petrol,4,Honda,Automatic,White,Full,2,Yes,6049.04
2021,17.14,1200,Diesel,1,BMW,Automatic,Gray,,1,No,8709.57
2018,5.61,1500,Petrol,5,Kia,Manual,Silver,Full,1,Yes,3740.15
1998,23.84,2000,Petrol,1,Kia,Manual,Red,Full,0,Yes,4622.18
2008,24.67,2000,Petrol,1,BMW,Automatic,Gray,Partial,0,Yes,8117.94
2012,28.0,4000,Diesel,2,Toyota,Manual,Gray,Full,0,No,12731.76
1997,14.32,1800,Diesel,1,Ford,Automatic,Blue,Partial,1,Yes,3796.97
2008,19.61,1800,Petrol,2,Nissan,Manual,Gray,Full,0,Yes,6553.65
2007,29.03,4000,Diesel,2,Nissan,Manual,Silver,,0,Yes,11926.34
2008,20.64,5000,Diesel,5,Kia,Manual,White,,0,Yes,8530.45
1997,15.54,800,Petrol,1,Chevrolet,Automatic,Gray,Full,1,Yes,4205.0
1997,18.97,1200,Petrol,3,Ford,Automatic,White,Partial,0,Yes,3429.84
2020,18.47,5000,Petrol,4,Hyundai,Automatic,White,,0,Yes,11248.7
2009,8.81,1800,Petrol,5,Ford,Manual,Gray,Partial,0,Yes,4602.87
1995,17.69,3000,Diesel,2,Volkswagen,Automatic,White,Full,0,Yes,7359.39
2014,20.5,5000,Diesel,5,Ford,Automatic,White,,1,Yes,11720.09
2020,18.61,2000,Electric,1,Chevrolet,Automatic,Black,Partial,0,No,11340.06
2017,15.81,1800,Petrol,2,Honda,Manual,Silver,Full,1,Yes,6340.46
2019,16.78,1800,Petrol,4,BMW,Automatic,Red,Partial,0,Yes,7977.88
1997,8.5,5000,Petrol,3,Ford,Automatic,Silver,Full,0,Yes,8944.94
2017,15.98,2000,Petrol,1,Hyundai,Automatic,Gray,Partial,1,Yes,6897.7
1999,15.2,2000,Petrol,4,Ford,Manual,Gray,Partial,0,Yes,4793.59
1995,20.61,4000,Petrol,3,BMW,Manual,Red,Partial,1,Yes,7636.18
2019,20.47,5000,Diesel,5,Chevrolet,Manual,Black,Full,2,Yes,11277.45
2003,15.78,1200,Diesel,5,Tesla,Manual,Red,Partial,2,Yes,3508.73
2016,14.63,1200,Diesel,1,Kia,Automatic,Red,Full,0,Yes,6426.69
2007,22.42,2500,Petrol,5,Nissan,Manual,Red,Full,1,Yes,7062.58
2015,23.13,1000,Diesel,2,Toyota,Automatic,White,Partial,1,Yes,8443.15
2021,11.81,800,Petrol,3,Chevrolet,Automatic,Blue,,0,Yes,7040.07
2007,8.5,800,Petrol,5,Volkswagen,Automatic,Gray,,1,Yes,1762.16
2018,11.76,1200,Petrol,4,Ford,Manual,Gray,,0,Yes,4761.54
1999,20.69,1800,Diesel,1,Ford,Automatic,Red,,0,Yes,6361.08
1995,9.06,2500,Diesel,1,Tesla,Manual,Blue,,0,Yes,3875.25
2017,22.51,1200,Petrol,4,BMW,Automatic,Blue,Full,0,Yes,4571.5
2022,16.86,1800,Diesel,5,Ford,Automatic,Red,,0,No,5380.06
2018,14.69,4000,Petrol,1,Volkswagen,Manual,Blue,,3,No,11988.09
2011,23.75,1500,Electric,4,Kia,Manual,Red,Full,0,No,9452.55
2010,20.96,2500,Petrol,3,Honda,Manual,Silver,Partial,0,No,6331.45
2002,33.44,5000,Electric,1,Volkswagen,Manual,Silver,Full,1,Yes,16886.44
2005,20.61,2000,Diesel,4,Toyota,Automatic,Gray,Full,0,No,6726.57
2017,12.63,3000,Diesel,1,Toyota,Automatic,Black,Full,0,Yes,8936.35
1999,5.0,3000,Electric,2,Honda,Automatic,Red,Full,0,Yes,9358.2
2023,14.03,5000,Petrol,4,Volkswagen,Manual,Gray,Full,1,Yes,12609.05
2007,14.5,5000,Diesel,4,Tesla,Automatic,Silver,Full,0,Yes,10368.96
2019,23.96,2500,Petrol,4,Kia,Manual,White,Partial,0,No,9276.84
2009,23.0,1500,Diesel,1,Volkswagen,Manual,Black,Full,1,Yes,8209.11
2023,21.15,5000,Diesel,4,BMW,Automatic,Blue,Full,2,Yes,12363.06
2005,18.41,3000,Petrol,5,Volkswagen,Manual,Red,Full,0,Yes,6323.04
2020,17.37,1200,Petrol,3,Toyota,Automatic,Silver,Full,0,Yes,7812.66
1998,31.86,1500,Diesel,1,Chevrolet,Manual,Black,Full,0,Yes,7390.39
1998,16.02,1200,Petrol,1,Honda,Automatic,Red,Full,1,Yes,4673.3
2005,14.59,800,Petrol,4,Tesla,Automatic,Silver,,0,No,2746.07
2018,12.59,2000,Petrol,2,Ford,Manual,Silver,Full,0,Yes,6606.73
2003,12.96,2000,Diesel,2,Tesla,Manual,Blue,Full,0,Yes,4295.43
2018,15.39,1000,Petrol,4,Volkswagen,Automatic,Gray,Full,1,Yes,5854.01
2002,15.55,2000,Petrol,2,Chevrolet,Manual,Silver,,0,Yes,4973.0
2009,21.52,1800,Petrol,4,Tesla,Automatic,Red,,0,Yes,6198.82
2014,26.69,800,Electric,5,Chevrolet,Manual,Black,Full,2,Yes,10046.96
1999,20.34,3000,Diesel,2,Volkswagen,Manual,Silver,Full,0,No,7194.78
2014,16.57,800,Petrol,4,Toyota,Automatic,Gray,Partial,1,Yes,4134.83
2008,20.07,800,Diesel,4,BMW,Manual,Black,,2,Yes,4442.91
1999,13.49,800,Diesel,1,Kia,Automatic,Red,Full,0,Yes,2740.85
2010,14.74,1800,Diesel,1,Volkswagen,Automatic,White,Full,2,Yes,8118.11
1999,21.18,1000,Petrol,5,Honda,Manual,Gray,Partial,0,Yes,3467.82
2004,6.82,1500,Petrol,3,Hyundai,Manual,White,Full,0,No,3677.51
2003,17.45,800,Petrol,1,Toyota,Automatic,Blue,Partial,0,No,4619.65
2022,16.48,1800,Diesel,3,Kia,Manual,Gray,,1,Yes,9315.03
2020,24.61,2500,Petrol,3,Hyundai,Manual,Black,Full,1,Yes,10186.66
2020,10.6,2500,Diesel,3,Hyundai,Automatic,Gray,Partial,1,Yes,8144.06
2002,18.51,1500,Petrol,1,Chevrolet,Manual,Gray,,0,No,7887.55
2018,16.26,4000,Petrol,2,Chevrolet,Manual,Silver,Partial,0,No,12143.91
1995,13.66,1500,Diesel,4,Kia,Manual,Silver,Partial,0,Yes,1270.84
2000,21.25,1200,Petrol,4,Tesla,Automatic,White,Full,0,Yes,5064.74
2009,18.92,1000,Petrol,1,Kia,Manual,Blue,Full,2,Yes,5186.64
2013,19.46,4000,Petrol,4,Chevrolet,Manual,Silver,,1,No,9563.17
2000,11.54,1500,Petrol,2,Nissan,Manual,Red,Full,0,Yes,3586.21
2012,19.99,2500,Petrol,2,Honda,Manual,Black,Full,0,Yes,8414.33
2002,23.91,1200,Diesel,4,BMW,Automatic,Gray,Partial,1,No,4394.65
2012,16.21,800,Petrol,4,Kia,Manual,Gray,Full,2,No,3706.12
1996,18.46,1500,Diesel,3,Ford,Manual,Black,,0,Yes,4551.67
2002,24.45,4000,Petrol,2,Tesla,Manual,Gray,,0,Yes,10205.03
2013,22.17,1800,Petrol,3,Toyota,Automatic,Silver,Partial,0,Yes,5647.28
2010,12.82,1000,Petrol,4,Toyota,Automatic,Blue,Full,0,Yes,4107.82
2003,15.4,3000,Petrol,2,Toyota,Manual,Gray,Full,0,Yes,7506.29
2021,17.28,1800,Diesel,1,Tesla,Automatic,Silver,Full,0,Yes,7343.32
1999,30.3,2500,Diesel,2,BMW,Manual,Blue,Full,1,Yes,6465.03
2021,21.6,2500,Diesel,3,Kia,Automatic,Blue,Partial,0,Yes,9544.2
2020,21.03,4000,Petrol,3,Hyundai,Manual,Red,Partial,1,No,11654.88
2021,9.88,1500,Diesel,1,Tesla,Manual,Silver,Full,2,No,7663.6
2012,24.84,1500,Diesel,1,BMW,Manual,Blue,,0,Yes,8932.09
1998,34.38,2500,Diesel,2,BMW,Manual,Red,Partial,2,Yes,6568.51
2018,16.52,1200,Petrol,4,Chevrolet,Automatic,Red,,0,Yes,5155.42
2009,8.79,5000,Petrol,2,Volkswagen,Manual,Black,Full,0,No,12546.13
2003,13.77,800,Diesel,5,BMW,Manual,Blue,Full,0,Yes,3612.93
2001,14.52,1000,Petrol,2,Kia,Automatic,White,,0,No,5591.14
1998,15.63,2500,Diesel,1,Chevrolet,Automatic,Silver,Partial,0,Yes,7047.68
2015,18.99,4000,Diesel,4,Tesla,Automatic,White,Partial,0,Yes,11185.86
1996,17.25,1800,Diesel,5,Nissan,Automatic,Blue,Partial,1,Yes,3124.05
1995,9.88,1200,Diesel,5,Tesla,Manual,Black,Partial,1,No,1000.0
2021,20.31,2000,Petrol,3,Honda,Automatic,Red,,1,Yes,7817.26
2007,19.13,3000,Electric,1,Ford,Automatic,Black,,0,Yes,12814.84
2018,26.37,1500,Diesel,2,Honda,Automatic,White,,0,Yes,8139.87
2010,23.65,800,Petrol,3,Kia,Manual,Blue,,0,Yes,6190.33
2017,13.38,800,Diesel,2,Chevrolet,Manual,Gray,Full,2,Yes,6097.8
2005,14.81,1500,Diesel,4,Nissan,Manual,Gray,Partial,0,Yes,7478.79
1995,19.04,2500,Diesel,2,Nissan,Automatic,Black,Full,1,Yes,6996.8
2020,18.75,800,Petrol,3,Tesla,Manual,Black,Full,2,No,7593.64
2000,17.61,5000,Petrol,2,Volkswagen,Manual,Silver,Partial,0,Yes,8367.1
2007,20.67,4000,Petrol,5,Chevrolet,Manual,Black,Full,2,Yes,8110.72
2016,17.07,3000,Petrol,3,Chevrolet,Manual,Gray,Full,0,Yes,8826.73
2003,19.74,1800,Electric,4,Ford,Manual,Black,,0,Yes,7223.45
2022,12.6,2500,Petrol,3,Ford,Manual,White,,0,Yes,8654.01
2009,29.36,5000,Electric,4,Ford,Manual,Gray,Full,0,No,14765.09
2022,13.48,1200,Diesel,4,Honda,Manual,Gray,Full,1,No,6642.29
2018,9.48,1200,Petrol,2,Tesla,Manual,Blue,Full,1,Yes,5226.77
2003,16.83,2000,Petrol,3,Nissan,Automatic,Blue,Partial,1,Yes,4516.42
2014,19.33,3000,Petrol,1,Chevrolet,Automatic,Red,Full,0,Yes,7925.86
2003,19.11,4000,Petrol,1,Tesla,Manual,White,Full,0,Yes,9562.18
2014,21.95,3000,Petrol,3,Ford,Automatic,Silver,Full,1,Yes,8160.6
2013,24.2,3000,Electric,2,Chevrolet,Manual,Blue,Partial,0,No,14576.06
2013,23.63,1500,Diesel,1,Hyundai,Manual,Gray,Partial,0,Yes,8498.21
2000,15.54,2000,Diesel,3,Toyota,Manual,Silver,Full,0,Yes,4573.43
2010,19.69,1000,Petrol,3,Volkswagen,Automatic,White,Partial,0,Yes,5815.48
2017,14.08,2500,Diesel,2,Nissan,Manual,White,Full,0,Yes,7245.93
1998,30.2,1500,Diesel,1,Nissan,Automatic,Black,Full,0,Yes,6091.95
2021,14.16,800,Diesel,5,Kia,Automatic,Blue,Full,1,Yes,6901.27
2021,8.37,1200,Electric,1,Nissan,Manual,Red,Full,1,Yes,9647.0
2012,18.7,800,Diesel,1,Kia,Automatic,Gray,Full,1,Yes,4799.54
2011,18.07,800,Petrol,5,Honda,Manual,White,Partial,2,Yes,3570.45
2020,16.57,4000,Petrol,2,Tesla,Automatic,Gray,Full,1,Yes,10234.78
2004,22.17,5000,Petrol,4,Hyundai,Manual,Black,Partial,0,Yes,10611.96
2007,22.32,1200,Petrol,3,Hyundai,Automatic,Black,Full,0,Yes,5183.78
2002,17.63,800,Petrol,5,Tesla,Automatic,Blue,,1,Yes,1000.0
2011,20.56,3000,Diesel,3,Nissan,Manual,Red,Partial,1,No,9925.11
2008,11.96,1000,Diesel,3,BMW,Manual,Black,Partial,0,Yes,1987.51
2006,12.75,1800,Diesel,4,Hyundai,Manual,Red,Full,0,Yes,5683.33
2016,17.52,1200,Petrol,1,Hyundai,Automatic,White,Full,0,Yes,5591.48
1999,31.01,1000,Petrol,3,Kia,Manual,Black,Partial,0,Yes,4642.91
2006,14.73,2500,Petrol,1,Volkswagen,Manual,Gray,,1,Yes,7303.46
2008,13.27,5000,Petrol,4,Kia,Manual,White,Full,1,Yes,8139.4
2001,15.21,3000,Petrol,5,Tesla,Manual,Gray,Full,0,Yes,5367.47
2004,18.74,2000,Petrol,1,Toyota,Automatic,Red,,1,Yes,8007.31
2010,22.94,1200,Diesel,1,Kia,Automatic,White,Partial,0,No,5571.67
2011,14.55,4000,Petrol,5,Nissan,Manual,Red,Full,1,Yes,7929.43
1996,9.84,4000,Diesel,1,Honda,Manual,Gray,Partial,0,Yes,8111.02
2007,15.63,1000,Petrol,4,Nissan,Manual,Silver,Full,0,Yes,3988.91
2006,14.88,2000,Petrol,5,Kia,Automatic,Blue,Full,0,Yes,4892.79
2019,20.54,4000,Diesel,4,Volkswagen,Manual,Red,,0,No,9097.06
2005,18.1,5000,Electric,3,Nissan,Manual,Black,Partial,0,Yes,12843.89
2020,17.96,2500,Petrol,5,Volkswagen,Automatic,Gray,Full,0,No,8601.11
2012,14.4,5000,Diesel,1,Volkswagen,Automatic,Gray,Full,0,No,11799.87
2004,17.34,1200,Petrol,1,BMW,Manual,Silver,Full,2,No,7414.75
2016,19.31,4000,Diesel,4,Tesla,Manual,Gray,Full,2,Yes,11663.24
2021,22.51,800,Petrol,2,Kia,Manual,Blue,Full,0,Yes,7025.16
2023,17.82,2000,Petrol,3,Volkswagen,Manual,Silver,Full,0,Yes,8690.56
2023,9.38,1000,Diesel,1,Nissan,Manual,Blue,Full,0,Yes,7941.75
2016,20.79,2500,Petrol,1,Hyundai,Automatic,Red,Full,0,Yes,7943.15
1995,21.86,5000,Electric,3,Nissan,Manual,Blue,Partial,1,Yes,10535.93
2021,17.2,5000,Petrol,1,Volkswagen,Manual,Red,Partial,0,Yes,12034.79
2005,16.06,1000,Diesel,1,Toyota,Automatic,Black,Full,1,Yes,6240.22
2006,13.21,5000,Petrol,5,Toyota,Manual,Gray,,1,Yes,8117.19
2016,17.04,800,Petrol,2,Hyundai,Manual,Black,Partial,0,Yes,6266.35
2012,25.67,1200,Petrol,2,Kia,Manual,Gray,,0,Yes,9812.91
2021,20.18,1200,Petrol,1,Nissan,Manual,White,Partial,0,No,6218.03
2017,16.76,1000,Petrol,3,Nissan,Manual,Red,Full,0,Yes,7000.67
2020,11.29,2500,Petrol,5,Tesla,Manual,Silver,Full,1,Yes,7078.01
2006,20.98,1500,Diesel,5,Volkswagen,Manual,Black,Full,0,Yes,4902.46
2001,18.11,1000,Petrol,4,Honda,Manual,Red,Partial,0,Yes,3766.5
2011,11.83,1500,Diesel,4,BMW,Manual,Silver,Partial,1,Yes,5407.93
2001,13.07,2000,Petrol,4,Ford,Automatic,Red,,0,Yes,4685.26
2014,12.49,3000,Diesel,3,Toyota,Manual,Blue,Partial,0,Yes,8524.15
1997,8.14,4000,Petrol,3,Kia,Manual,Blue,Partial,0,Yes,5264.89
2006,21.62,1200,Petrol,3,Tesla,Automatic,Black,Full,1,Yes,3764.12
2003,13.75,1000,Petrol,4,Ford,Automatic,Black,Full,1,No,3144.73
2010,13.37,4000,Petrol,2,Honda,Automatic,Blue,Partial,1,Yes,9852.08
1998,13.33,2000,Petrol,2,Volkswagen,Automatic,Red,Full,1,Yes,4131.67
2022,15.92,5000,Diesel,3,Hyundai,Manual,Blue,Full,0,Yes,13108.63
2000,16.66,800,Diesel,5,Honda,Automatic,Red,,1,No,3392.87
2000,19.57,2500,Diesel,5,Chevrolet,Automatic,Blue,Partial,0,No,4205.9
2013,12.98,1000,Petrol,4,Kia,Automatic,Blue,Partial,2,No,5879.14
2009,25.57,1000,Diesel,4,Hyundai,Manual,Gray,Partial,0,Yes,5781.52
2002,21.51,2000,Petrol,1,BMW,Manual,White,Full,0,Yes,7270.99
2006,18.91,1800,Petrol,2,Hyundai,Manual,Blue,Partial,2,Yes,6464.23
2017,21.39,4000,Petrol,5,Tesla,Automatic,Gray,,1,Yes,9583.23
2009,12.58,1200,Petrol,2,Ford,Manual,Silver,Full,0,Yes,4335.57
1995,27.91,1500,Petrol,2,Kia,Manual,White,Full,3,Yes,5566.83
2004,20.34,1500,Diesel,2,Nissan,Manual,Silver,Partial,0,Yes,5943.8
2004,20.26,2500,Petrol,2,Volkswagen,Automatic,Gray,,1,Yes,6501.98
2010,13.28,4000,Petrol,4,Volkswagen,Manual,Red,Partial,0,Yes,10116.57
2000,10.39,2500,Diesel,1,Nissan,Manual,Gray,Full,0,Yes,4221.73
2006,19.68,2000,Petrol,3,Toyota,Automatic,Silver,,0,Yes,8885.32
1996,22.74,3000,Petrol,1,Honda,Automatic,Red,Full,1,Yes,7063.46
2018,17.31,5000,Diesel,5,Tesla,Automatic,Blue,Partial,0,Yes,11120.82
2006,15.63,5000,Petrol,2,Honda,Manual,Red,,0,Yes,9581.47
2011,15.05,5000,Petrol,5,Honda,Automatic,Gray,Full,0,Yes,10966.6
2012,18.38,1800,Petrol,2,Kia,Manual,Red,Full,0,Yes,6401.55
2007,16.1,1200,Petrol,4,Honda,Manual,Red,Partial,0,Yes,4824.67
2018,26.49,3000,Electric,3,Kia,Manual,Black,Full,0,Yes,12544.35
2003,16.05,3000,Petrol,5,Honda,Automatic,White,Full,0,Yes,4941.03
2007,19.99,800,Petrol,1,Hyundai,Manual,White,Full,0,No,4643.27
2021,27.99,1000,Diesel,2,Ford,Automatic,Black,Full,0,Yes,8120.11
1995,24.38,4000,Diesel,3,Tesla,Automatic,Black,Full,0,Yes,7565.18
2016,25.35,1800,Diesel,3,Chevrolet,Manual,Black,Partial,0,No,7916.54
2019,16.3,4000,Petrol,3,Hyundai,Manual,Silver,Partial,2,Yes,11015.36
2018,14.29,3000,Petrol,3,Nissan,Automatic,Black,Full,0,Yes,7928.37
2004,16.35,4000,Petrol,5,Tesla,Automatic,Gray,,0,No,7816.66
2005,18.5,4000,Electric,4,Nissan,Automatic,Red,Full,0,Yes,10366.82
2011,25.33,5000,Petrol,3,Volkswagen,Manual,Black,Partial,1,Yes,11301.25
1996,21.68,1000,Diesel,3,Volkswagen,Manual,Gray,,1,Yes,3738.1
2000,25.43,5000,Diesel,2,Tesla,Automatic,Black,Full,1,Yes,10594.78
2014,15.63,2500,Petrol,1,Kia,Automatic,Red,Partial,1,No,8512.85
2016,22.35,1200,Petrol,4,Volkswagen,Automatic,Black,Full,0,Yes,6429.95
2011,10.28,1200,Petrol,5,BMW,Automatic,Red,Full,0,Yes,3717.96
2007,12.57,1800,Petrol,3,Toyota,Manual,White,Partial,0,Yes,5663.53
2023,19.08,1000,Diesel,1,Hyundai,Manual,Blue,Full,1,Yes,7465.84
2001,22.13,800,Electric,1,Chevrolet,Manual,Red,,1,Yes,8080.22
2021,19.55,2000,Petrol,1,Kia,Automatic,White,Full,1,Yes,11074.24
2007,29.4,1200,Diesel,3,Honda,Automatic,Black,Full,0,Yes,5434.44
2000,22.89,1000,Diesel,5,Honda,Automatic,Red,Partial,1,Yes,2747.48
1997,17.74,1200,Diesel,3,Volkswagen,Automatic,Blue,Full,0,Yes,3131.81
2023,26.64,2000,Petrol,5,BMW,Manual,Blue,Full,0,Yes,6927.53
1996,17.62,2500,Diesel,2,Honda,Manual,Black,Full,1,Yes,4427.61
2006,23.59,1200,Petrol,3,Ford,Manual,Gray,Full,0,Yes,4584.93
2017,22.94,1200,Petrol,5,Nissan,Manual,Blue,Partial,1,No,5627.78
2011,13.49,2000,Petrol,1,Chevrolet,Manual,Red,Partial,1,Yes,7304.65
2003,17.14,5000,Diesel,1,Ford,Automatic,White,,0,Yes,10247.82
2000,22.06,2500,Diesel,5,Tesla,Manual,Red,Partial,0,Yes,3965.57
2005,14.77,3000,Petrol,4,Chevrolet,Automatic,Silver,Full,1,Yes,8121.1
2020,17.48,1000,Diesel,1,Volkswagen,Automatic,Silver,,0,Yes,6293.35
2014,17.65,1800,Diesel,3,Tesla,Manual,Black,Full,1,Yes,6765.01
1997,21.1,1500,Petrol,5,BMW,Manual,Blue,Full,1,No,2787.76
2005,21.77,2000,Diesel,1,Toyota,Manual,Silver,Full,1,No,7495.36
1996,16.0,5000,Petrol,5,Toyota,Automatic,Blue,,0,No,8488.56
2014,14.57,1500,Petrol,3,Nissan,Manual,Blue,Full,1,Yes,5590.6
1999,16.63,2500,Petrol,3,Honda,Manual,Gray,,1,Yes,4358.16
1996,16.17,1800,Electric,5,Hyundai,Automatic,Black,Full,0,Yes,5455.81
1996,18.83,1800,Petrol,4,Toyota,Automatic,Silver,Full,0,Yes,2213.1
2019,11.75,2000,Petrol,4,Toyota,Automatic,Black,,1,Yes,7471.68
2014,20.46,1500,Diesel,5,Toyota,Automatic,Blue,Partial,0,No,6281.85
1998,22.89,800,Diesel,3,Tesla,Automatic,Gray,Partial,1,Yes,4254.63
2017,20.45,3000,Diesel,1,BMW,Automatic,Silver,Full,0,Yes,9303.08
2017,14.03,2500,Diesel,2,Ford,Manual,Gray,,2,Yes,6476.65
2021,19.45,2000,Petrol,2,Toyota,Automatic,Silver,Partial,1,Yes,10155.69
2005,23.8,1200,Petrol,4,BMW,Manual,Blue,Full,0,No,4340.35
2002,14.39,1800,Diesel,3,Nissan,Manual,Silver,Full,0,Yes,4765.68
2017,16.16,1800,Petrol,5,Nissan,Manual,Blue,Partial,1,Yes,6028.72
2015,19.25,2000,Petrol,3,Nissan,Automatic,Gray,Full,0,Yes,6503.68
2021,11.85,5000,Petrol,3,Toyota,Manual,Silver,Partial,0,Yes,14104.0
2001,24.07,3000,Diesel,1,Kia,Manual,Gray,Full,1,Yes,7996.31
2012,18.1,1800,Petrol,4,Chevrolet,Manual,Blue,Full,0,Yes,6527.03
2002,18.09,2000,Electric,4,BMW,Manual,Black,Full,0,Yes,7474.48
2013,20.41,5000,Electric,2,Honda,Manual,Gray,,0,Yes,17155.52
2018,17.04,4000,Petrol,1,Tesla,Manual,Red,,0,Yes,9405.04
2019,20.71,3000,Diesel,5,Ford,Automatic,Silver,Full,0,Yes,9544.89
2000,32.0,3000,Petrol,3,Toyota,Manual,Gray,Full,2,Yes,7126.47
2013,18.41,800,Diesel,2,Ford,Manual,Blue,Full,0,No,6940.89
2016,17.89,4000,Petrol,5,BMW,Manual,Red,Partial,0,Yes,9172.25
2009,15.27,3000,Petrol,1,Honda,Automatic,Silver,Partial,0,Yes,9265.57
2015,16.73,4000,Electric,2,Hyundai,Manual,White,Partial,2,Yes,14553.08
2015,12.76,5000,Diesel,4,Honda,Manual,Silver,Full,0,Yes,10029.62
2016,17.09,800,Diesel,2,Nissan,Automatic,Red,Full,1,Yes,5600.29
2007,22.5,1800,Petrol,3,Tesla,Automatic,Silver,Full,1,Yes,4417.7
2004,5.0,1800,Petrol,2,Tesla,Automatic,White,Partial,0,Yes,5137.68
1996,19.15,1500,Petrol,2,Volkswagen,Manual,White,Full,0,No,3723.11
2018,28.76,1000,Petrol,4,Kia,Manual,Silver,Full,1,No,6939.58
2020,22.0,3000,Diesel,5,Honda,Manual,Blue,Partial,0,Yes,9137.82
2009,20.4,1800,Petrol,5,Hyundai,Manual,Blue,Partial,0,No,7251.96
2008,12.85,1200,Electric,1,Kia,Manual,Blue,Partial,0,Yes,8663.79
2008,13.24,1200,Petrol,3,Volkswagen,Manual,Silver,Full,2,No,6357.67
2000,17.37,4000,Petrol,4,Ford,Manual,Black,Full,0,Yes,8074.2
2019,10.78,2000,Diesel,5,Honda,Automatic,Gray,,0,Yes,4724.6
2017,14.87,2000,Electric,4,BMW,Manual,Blue,,0,Yes,8729.9
2007,13.52,3000,Diesel,4,Volkswagen,Automatic,White,,0,Yes,7220.28
2003,23.33,3000,Diesel,3,Toyota,Automatic,White,Full,1,Yes,8438.89
2000,14.88,1800,Petrol,4,Ford,Automatic,Black,Full,0,Yes,3623.39
2014,13.36,2000,Petrol,5,Tesla,Automatic,White,Full,0,Yes,6078.81
2023,19.07,800,Petrol,5,Honda,Manual,White,Partial,1,Yes,7436.83
2020,7.92,4000,Petrol,3,Volkswagen,Automatic,Red,Full,0,Yes,9933.92
1996,16.62,1200,Petrol,3,Ford,Automatic,Silver,Partial,1,Yes,3562.64
1995,20.73,1800,Petrol,3,BMW,Manual,Black,Partial,0,No,4541.17
2019,23.83,4000,Diesel,5,Ford,Automatic,Blue,Full,0,Yes,11393.78
2011,18.24,1000,Petrol,1,Ford,Manual,Red,,0,Yes,7061.93
2013,26.84,2000,Diesel,4,Ford,Manual,Black,Full,0,Yes,6679.7
1998,21.41,1000,Petrol,5,Honda,Automatic,Blue,Partial,0,No,3219.19
1998,17.87,1800,Petrol,5,Kia,Manual,Silver,Full,0,Yes,3129.1
2017,15.88,5000,Diesel,1,Kia,Automatic,Gray,Full,0,Yes,12971.93
2009,12.87,1500,Diesel,1,Nissan,Manual,Silver,,0,Yes,5096.05
2016,19.96,800,Petrol,3,Volkswagen,Automatic,Red,Full,0,Yes,4201.16
2014,15.27,800,Diesel,4,BMW,Automatic,Black,Full,1,Yes,5377.37
2011,13.23,5000,Diesel,4,Volkswagen,Automatic,Blue,Full,0,Yes,11042.77
1998,9.38,5000,Diesel,3,Ford,Automatic,Gray,Partial,0,Yes,7075.58
2020,18.57,2500,Petrol,5,Hyundai,Manual,Blue,Partial,0,No,7610.04
2006,17.05,1800,Electric,5,Kia,Manual,White,Full,1,Yes,5976.79
2020,15.84,1500,Diesel,3,Ford,Automatic,White,,0,Yes,5229.05
2003,16.3,3000,Diesel,5,Chevrolet,Automatic,Blue,Full,1,No,5624.17
2019,23.31,1800,Diesel,1,Honda,Automatic,White,Partial,0,No,8408.66
2021,18.43,2500,Diesel,2,Kia,Manual,Red,Full,0,No,9103.8
2016,15.81,5000,Petrol,4,Ford,Automatic,Silver,Partial,1,Yes,10131.69
2020,20.74,5000,Diesel,5,Tesla,Automatic,Gray,,1,No,11203.57
2001,10.92,2500,Petrol,1,Volkswagen,Manual,Silver,Full,0,No,6095.4
2003,24.52,1200,Petrol,1,Hyundai,Manual,Silver,Full,0,No,6404.94
2021,22.69,1500,Diesel,2,BMW,Manual,Black,Full,2,Yes,7393.39
2015,17.07,1500,Diesel,4,Tesla,Manual,Black,Full,2,Yes,5026.26
2000,22.09,1000,Diesel,5,Ford,Manual,Red,Full,0,Yes,3128.2
2016,15.83,5000,Diesel,3,Ford,Automatic,Blue,Partial,0,Yes,12188.35
2014,15.89,4000,Petrol,1,Tesla,Manual,Gray,Full,1,Yes,11108.39
1996,18.24,1500,Diesel,5,Nissan,Automatic,Silver,Partial,1,Yes,4031.8
2013,19.27,2500,Petrol,3,Ford,Manual,Black,Partial,0,Yes,8440.83
2015,14.55,1000,Diesel,2,Hyundai,Manual,Silver,Full,0,Yes,6163.33
2000,14.66,1200,Petrol,3,Honda,Automatic,Blue,Partial,0,Yes,4691.11
2001,18.96,1200,Petrol,1,Honda,Manual,Silver,Partial,1,Yes,5855.64
2006,12.67,800,Petrol,1,Hyundai,Automatic,Red,Partial,0,No,4507.87
2010,25.56,800,Diesel,4,Kia,Automatic,Blue,Partial,1,Yes,6439.39
2020,20.86,2000,Diesel,3,Hyundai,Manual,Silver,Full,0,Yes,8174.76
2002,21.93,1500,Petrol,1,Ford,Automatic,White,Partial,1,Yes,5643.43
2000,16.55,1000,Petrol,5,Hyundai,Automatic,Gray,Full,1,Yes,1771.88
2007,8.13,5000,Diesel,3,BMW,Automatic,Blue,Full,1,Yes,9069.17
2012,26.69,3000,Petrol,5,Chevrolet,Manual,Silver,Partial,0,Yes,10333.72
2012,19.22,2500,Petrol,4,Toyota,Automatic,Silver,Full,0,Yes,7777.46
2006,18.67,3000,Petrol,3,Nissan,Automatic,Blue,Full,0,Yes,6682.44
2014,5.0,1800,Diesel,1,Nissan,Automatic,Blue,,0,Yes,5837.05
2000,17.54,1500,Diesel,5,Tesla,Manual,Black,Full,0,Yes,2908.4
1996,15.47,2000,Diesel,3,Ford,Automatic,Gray,Full,1,Yes,5169.53
2008,15.45,1800,Diesel,1,Honda,Automatic,Silver,,0,Yes,6401.05
2011,21.97,1000,Petrol,3,Nissan,Automatic,Gray,Full,0,Yes,6937.51
2014,23.39,4000,Petrol,4,Toyota,Manual,Red,,0,Yes,10106.83
2023,11.75,800,Diesel,2,Toyota,Manual,Red,Partial,1,Yes,6062.19
2006,17.86,1800,Diesel,4,BMW,Manual,White,Full,1,Yes,5753.84
2003,10.94,2000,Petrol,1,Volkswagen,Manual,Blue,Full,1,Yes,4888.59
1996,13.36,1200,Petrol,2,BMW,Automatic,Silver,,0,Yes,3491.13
2014,17.84,1000,Petrol,3,Ford,Manual,Black,Full,1,No,7311.38
2007,16.69,1000,Petrol,3,Ford,Automatic,Silver,Full,1,Yes,4424.02
1999,12.72,800,Diesel,2,BMW,Manual,Silver,,1,Yes,1456.21
2005,8.96,4000,Electric,5,Volkswagen,Automatic,Red,Full,1,Yes,11658.26
2016,14.07,1000,Petrol,1,Volkswagen,Manual,Gray,Full,3,Yes,5473.99
1998,15.29,5000,Petrol,3,Tesla,Manual,Black,Full,1,No,8083.56
2003,10.1,5000,Petrol,3,Honda,Automatic,Blue,Full,0,Yes,8725.79
2019,19.48,5000,Diesel,3,Chevrolet,Automatic,Red,Full,0,Yes,12901.59
2010,27.22,2500,Petrol,2,Hyundai,Manual,Silver,Partial,0,Yes,7626.96
1996,17.07,2000,Petrol,4,Chevrolet,Manual,Black,Partial,0,Yes,4299.05
2000,15.9,1200,Petrol,2,Chevrolet,Manual,Blue,Full,2,Yes,3002.71
2001,13.3,1800,Diesel,1,Chevrolet,Manual,Black,Full,0,Yes,4891.55
1996,22.05,5000,Petrol,1,Toyota,Automatic,Gray,Full,0,Yes,10722.75
1997,12.13,2500,Diesel,5,Toyota,Manual,Black,Full,1,No,5511.14
2018,15.32,2000,Petrol,2,Chevrolet,Automatic,Blue,,0,Yes,7145.37
2003,16.5,1200,Diesel,4,Hyundai,Manual,Gray,Partial,0,Yes,3278.15
2009,11.57,1000,Petrol,3,Nissan,Manual,White,Partial,0,Yes,5011.01
2005,9.85,5000,Petrol,5,Kia,Manual,White,,1,Yes,6891.58
2023,19.5,1000,Diesel,2,Tesla,Manual,Red,,0,Yes,6952.06
2018,16.53,1200,Diesel,2,Volkswagen,Automatic,Gray,Partial,3,No,6032.24
2004,18.29,5000,Diesel,1,Volkswagen,Automatic,Black,,0,Yes,11717.03
2001,20.77,1000,Petrol,3,Ford,Automatic,Gray,Full,0,No,4192.08
2008,16.78,2500,Diesel,3,Chevrolet,Manual,Red,Full,0,Yes,5680.89
2014,22.68,1200,Petrol,2,Volkswagen,Manual,White,,0,Yes,6866.15
2007,18.15,4000,Petrol,1,BMW,Manual,Silver,Full,1,Yes,11660.3
2004,9.35,3000,Petrol,1,Hyundai,Automatic,Blue,Full,0,Yes,7832.44
2019,13.77,1800,Diesel,5,Chevrolet,Automatic,Gray,,0,No,6096.15
2019,20.27,1000,Petrol,5,Kia,Automatic,Black,Full,1,No,5635.27
2004,15.72,2000,Diesel,2,BMW,Automatic,Gray,,0,Yes,7103.18
1997,11.17,4000,Diesel,1,Hyundai,Manual,Black,Full,2,Yes,7915.94
2005,13.99,3000,Petrol,4,Kia,Manual,Black,Partial,0,Yes,5634.13
2005,27.28,1000,Petrol,5,Kia,Manual,Black,,0,Yes,5166.13
2019,22.24,1000,Electric,3,Toyota,Manual,Gray,Full,1,Yes,8741.77
2011,22.51,1500,Diesel,5,Nissan,Automatic,Blue,Full,0,Yes,3884.74
2001,7.34,1200,Petrol,5,Chevrolet,Manual,Black,Full,1,Yes,2178.64
2015,17.79,4000,Diesel,4,Toyota,Automatic,Red,Full,1,Yes,11150.38
2011,17.7,3000,Petrol,4,BMW,Manual,Red,Full,1,Yes,5216.1
2017,19.0,3000,Diesel,4,Hyundai,Manual,Red,Full,1,Yes,9048.04
1998,18.8,1200,Diesel,5,Volkswagen,Manual,Gray,Partial,0,Yes,3208.09
2022,24.39,4000,Petrol,3,Toyota,Automatic,Silver,Full,0,Yes,11218.96
2017,13.39,1500,Petrol,5,Hyundai,Manual,Silver,,0,Yes,5560.64
2007,25.29,800,Petrol,3,Hyundai,Automatic,Gray,Partial,2,Yes,7245.68
2023,8.2,1800,Petrol,5,Hyundai,Automatic,Silver,Full,1,Yes,6085.3
2018,17.6,1800,Electric,1,BMW,Automatic,Gray,,1,Yes,13365.21
2016,12.09,2000,Petrol,5,Tesla,Automatic,Red,Partial,0,Yes,6662.37
2000,17.86,2000,Diesel,3,BMW,Manual,White,Partial,1,Yes,5947.74
2000,8.98,2500,Diesel,4,Hyundai,Automatic,Black,Partial,0,Yes,4465.4
2005,18.31,1800,Diesel,1,Tesla,Automatic,Black,Full,0,Yes,5851.1
2007,23.84,1000,Petrol,4,BMW,Manual,White,Partial,1,Yes,5298.24
2022,23.93,1800,Diesel,2,BMW,Automatic,Gray,Full,0,Yes,7672.32
1999,15.35,1800,Petrol,5,Nissan,Manual,Silver,,2,Yes,3234.01
2005,21.87,1000,Diesel,1,Hyundai,Manual,Black,Partial,0,Yes,4322.43
1997,22.17,4000,Petrol,2,Kia,Manual,Gray,,0,Yes,8082.02
2002,7.42,1500,Petrol,2,Chevrolet,Automatic,Silver,Partial,0,No,2254.76
2012,22.06,2000,Petrol,5,Kia,Manual,Black,Partial,0,Yes,6152.57
2017,14.28,1000,Petrol,3,Tesla,Manual,Blue,,0,Yes,5968.37
1995,15.03,1000,Diesel,5,Chevrolet,Manual,White,Full,1,Yes,1000.0
2020,11.32,2500,Diesel,1,Honda,Manual,Black,Full,1,Yes,9072.81
2014,17.0,1500,Diesel,2,Ford,Manual,White,Full,0,Yes,6388.36
1997,14.7,4000,Diesel,3,Toyota,Automatic,Blue,Full,1,Yes,5962.06
2008,15.78,1500,Petrol,1,Ford,Automatic,Silver,,1,Yes,7058.55
2006,20.46,1000,Diesel,1,Volkswagen,Automatic,White,Partial,0,Yes,6780.13
2000,17.8,2500,Petrol,5,Volkswagen,Manual,Red,Full,0,Yes,4943.68
2016,18.02,4000,Diesel,1,Toyota,Manual,Black,Full,0,Yes,11669.07
2007,28.47,1200,Diesel,2,Honda,Automatic,Blue,Full,1,Yes,6696.72
1999,15.34,5000,Diesel,4,Volkswagen,Manual,Black,Full,0,Yes,9079.24
2006,24.3,1000,Petrol,1,Chevrolet,Manual,Gray,,0,Yes,4341.35
1998,28.21,2500,Petrol,3,Kia,Manual,White,Partial,0,Yes,8072.14
2021,14.25,2000,Electric,4,Hyundai,Manual,Silver,,2,Yes,10767.86
1996,13.33,1800,Petrol,4,Toyota,Manual,Red,Full,0,No,3386.14
2008,17.35,1500,Diesel,2,Tesla,Manual,Silver,Full,0,Yes,6893.55
2006,10.09,1500,Petrol,4,Nissan,Manual,Gray,Full,1,Yes,2971.66
2005,20.44,1200,Diesel,4,Tesla,Manual,White,Full,0,No,4143.68
1998,16.98,1000,Diesel,4,Ford,Automatic,Black,,1,Yes,2453.78
1998,18.14,5000,Diesel,5,Hyundai,Manual,Black,Full,0,Yes,9144.93
2015,10.85,1200,Diesel,3,Nissan,Manual,Silver,Full,0,No,5033.01
1999,17.13,2500,Petrol,3,Tesla,Automatic,Black,Full,1,Yes,5584.2
2018,18.12,4000,Petrol,1,Ford,Manual,Red,Full,0,Yes,12028.7
2003,27.84,800,Petrol,1,Volkswagen,Manual,White,Full,1,Yes,4861.59
2018,16.93,5000,Diesel,5,Kia,Automatic,Black,Full,1,Yes,9503.97
2019,18.96,2500,Diesel,5,Kia,Manual,White,,0,No,7814.98
2007,14.57,5000,Electric,1,Ford,Automatic,White,Partial,0,Yes,15509.27
2022,16.25,1200,Petrol,3,Ford,Automatic,Red,Full,0,Yes,6476.5
2018,14.18,1800,Petrol,2,Kia,Manual,Blue,,0,Yes,9847.01
2016,18.74,1200,Diesel,5,Hyundai,Manual,Black,,1,Yes,5941.09
2016,24.51,1000,Diesel,1,Toyota,Manual,Red,Partial,3,Yes,6415.33
2009,11.35,5000,Petrol,3,Toyota,Automatic,Blue,Full,0,Yes,9932.53
2001,15.01,1500,Diesel,4,Kia,Manual,Black,Partial,1,Yes,2204.5
2009,19.34,800,Petrol,1,Ford,Automatic,White,Full,1,Yes,5682.71
2011,20.95,1200,Petrol,5,Hyundai,Manual,Black,Partial,0,No,6061.56
2016,18.48,1000,Diesel,2,Tesla,Automatic,Black,Full,1,Yes,5591.11
2001,13.8,1800,Electric,3,Ford,Manual,Silver,,3,No,8014.78
2014,16.95,1200,Diesel,1,Hyundai,Manual,Red,,0,Yes,6415.25
2023,10.54,4000,Diesel,1,Volkswagen,Automatic,Black,,1,Yes,10830.74
2005,9.73,1000,Electric,4,Nissan,Automatic,Silver,,0,Yes,5309.49
1997,21.17,1800,Diesel,4,BMW,Manual,Red,Full,2,No,5348.13
2016,15.72,1000,Petrol,2,Kia,Manual,Blue,Partial,0,Yes,6848.02
2020,9.41,1800,Petrol,4,Volkswagen,Automatic,Blue,Full,0,Yes,7169.17
2011,19.83,1000,Diesel,5,Honda,Automatic,Gray,,0,Yes,4421.83
2004,16.4,1800,Petrol,2,Toyota,Automatic,Red,Full,2,No,5588.21
1995,9.96,4000,Petrol,2,Chevrolet,Manual,Blue,Full,1,Yes,5470.93
2011,16.07,5000,Petrol,4,Kia,Manual,Red,Full,0,No,10689.55
1999,22.58,800,Electric,3,Hyundai,Manual,Blue,Partial,2,No,7058.93
2011,20.73,1000,Petrol,3,Tesla,Manual,Gray,Partial,0,Yes,7161.56
1995,20.3,1500,Diesel,3,Tesla,Manual,Black,,1,Yes,4823.72
2006,23.32,5000,Petrol,4,Toyota,Manual,Black,Full,2,Yes,12527.57
1999,21.91,3000,Diesel,5,Honda,Automatic,Silver,Partial,0,Yes,4790.72
1999,11.89,1500,Diesel,2,Kia,Manual,Red,Full,0,Yes,3362.4
2007,21.35,5000,Petrol,1,Tesla,Manual,Gray,Full,1,Yes,12276.71
2016,12.64,3000,Diesel,1,BMW,Automatic,White,Full,1,No,9785.42
2001,20.0,800,Diesel,2,Ford,Manual,Silver,Full,0,Yes,3620.53
1996,15.94,1500,Electric,4,Hyundai,Manual,White,Full,0,Yes,6944.8
2018,18.34,2000,Diesel,1,Volkswagen,Manual,Black,,1,No,10111.02
2009,18.88,1500,Diesel,5,Tesla,Automatic,Gray,Partial,1,Yes,2825.3
2000,9.97,1500,Diesel,4,Tesla,Manual,Silver,Full,1,Yes,2187.39
2020,14.68,3000,Diesel,4,Toyota,Manual,Gray,,0,No,7709.37
2007,18.28,5000,Petrol,1,Hyundai,Automatic,Blue,Partial,2,Yes,13283.25
2005,15.74,2000,Electric,4,Kia,Automatic,Silver,,0,Yes,7487.67
2010,11.58,1800,Diesel,3,Nissan,Automatic,Blue,Full,0,No,5785.51
2008,29.56,5000,Petrol,1,Ford,Automatic,White,Partial,1,No,13831.66
2009,23.87,1200,Diesel,1,Nissan,Manual,White,Partial,0,Yes,5967.35
2004,27.13,3000,Diesel,2,Hyundai,Automatic,Silver,Partial,1,No,8145.88
2006,27.87,1000,Electric,2,BMW,Automatic,Black,Full,1,Yes,9532.43
2004,21.91,2500,Petrol,1,Honda,Automatic,Gray,Full,1,Yes,7316.05
2020,19.88,4000,Electric,5,Hyundai,Automatic,Gray,Full,0,Yes,13488.97
2017,23.53,1200,Petrol,5,BMW,Automatic,Blue,,0,Yes,6379.66
1996,8.24,1500,Diesel,3,Ford,Manual,White,Full,1,No,3798.14
2009,14.25,1500,Diesel,2,BMW,Manual,Gray,Full,0,Yes,6223.93
1997,17.78,1200,Electric,2,Tesla,Manual,Gray,Full,1,Yes,7185.76
2006,28.0,2000,Petrol,3,Kia,Manual,Red,Partial,0,Yes,6018.75
2014,19.03,3000,Petrol,5,Hyundai,Manual,Black,Full,1,Yes,7972.25
2006,18.78,2000,Petrol,5,Kia,Automatic,Black,Full,1,No,3499.85
2011,25.34,1500,Diesel,4,BMW,Manual,Silver,Partial,0,No,6548.13
2000,24.13,1000,Petrol,2,BMW,Manual,Gray,Partial,1,Yes,5830.73
2003,15.2,2500,Petrol,3,Volkswagen,Automatic,Black,,1,Yes,4656.66
1998,22.19,800,Petrol,2,Honda,Automatic,Silver,Partial,0,Yes,4987.78
2008,18.97,1800,Petrol,1,Kia,Manual,Silver,,1,Yes,5979.11
2013,22.46,800,Petrol,1,BMW,Manual,White,,0,Yes,5918.62
2009,17.49,1500,Diesel,3,Volkswagen,Automatic,Red,,0,Yes,6347.08
2008,19.59,3000,Petrol,3,Tesla,Manual,Blue,Full,2,No,6804.95
2011,19.17,5000,Diesel,5,Tesla,Automatic,Gray,,0,Yes,9749.39
2017,17.75,4000,Petrol,2,Volkswagen,Automatic,Gray,Full,0,Yes,10920.73
2010,6.91,1500,Diesel,1,Chevrolet,Manual,Red,Full,1,No,5297.97
2008,14.19,3000,Diesel,5,Volkswagen,Automatic,Gray,,0,Yes,7674.12
2001,16.49,3000,Petrol,5,BMW,Automatic,White,Full,0,No,5344.62
1998,18.03,1500,Diesel,4,Toyota,Manual,Gray,Partial,0,No,3393.95
2000,16.1,1800,Diesel,1,BMW,Automatic,Gray,,0,No,5769.84
2021,18.67,2500,Diesel,5,Toyota,Manual,Silver,Full,1,Yes,9200.0
2019,17.64,2500,Diesel,4,Kia,Manual,Silver,Partial,0,Yes,8216.22
2015,13.72,5000,Electric,4,Nissan,Manual,Silver,,1,No,12611.46
2016,19.8,1500,Diesel,4,Hyundai,Manual,Black,Full,0,Yes,5095.22
1996,22.72,800,Diesel,2,Honda,Manual,Black,Full,0,Yes,4324.88
1999,14.14,800,Petrol,1,BMW,Automatic,White,Partial,0,Yes,3973.77
2009,16.63,1500,Electric,4,BMW,Automatic,Red,Partial,1,Yes,6129.93
2022,18.68,1800,Petrol,3,Kia,Automatic,Red,Full,1,No,7486.96
2003,24.54,4000,Petrol,2,Hyundai,Automatic,Gray,Full,1,Yes,12515.14
2022,17.24,5000,Diesel,1,Hyundai,Automatic,White,Partial,1,Yes,13804.24
2011,13.13,2500,Electric,3,Ford,Manual,Gray,,0,Yes,11466.0
2000,28.84,5000,Diesel,1,Honda,Manual,Blue,Full,3,Yes,10501.99
2007,14.44,2000,Petrol,3,Ford,Automatic,Gray,Full,2,Yes,6757.61
2016,13.74,5000,Diesel,4,Ford,Manual,Silver,Full,0,Yes,10872.93
2011,14.92,4000,Petrol,3,Hyundai,Automatic,Black,Partial,0,No,9523.85
2018,28.26,1200,Diesel,4,Nissan,Manual,Red,Full,0,Yes,7566.53
2012,22.91,1800,Diesel,2,Toyota,Manual,Blue,,1,Yes,6041.93
2009,14.66,1200,Electric,1,Tesla,Automatic,Gray,,0,Yes,8110.24
2016,9.37,5000,Diesel,2,Ford,Automatic,Blue,Partial,0,Yes,10960.81
2022,20.93,1800,Petrol,4,BMW,Manual,Red,,0,Yes,8203.62
2002,12.08,1800,Diesel,3,Hyundai,Automatic,Blue,Full,0,Yes,3437.75
2003,22.81,1800,Diesel,1,Toyota,Manual,White,Full,0,Yes,6833.98
1999,16.43,1200,Petrol,3,Toyota,Automatic,Silver,Full,0,Yes,2550.69
2023,15.3,2000,Diesel,3,Tesla,Automatic,Gray,Full,1,Yes,9059.93
1999,21.99,800,Diesel,4,Toyota,Manual,Black,Full,0,Yes,2875.69
2010,17.38,800,Petrol,1,Toyota,Automatic,Red,Full,0,Yes,4901.25
2014,13.49,1800,Petrol,4,Honda,Manual,Red,Full,0,Yes,5000.61
2021,24.43,1500,Diesel,4,Hyundai,Manual,Silver,Full,0,Yes,9087.11
2000,14.09,800,Diesel,4,Toyota,Automatic,Silver,Full,1,Yes,1467.79
1996,14.12,1200,Diesel,1,Nissan,Manual,Silver,Partial,1,No,5248.58
1998,30.19,1800,Petrol,5,BMW,Manual,White,Full,0,Yes,6803.85
1997,16.82,3000,Diesel,5,Volkswagen,Manual,Blue,Partial,1,Yes,4925.32
1996,15.58,1800,Diesel,3,Honda,Manual,Blue,Full,0,Yes,2571.95
2012,6.53,1200,Petrol,3,Tesla,Automatic,Gray,Full,1,No,4861.33
2019,21.2,1500,Petrol,3,Ford,Automatic,Red,Full,0,Yes,6917.27
2016,17.95,1200,Diesel,5,Honda,Automatic,Black,,1,Yes,6486.87
1998,19.94,1200,Diesel,5,BMW,Manual,Black,Full,0,Yes,3703.41
2019,9.19,3000,Petrol,4,Nissan,Manual,Silver,Full,1,Yes,8933.06
2005,16.33,5000,Diesel,4,Kia,Manual,Blue,Partial,0,Yes,9619.16
2022,24.94,1500,Petrol,3,Tesla,Automatic,Gray,Partial,3,Yes,8026.08
2000,19.55,1000,Petrol,3,Ford,Manual,Gray,Full,0,Yes,4589.05
2008,20.81,1500,Petrol,1,BMW,Manual,White,Partial,1,Yes,8536.04
2014,15.94,1200,Diesel,1,Toyota,Automatic,White,Full,0,No,6726.85
2006,21.6,800,Petrol,1,Volkswagen,Automatic,Silver,Full,2,No,5172.28
1996,14.05,1500,Petrol,3,Toyota,Automatic,Blue,,0,No,2405.54
1996,19.16,4000,Petrol,3,Volkswagen,Manual,Red,Partial,1,Yes,8622.54
2003,12.1,1500,Electric,3,Kia,Manual,Blue,Full,0,No,8022.13
2015,13.56,2000,Diesel,1,Volkswagen,Manual,Gray,Partial,0,No,7577.62
2009,23.26,1500,Petrol,2,Tesla,Manual,White,Partial,0,Yes,7649.42
1995,23.07,2000,Diesel,4,Kia,Automatic,Silver,Partial,0,Yes,5051.77
2022,8.48,3000,Diesel,1,Toyota,Automatic,Black,Full,2,No,11047.48
2002,13.95,5000,Diesel,3,BMW,Automatic,Black,Full,0,Yes,8148.13
2002,14.39,1000,Diesel,5,Kia,Manual,Blue,Full,0,Yes,1304.84
2017,18.54,4000,Electric,5,Volkswagen,Manual,Gray,Partial,0,Yes,10573.51
2003,11.64,5000,Diesel,5,Toyota,Automatic,White,Full,1,Yes,7823.83
1996,19.88,1200,Electric,4,Kia,Automatic,Blue,Partial,0,Yes,5755.91
2001,18.21,800,Diesel,1,Honda,Manual,Black,Partial,0,Yes,6757.5
2005,11.76,2000,Petrol,1,BMW,Manual,Red,Full,0,Yes,5384.19
2004,12.17,1000,Petrol,4,Chevrolet,Manual,Gray,Partial,0,Yes,3367.73
2000,17.47,800,Diesel,1,Hyundai,Automatic,Silver,Full,1,Yes,3815.49
1998,16.85,1200,Diesel,5,Volkswagen,Automatic,Silver,Full,0,Yes,3571.9
2007,18.37,5000,Petrol,2,Chevrolet,Manual,Black,Partial,0,Yes,11186.37
2011,16.24,800,Diesel,1,Chevrolet,Manual,Blue,,2,No,8616.73
1999,18.71,4000,Diesel,4,Honda,Manual,Silver,Full,1,Yes,7878.81
2003,16.23,1200,Petrol,5,Hyundai,Manual,Red,,0,Yes,3479.97
2019,15.58,2500,Diesel,1,BMW,Automatic,Silver,Partial,0,Yes,9681.29
2012,25.91,1800,Petrol,1,Volkswagen,Manual,Blue,Partial,0,No,7574.93
2005,15.95,2500,Petrol,3,Kia,Manual,Black,Full,1,Yes,5543.9
2008,12.31,1500,Petrol,5,Ford,Manual,Blue,Partial,1,Yes,4319.88
2016,19.0,4000,Diesel,2,BMW,Manual,Red,Full,0,Yes,12526.76
2023,14.25,1500,Petrol,3,Hyundai,Manual,Gray,Full,0,Yes,8254.82
2006,16.37,1800,Petrol,4,Kia,Manual,Black,Partial,0,Yes,6861.54
1995,10.41,5000,Diesel,5,Chevrolet,Manual,White,Full,1,No,5647.2
2023,15.73,800,Diesel,2,Tesla,Manual,Black,Full,0,No,7049.39
1997,16.45,1500,Diesel,3,Hyundai,Automatic,Black,Full,0,Yes,4271.3
1995,30.37,2500,Diesel,2,Kia,Manual,Red,Full,0,Yes,7536.53
2015,14.62,5000,Petrol,3,Hyundai,Manual,Gray,Partial,0,Yes,12022.62
2002,19.11,3000,Petrol,2,Toyota,Manual,Silver,Partial,0,Yes,10122.85
2023,7.86,1800,Petrol,5,Honda,Manual,Blue,Partial,0,Yes,6688.61
1995,27.44,1800,Diesel,2,Nissan,Manual,Red,Full,0,Yes,4463.7
2009,19.34,1000,Petrol,3,Volkswagen,Manual,Silver,Partial,0,Yes,7015.75
2021,23.54,5000,Diesel,5,Ford,Manual,Blue,,0,Yes,12256.44
2000,16.48,3000,Petrol,1,Tesla,Automatic,Black,Partial,1,Yes,5395.66
2014,14.08,1500,Petrol,1,Tesla,Manual,Gray,Full,1,No,5944.26
2008,11.25,1000,Diesel,3,Chevrolet,Automatic,White,Full,0,Yes,3947.33
2005,12.95,4000,Petrol,5,BMW,Automatic,Blue,Full,0,Yes,7413.59
2011,18.25,4000,Petrol,2,Tesla,Manual,Silver,Partial,1,Yes,12541.09
2015,14.71,1000,Petrol,2,Volkswagen,Automatic,Blue,,0,Yes,4461.24
2016,19.81,1500,Diesel,4,Ford,Manual,Silver,Partial,0,Yes,7155.24
2015,18.01,2000,Petrol,2,Nissan,Manual,Blue,Partial,0,Yes,6597.97
2014,22.6,2000,Diesel,5,Hyundai,Manual,White,,0,No,7972.17
2009,12.37,2500,Petrol,4,Tesla,Manual,Blue,Full,1,Yes,5995.83
1997,18.99,4000,Electric,1,Hyundai,Manual,Silver,Partial,0,Yes,11237.28
2019,16.32,1800,Diesel,3,Chevrolet,Manual,Black,,0,Yes,7824.6
2016,25.66,4000,Petrol,5,Honda,Automatic,Black,Partial,0,No,10337.36
2014,18.65,1200,Diesel,1,BMW,Automatic,Blue,Partial,0,Yes,7649.48
2010,22.34,1000,Petrol,3,Nissan,Manual,Blue,Full,0,Yes,5854.69
2009,25.72,2500,Petrol,2,Toyota,Automatic,Red,Full,0,No,8814.54
2012,18.65,5000,Diesel,4,Tesla,Manual,Blue,Full,0,Yes,9048.38
2020,14.86,2000,Diesel,1,Volkswagen,Automatic,Gray,Full,1,Yes,11247.95
2022,21.91,4000,Electric,4,Hyundai,Manual,Black,Full,0,No,13498.43
2023,11.8,1000,Petrol,2,Honda,Manual,Blue,Partial,0,No,6403.98
2017,14.63,2500,Diesel,4,Hyundai,Automatic,White,Partial,1,Yes,5175.28
2017,15.47,1500,Petrol,4,BMW,Manual,Blue,Full,0,Yes,5881.86
2007,13.49,1800,Petrol,4,Toyota,Manual,Blue,Partial,0,Yes,6983.6
2006,27.82,1200,Diesel,1,BMW,Manual,Blue,Partial,0,Yes,6290.82
2011,16.58,800,Petrol,1,Honda,Automatic,Silver,,0,No,6323.06
2016,13.84,5000,Diesel,3,Hyundai,Manual,White,Full,2,No,10616.94
1997,10.67,4000,Petrol,5,Volkswagen,Manual,White,Partial,1,Yes,4628.14
2013,28.18,2500,Petrol,3,Toyota,Manual,Blue,Partial,0,Yes,9798.95
2015,18.35,1200,Diesel,4,Hyundai,Manual,White,Partial,0,Yes,6072.9
2015,11.8,2500,Diesel,3,Honda,Automatic,Black,Partial,0,No,6822.74
2023,16.33,1200,Petrol,1,Honda,Manual,Black,Full,0,Yes,9099.52
2014,21.69,4000,Diesel,4,Honda,Manual,Silver,Partial,0,Yes,11936.76
2017,16.52,4000,Electric,5,Toyota,Manual,Black,Full,1,Yes,12139.37
2000,17.96,1200,Petrol,4,Volkswagen,Automatic,Silver,Full,0,Yes,4015.95
2019,21.43,5000,Petrol,5,Nissan,Manual,Black,,0,Yes,12037.65
2003,12.98,4000,Diesel,2,Ford,Manual,Gray,Full,0,Yes,8000.56
2008,15.57,3000,Petrol,3,Honda,Automatic,Black,Full,0,No,9543.55
2020,13.8,1000,Diesel,5,Hyundai,Manual,Red,Full,1,Yes,4953.33
2017,15.37,5000,Diesel,5,Chevrolet,Manual,Gray,Full,0,Yes,10136.9
1999,17.71,1800,Diesel,1,Ford,Automatic,Silver,Full,2,No,7553.26
1996,23.91,2000,Diesel,5,Volkswagen,Manual,Black,Full,0,Yes,3101.63
2001,5.53,3000,Petrol,1,Nissan,Manual,Black,Full,0,Yes,5760.37
2013,21.48,1000,Diesel,4,BMW,Automatic,Gray,Full,0,Yes,5122.36
2014,18.85,1000,Petrol,1,Nissan,Manual,Red,Full,1,Yes,7717.2
1997,12.53,2500,Diesel,5,Honda,Automatic,Gray,Partial,1,No,5155.58
2002,18.14,4000,Petrol,4,Volkswagen,Automatic,Gray,,0,Yes,7307.93
2020,10.69,1200,Petrol,3,BMW,Manual,Gray,Full,0,Yes,5862.61
2001,24.53,800,Petrol,2,Tesla,Automatic,Red,Full,0,Yes,4027.25
2006,13.39,1000,Petrol,2,Ford,Manual,Blue,Partial,1,No,4953.84
2004,16.91,800,Diesel,5,Tesla,Manual,Black,Full,0,No,3652.07
2001,24.7,1500,Petrol,5,Nissan,Automatic,Black,Full,1,Yes,4367.67
2009,15.17,800,Diesel,1,Volkswagen,Automatic,Blue,Full,0,Yes,4782.84
2011,25.22,5000,Diesel,5,Volkswagen,Manual,Blue,Full,0,Yes,11341.19
2017,20.51,1800,Diesel,4,Honda,Automatic,Silver,Full,1,Yes,8248.26
2021,22.39,800,Diesel,4,Nissan,Manual,Silver,Full,0,Yes,4845.36
2021,20.96,5000,Petrol,4,Nissan,Manual,Gray,Partial,0,No,11215.39
1995,14.34,4000,Petrol,4,Chevrolet,Manual,Blue,Partial,0,Yes,5479.95
2004,19.32,5000,Petrol,3,Ford,Manual,Blue,Partial,0,No,8242.27
1996,5.0,2500,Petrol,3,BMW,Manual,Blue,Partial,0,Yes,3638.44
2014,21.91,4000,Petrol,2,Nissan,Automatic,Gray,Full,1,Yes,9338.84
2007,22.91,1200,Petrol,4,Honda,Manual,Silver,Full,0,Yes,4963.8
2002,13.62,1500,Diesel,1,Honda,Manual,Gray,Full,1,Yes,4098.47
2011,21.41,2500,Electric,1,Volkswagen,Manual,Gray,Partial,0,Yes,11263.25
2020,11.74,1200,Diesel,1,Honda,Manual,Silver,Full,1,Yes,8103.97
2015,21.77,5000,Diesel,2,Hyundai,Manual,Gray,Full,0,Yes,13726.01
2011,20.62,1000,Petrol,4,Tesla,Automatic,Gray,Full,1,No,4005.65
1995,17.49,1800,Petrol,1,BMW,Manual,Silver,Full,0,Yes,3641.46
2015,14.9,5000,Petrol,3,BMW,Automatic,Silver,Full,2,Yes,11493.63
2010,13.94,2000,Petrol,2,Nissan,Manual,Gray,Full,1,Yes,6261.52
2006,20.52,800,Petrol,5,Hyundai,Automatic,Silver,Partial,1,Yes,2686.66
2005,18.4,4000,Petrol,2,Honda,Automatic,Gray,,1,Yes,9545.63
2014,12.76,1800,Petrol,1,Tesla,Manual,Gray,Full,0,Yes,8457.81
2007,27.06,3000,Diesel,1,Chevrolet,Automatic,Gray,Full,1,No,9500.25
2001,23.9,3000,Petrol,1,Ford,Automatic,Gray,,0,Yes,10243.41
1998,19.88,5000,Electric,5,Honda,Manual,Silver,Full,0,Yes,10168.99
2020,14.65,2500,Petrol,2,BMW,Manual,Black,Full,2,No,9661.18
2013,10.5,2000,Diesel,3,Kia,Automatic,White,,0,Yes,5480.2
2021,20.11,5000,Electric,4,Honda,Manual,Black,Partial,0,No,15021.62
2006,22.42,5000,Petrol,4,Tesla,Automatic,Black,Full,2,Yes,10373.17
2018,12.72,1000,Diesel,4,Honda,Automatic,White,Full,1,Yes,5654.36
2013,29.9,4000,Diesel,3,Toyota,Manual,Silver,,2,Yes,10558.32
1997,17.37,1500,Diesel,2,Ford,Automatic,Red,Full,1,Yes,3635.38
2022,20.24,2500,Petrol,1,Kia,Manual,Blue,Partial,0,No,8815.68
1997,17.87,2500,Diesel,3,Nissan,Manual,Silver,Partial,0,Yes,4804.06
2019,18.85,800,Diesel,2,Volkswagen,Automatic,Gray,Full,1,No,6695.4
2006,25.29,2500,Petrol,5,Ford,Automatic,White,,0,Yes,6511.73
2000,12.47,1200,Diesel,3,Hyundai,Automatic,Gray,,0,No,4136.27
2000,22.95,2500,Petrol,1,Nissan,Manual,White,Partial,0,Yes,7403.05
2012,17.3,1200,Petrol,2,Hyundai,Manual,Black,Partial,1,Yes,6475.49
2014,14.28,1200,Petrol,3,Tesla,Manual,Blue,Full,0,No,6064.17
2009,19.74,3000,Diesel,5,Nissan,Automatic,Black,Full,0,Yes,7238.09
2018,27.1,3000,Petrol,3,Kia,Automatic,White,Full,1,Yes,10511.0
2008,11.67,1800,Diesel,1,Toyota,Manual,Gray,,0,Yes,4841.46
2020,20.57,3000,Petrol,1,Chevrolet,Manual,Red,Partial,0,Yes,12458.86
1998,28.79,5000,Diesel,3,Volkswagen,Manual,Blue,Partial,0,Yes,10798.37
2012,13.63,1800,Diesel,2,Volkswagen,Automatic,Blue,Full,2,Yes,9335.1
2018,22.32,2000,Petrol,1,Honda,Manual,Blue,Full,1,Yes,6975.37
2011,12.88,800,Diesel,1,Honda,Manual,Silver,,0,Yes,5569.78
2005,16.72,3000,Diesel,2,Kia,Manual,Gray,Partial,0,Yes,6864.45
2017,8.89,800,Diesel,4,Tesla,Manual,Gray,Partial,0,No,3717.68
2009,14.21,4000,Petrol,5,Nissan,Automatic,Silver,Full,0,Yes,6932.68
1995,12.12,2000,Petrol,5,Hyundai,Automatic,White,Partial,0,No,2076.56
2023,11.97,1800,Electric,3,Toyota,Manual,Red,Partial,0,Yes,12194.16
2015,14.56,2000,Petrol,5,Chevrolet,Automatic,Gray,Partial,0,Yes,6476.4
2006,20.33,1800,Diesel,4,Kia,Manual,Gray,Partial,2,Yes,5650.43
2010,22.31,5000,Diesel,4,Tesla,Automatic,Blue,Partial,1,Yes,11168.2
2020,18.99,3000,Diesel,1,Nissan,Automatic,Silver,Full,0,Yes,11236.34
2023,17.11,1500,Petrol,5,Chevrolet,Manual,Gray,,0,Yes,6779.39
1996,23.19,4000,Electric,4,Tesla,Automatic,Black,Partial,0,Yes,9441.2
2014,26.9,3000,Petrol,5,Nissan,Automatic,Gray,,0,No,9008.41
1998,17.87,5000,Diesel,5,Nissan,Automatic,Blue,Partial,0,Yes,7202.13
2017,14.55,1800,Diesel,4,BMW,Manual,Red,Full,0,Yes,7605.14
2001,17.91,4000,Petrol,2,Chevrolet,Manual,Black,Partial,1,Yes,9301.1
2019,16.07,1800,Diesel,5,Chevrolet,Manual,Red,Full,0,Yes,8225.99
2023,18.21,1200,Electric,5,BMW,Manual,White,Full,0,Yes,8034.92
1998,8.23,3000,Diesel,3,Hyundai,Automatic,Silver,Partial,1,No,5018.25
2014,18.67,5000,Petrol,4,Ford,Automatic,White,Partial,0,No,11484.22
2006,23.18,2000,Petrol,5,BMW,Automatic,Black,Full,1,Yes,7090.62
2021,30.43,2500,Petrol,3,Tesla,Manual,Red,Full,0,No,10647.02
2018,21.0,800,Diesel,4,Tesla,Manual,Gray,,2,Yes,5199.19
2009,18.01,1800,Diesel,3,Nissan,Automatic,Black,,2,Yes,6709.86
2003,31.62,1200,Diesel,2,BMW,Automatic,White,Full,0,Yes,5869.34
2014,19.53,3000,Petrol,2,Toyota,Manual,Black,Full,1,No,9674.51
2014,18.22,1000,Diesel,1,Honda,Manual,Gray,,0,Yes,7218.55
2000,10.46,800,Diesel,5,Honda,Automatic,Blue,Full,0,No,1440.58
2004,16.12,2000,Petrol,2,Nissan,Automatic,Gray,Partial,0,No,6471.14
2023,26.26,1800,Diesel,5,Nissan,Manual,Gray,Full,1,Yes,7721.47
2014,19.3,1200,Electric,2,Honda,Manual,Red,Full,0,Yes,9584.82
2016,17.45,2500,Electric,4,BMW,Manual,Red,Full,0,Yes,10642.45
2017,16.77,1200,Electric,1,Hyundai,Manual,Blue,Partial,0,Yes,10218.3
2018,23.99,2500,Petrol,3,Chevrolet,Automatic,Red,Full,0,Yes,7917.48
1999,18.67,4000,Diesel,5,Tesla,Manual,Gray,Full,2,Yes,6133.33
2006,20.13,1500,Diesel,1,Kia,Automatic,Blue,Full,0,Yes,5966.81
2019,24.57,4000,Electric,4,Ford,Manual,White,Full,0,Yes,13764.45
1996,19.64,4000,Electric,1,Chevrolet,Automatic,Red,Full,0,No,10746.4
1998,24.96,800,Diesel,2,Kia,Manual,White,Full,1,Yes,4552.67
2000,14.99,2500,Petrol,3,Chevrolet,Automatic,Blue,Full,0,Yes,6084.83
2014,18.71,2500,Petrol,1,Nissan,Manual,Red,Partial,3,Yes,9316.85
2020,21.6,2000,Petrol,1,Tesla,Manual,Gray,Full,0,No,10345.52
1998,17.35,1800,Petrol,1,Honda,Automatic,Black,,0,No,6352.87
2005,20.45,3000,Diesel,2,Chevrolet,Automatic,Red,Partial,1,Yes,8093.83
2013,13.95,5000,Diesel,1,Volkswagen,Manual,Blue,Partial,0,Yes,12546.65
2001,15.14,5000,Diesel,5,Hyundai,Automatic,White,,0,Yes,6600.88
1998,18.05,1500,Petrol,4,Hyundai,Automatic,Red,Partial,0,No,2626.17
2005,25.72,1000,Diesel,2,Kia,Manual,White,,2,Yes,7212.6
2007,9.23,2500,Diesel,2,Ford,Manual,Blue,Full,2,No,6006.35
2010,16.5,3000,Electric,4,BMW,Automatic,Silver,Full,0,Yes,11208.1
2003,16.27,1200,Petrol,5,Honda,Manual,Black,Full,0,Yes,2780.39
2013,17.21,800,Petrol,1,Honda,Manual,White,Full,0,Yes,6793.84
2004,10.59,4000,Diesel,1,Chevrolet,Manual,Black,Full,3,Yes,9664.2
2011,21.76,1800,Petrol,5,Nissan,Automatic,Gray,Partial,0,Yes,5567.27
2003,28.98,3000,Diesel,2,Chevrolet,Manual,Gray,Full,0,No,7850.5
1998,18.1,800,Petrol,4,Hyundai,Automatic,Gray,Full,0,Yes,1952.58
2011,22.92,3000,Diesel,2,Tesla,Manual,White,Full,0,No,10744.61
2023,8.31,1000,Petrol,2,Volkswagen,Automatic,Red,Full,0,No,6064.23
2022,12.65,800,Petrol,5,Toyota,Manual,Black,Partial,1,Yes,5735.84
2009,15.21,2000,Diesel,5,Nissan,Manual,Gray,Full,1,No,4729.1
1996,16.37,2000,Electric,4,Chevrolet,Automatic,Red,Partial,1,Yes,6328.84
2023,22.38,4000,Electric,5,Tesla,Manual,Blue,Full,0,No,14299.33
2001,18.17,1500,Petrol,4,Toyota,Automatic,Blue,Full,0,Yes,3694.58
2004,14.68,1200,Petrol,5,Kia,Automatic,Black,Partial,0,Yes,3624.2
2009,21.92,1500,Diesel,2,Hyundai,Manual,Black,Partial,0,Yes,5973.91
2015,16.57,800,Petrol,1,Chevrolet,Automatic,Black,Partial,1,Yes,6167.56
2008,6.8,2000,Petrol,1,Ford,Manual,Black,Full,0,Yes,8211.62
1996,20.02,2000,Diesel,5,Kia,Manual,Blue,Full,0,Yes,5131.96
2007,24.75,4000,Petrol,5,Chevrolet,Manual,Red,,1,Yes,8721.55
2004,16.72,2500,Electric,4,Toyota,Automatic,White,Full,0,No,9164.29
2003,13.79,1000,Electric,2,Toyota,Automatic,White,Partial,0,Yes,8559.75
2018,16.95,1200,Petrol,5,Ford,Automatic,White,Partial,0,Yes,7552.9
2007,26.09,5000,Petrol,4,Tesla,Automatic,Gray,,0,Yes,10426.68
2013,12.49,2000,Petrol,1,Honda,Manual,Black,Full,2,Yes,6846.98
2001,15.59,1800,Diesel,3,Ford,Manual,Red,Partial,0,Yes,4459.11
2017,16.38,1500,Petrol,4,Honda,Manual,Silver,Partial,0,Yes,7601.76
2011,18.42,2000,Diesel,1,Kia,Manual,Silver,Full,1,Yes,8772.84
1996,15.6,1000,Petrol,2,Honda,Manual,Gray,,0,Yes,4845.24
2013,25.14,1200,Diesel,5,Ford,Automatic,Silver,Partial,1,Yes,3815.02
2015,20.29,1200,Electric,4,Ford,Manual,Blue,Full,1,Yes,8659.49
2005,22.62,5000,Diesel,4,Tesla,Manual,Black,Full,1,Yes,10157.64
1995,20.55,800,Petrol,5,Kia,Automatic,Blue,Partial,1,Yes,1000.0
2003,8.87,5000,Diesel,1,Tesla,Manual,Silver,Full,0,Yes,10510.36
2015,28.59,3000,Diesel,5,BMW,Manual,Blue,Partial,2,No,8600.77
2003,13.23,3000,Petrol,1,Hyundai,Manual,Red,Full,0,Yes,8201.1
2016,15.63,4000,Diesel,3,Volkswagen,Manual,Gray,Partial,0,Yes,9149.28
2006,21.38,2500,Diesel,1,Tesla,Automatic,Black,Full,1,No,7248.65
2023,18.28,2000,Petrol,4,Ford,Manual,White,Partial,0,Yes,8931.25
2013,5.0,1500,Diesel,1,Volkswagen,Manual,Black,Full,0,Yes,7161.36
2016,25.78,3000,Petrol,3,Hyundai,Manual,Silver,Partial,0,Yes,10615.74
2023,22.7,800,Diesel,5,Chevrolet,Manual,Black,Partial,1,No,6223.27
2020,23.83,2500,Diesel,2,Ford,Manual,Silver,Full,1,Yes,10338.15
2003,21.14,2500,Petrol,3,Tesla,Manual,Black,Partial,1,No,6146.34
2010,18.05,2500,Electric,5,Nissan,Automatic,White,,0,Yes,9645.62
2006,15.98,2000,Petrol,2,Hyundai,Automatic,Gray,Partial,0,Yes,7787.66
2005,14.29,1200,Diesel,3,Ford,Automatic,Silver,Partial,0,No,5106.9
2011,20.69,4000,Petrol,1,Hyundai,Automatic,White,Partial,0,Yes,10382.93
2021,17.87,2500,Petrol,4,Nissan,Manual,Black,Partial,0,Yes,8285.54
1998,14.5,2000,Diesel,5,Tesla,Automatic,Gray,,0,Yes,1799.81
2013,23.81,1500,Petrol,1,Nissan,Automatic,Red,Full,0,Yes,7660.67
2023,15.95,4000,Petrol,5,Hyundai,Automatic,Blue,,1,Yes,10982.86
2017,12.48,3000,Diesel,2,Ford,Automatic,Red,Full,1,No,8375.75
2011,12.63,1500,Petrol,5,Honda,Automatic,Silver,,0,Yes,3748.27
2017,21.03,1200,Electric,4,Volkswagen,Manual,Red,Full,0,Yes,9866.63
2012,17.04,4000,Petrol,3,Ford,Manual,Black,,2,Yes,9236.3
2006,17.33,800,Diesel,2,Chevrolet,Manual,Gray,Full,2,Yes,4555.31
2007,15.99,2500,Diesel,3,Chevrolet,Automatic,White,Full,0,Yes,7661.81
1998,22.09,2000,Diesel,5,Toyota,Manual,Black,Full,0,Yes,3709.12
2017,21.61,1000,Electric,2,Toyota,Manual,Red,Full,0,Yes,11238.85
1995,16.62,3000,Electric,3,Ford,Manual,Red,Full,0,Yes,8803.76
1995,7.35,800,Diesel,5,Nissan,Automatic,Blue,Partial,0,No,1000.0
2023,19.49,2500,Diesel,5,Chevrolet,Manual,Blue,Full,0,Yes,7845.34
2020,18.86,2000,Diesel,2,Honda,Manual,Red,Partial,0,Yes,9797.62
2016,16.29,800,Diesel,5,Hyundai,Manual,Red,,0,Yes,5190.74
2023,17.08,1500,Petrol,3,Ford,Manual,Blue,Full,0,Yes,7437.58
2019,10.84,1200,Petrol,3,Chevrolet,Manual,Gray,Full,0,No,5957.82
2007,16.18,1200,Petrol,3,Kia,Manual,Gray,,1,No,4270.02
2020,19.86,3000,Electric,3,Toyota,Automatic,Black,Full,1,Yes,14781.81
2016,18.44,1200,Petrol,4,Tesla,Manual,Red,Full,0,Yes,6048.27
2002,22.91,2000,Diesel,5,Kia,Automatic,Red,Partial,1,Yes,6202.99
2011,21.53,1500,Petrol,2,Chevrolet,Manual,Silver,Partial,0,Yes,5153.92
2017,9.5,1000,Petrol,5,Tesla,Automatic,Silver,,0,Yes,3018.98
2012,20.7,1000,Petrol,5,Toyota,Automatic,Blue,Full,0,Yes,4961.69
2015,18.01,1500,Diesel,1,Honda,Automatic,Blue,Partial,0,Yes,9699.69
2017,14.85,2000,Diesel,4,Nissan,Manual,Gray,Partial,1,Yes,8081.63
2001,15.05,3000,Petrol,5,BMW,Automatic,Gray,Partial,1,Yes,4936.14
2003,19.68,2500,Diesel,5,Hyundai,Manual,Blue,Full,1,Yes,5393.4
2011,20.8,1500,Diesel,1,BMW,Automatic,Black,Full,2,Yes,7951.75
2009,24.29,2000,Diesel,2,Kia,Automatic,Blue,Full,1,Yes,6709.15
2005,22.49,5000,Diesel,4,Ford,Automatic,Gray,Full,0,Yes,9640.03
2009,23.0,1200,Diesel,4,Chevrolet,Manual,Red,Full,0,No,5059.93
1998,17.69,5000,Petrol,5,Nissan,Automatic,Black,Partial,1,No,5897.21
2013,23.6,1800,Petrol,5,Kia,Manual,Gray,Full,0,Yes,6255.85
2023,9.12,4000,Diesel,4,Chevrolet,Automatic,White,,0,Yes,10415.04
2008,16.51,2500,Petrol,4,Tesla,Automatic,Gray,Full,0,Yes,6626.06
2010,12.17,1500,Petrol,2,Toyota,Manual,White,Full,0,Yes,5447.34
2014,14.93,5000,Electric,5,Chevrolet,Manual,Red,,0,Yes,13146.23
2016,14.63,1000,Electric,1,Volkswagen,Manual,Gray,Full,0,No,11408.78
2000,17.9,1500,Diesel,5,Kia,Manual,Silver,,0,Yes,4974.73
