make_year,mileage_kmpl,engine_cc,fuel_type,owner_count,brand,transmission,color,service_history,accidents_reported,insurance_valid,actual_price_usd,predicted_price_usd
2015,12.09,5000,Diesel,1,Nissan,Automatic,White,Full,2,No,12772.12,12131.611536101216
2016,14.03,800,Petrol,4,Chevrolet,Manual,White,Partial,0,Yes,6177.69,4688.8062640666885
2005,20.4,2000,Petrol,1,Kia,Manual,Blue,Full,2,Yes,6850.02,7069.833758404722
1996,25.09,800,Diesel,3,Volkswagen,Manual,Silver,Full,0,Yes,3373.18,3576.1260353367416
1995,19.25,5000,Diesel,5,Hyundai,Automatic,Black,Partial,0,No,7314.85,8034.572318604152
2011,30.59,1200,Diesel,3,Nissan,Automatic,Gray,Partial,1,No,6970.37,7079.620299302424
2023,13.49,1800,Diesel,1,Ford,Automatic,Gray,Full,1,Yes,9561.19,8616.768474452681
1999,17.74,4000,Diesel,1,Toyota,Automatic,Blue,Partial,0,Yes,9654.64,8844.87403714595
2004,17.97,1200,Diesel,4,Ford,Automatic,Blue,Partial,0,Yes,2847.78,3953.446752706438
1997,16.36,2500,Petrol,5,Tesla,Manual,Red,,2,Yes,3879.13,4211.843312161826
2013,15.75,4000,Diesel,2,Kia,Automatic,Red,Partial,0,Yes,10540.36,10283.364882592676
2008,11.35,5000,Diesel,1,Hyundai,Automatic,Blue,,0,No,11914.21,10920.0569073925
1999,16.09,1500,Petrol,4,BMW,Manual,Red,Full,0,Yes,4288.41,3572.896779812545
2022,26.68,2000,Petrol,5,Toyota,Automatic,Gray,Partial,1,Yes,7599.63,8411.568166858147
2010,22.04,1800,Petrol,3,Honda,Manual,Silver,Full,0,Yes,6018.2,6752.799150237302
2022,17.67,2000,Electric,1,Honda,Automatic,Blue,Full,0,Yes,12560.93,12310.376226411992
2013,24.66,1000,Petrol,3,Hyundai,Automatic,Silver,Partial,0,Yes,6066.57,6285.190137690806
2007,21.4,2000,Petrol,3,BMW,Manual,Black,Partial,0,Yes,7797.05,6612.762535269643
2023,9.61,1500,Diesel,4,Ford,Manual,Blue,Full,1,Yes,6332.13,6208.963663930845
2010,16.33,2000,Diesel,3,Volkswagen,Manual,Black,Partial,1,Yes,5161.36,6439.173717431935
1996,17.94,4000,Diesel,5,Chevrolet,Manual,Gray,,1,Yes,6098.37,6456.545490237007
2023,15.48,800,Petrol,1,Kia,Manual,White,Full,0,Yes,5679.29,7392.401590607565
2022,24.47,3000,Diesel,3,Honda,Manual,White,Full,0,Yes,11329.63,10662.775131495557
1996,13.69,1500,Diesel,4,Chevrolet,Automatic,Blue,Partial,1,Yes,2790.0,2699.470864827069
2002,16.07,4000,Diesel,1,Nissan,Manual,Blue,Partial,2,Yes,8078.36,9093.922444749187
2019,17.22,5000,Diesel,2,Nissan,Manual,Black,Full,0,Yes,13498.02,12809.915101213557
2023,16.25,800,Petrol,5,Tesla,Manual,Blue,Partial,1,Yes,5012.83,5442.734409207259
2004,20.39,2500,Diesel,1,Tesla,Manual,Gray,Full,1,Yes,7627.47,7628.3020385396285
2002,15.51,800,Diesel,5,Ford,Automatic,Red,Partial,0,Yes,2464.15,2349.674569568824
2004,14.19,1200,Diesel,3,Tesla,Automatic,Black,,0,Yes,4293.92,4008.6673400571153
2019,18.62,1800,Diesel,5,Volkswagen,Automatic,Red,Partial,0,No,8047.7,6849.104758649737
2019,19.96,1200,Petrol,2,Tesla,Automatic,Blue,Partial,0,Yes,6169.26,7370.580882560591
2007,16.33,2500,Petrol,2,Honda,Automatic,Blue,Full,0,Yes,8475.09,7157.527352626713
2023,18.72,4000,Diesel,3,Hyundai,Manual,White,Full,1,No,10044.52,11601.807326700955
2007,17.55,2500,Petrol,2,Honda,Automatic,Red,,0,No,8270.07,7417.634241448652
2019,15.97,2000,Diesel,1,Nissan,Automatic,Red,Partial,1,Yes,8490.93,8709.434689889957
1996,21.81,2500,Diesel,1,Honda,Automatic,White,Partial,0,Yes,6697.94,6717.4951027943325
2001,15.7,3000,Petrol,4,BMW,Manual,White,Full,1,Yes,5452.33,6032.379953862573
2021,25.34,3000,Petrol,2,BMW,Automatic,Blue,Partial,0,Yes,12731.56,11117.871537726362
2017,23.53,1800,Petrol,1,Honda,Manual,Silver,Full,1,Yes,10290.09,8956.614749589906
1996,22.07,1800,Diesel,3,Tesla,Manual,Silver,Full,1,No,4849.69,4649.950445953412
2019,19.81,2500,Diesel,2,Ford,Automatic,Silver,,3,Yes,11251.36,9349.088472250372
2008,18.95,1200,Petrol,1,Tesla,Automatic,Blue,Partial,0,No,8585.84,6136.087976861395
2001,27.33,5000,Diesel,1,Ford,Manual,Black,Partial,0,Yes,12285.24,11820.925478766407
1997,20.11,1000,Petrol,4,Chevrolet,Manual,Blue,Partial,0,Yes,2912.35,2854.9579475558403
2004,14.92,800,Diesel,4,Ford,Manual,White,Partial,0,Yes,1858.64,3014.80014632857
2003,23.84,1800,Petrol,3,Nissan,Manual,White,Full,0,Yes,6130.93,5946.064214041059
2014,21.44,1800,Electric,2,Ford,Manual,Blue,Partial,4,Yes,10769.76,10751.881382178273
2007,17.32,2000,Petrol,3,Volkswagen,Manual,Silver,Full,1,Yes,6796.79,6066.175041938492
2008,14.64,2000,Petrol,1,Nissan,Manual,Silver,,0,Yes,7760.86,6820.817810705953
2004,13.52,4000,Petrol,4,BMW,Automatic,Gray,Full,1,Yes,6389.33,7691.152587230044
1997,14.5,1200,Diesel,1,Ford,Manual,Blue,Full,0,Yes,4767.16,3947.3253716842673
1998,13.64,1500,Petrol,4,Hyundai,Automatic,Black,Partial,1,Yes,4004.46,3027.2503493401837
2017,21.36,800,Petrol,4,BMW,Automatic,Silver,Partial,0,Yes,5141.0,5783.808105460542
2007,24.05,2000,Diesel,5,Volkswagen,Manual,White,Full,1,No,7956.66,5974.4592732824685
2009,17.87,3000,Petrol,4,Volkswagen,Automatic,Blue,Partial,0,Yes,8353.09,7436.194948120502
2010,20.57,2000,Diesel,1,Volkswagen,Automatic,Silver,Full,1,Yes,8343.11,7901.425913733612
2016,21.55,1200,Diesel,5,Chevrolet,Automatic,Blue,,0,No,5195.9,5718.723933717758
2006,11.75,800,Diesel,5,BMW,Automatic,Silver,,0,Yes,2408.26,2502.0535044731078
2007,16.67,1500,Petrol,5,Nissan,Manual,Blue,Partial,1,Yes,2631.93,4209.753532044424
1999,20.21,2000,Diesel,2,Volkswagen,Manual,Red,Full,1,Yes,5439.61,5789.259148523377
2006,22.33,3000,Diesel,1,Ford,Automatic,White,Partial,0,No,9718.84,9011.022492372045
2006,17.37,1500,Petrol,4,Volkswagen,Automatic,Silver,Full,1,Yes,4828.82,4700.949063770144
2010,14.87,800,Petrol,3,Volkswagen,Manual,Red,Full,1,Yes,2462.72,4493.57273158643
2004,24.59,800,Diesel,5,Kia,Automatic,Red,,0,No,3166.47,3800.197731453156
1997,28.93,800,Petrol,3,BMW,Automatic,Red,Full,0,Yes,4768.88,4284.346767711333
2015,23.49,5000,Diesel,3,Toyota,Automatic,Gray,Full,0,Yes,11958.09,12446.53218929168
2005,24.74,3000,Petrol,4,Kia,Automatic,Silver,Partial,1,No,7037.56,7672.082288286629
2013,19.0,1200,Diesel,3,Hyundai,Automatic,Red,Partial,1,No,6551.32,6013.502929843923
2012,8.09,2000,Petrol,4,Volkswagen,Automatic,Blue,Partial,2,Yes,4672.29,5214.536480348764
2016,22.88,1800,Petrol,3,Ford,Automatic,Blue,Full,2,No,8533.64,7757.612634953361
2013,17.94,1000,Petrol,2,Honda,Manual,Black,Partial,0,No,5822.15,6074.0555742253555
2011,20.23,800,Electric,4,Kia,Manual,Gray,,0,Yes,7281.79,7700.10789063301
2001,16.93,5000,Petrol,2,BMW,Automatic,Silver,Partial,1,No,9637.25,10161.21733671381
2023,14.53,1500,Diesel,3,Honda,Manual,Red,Full,1,Yes,7208.92,7409.364386126767
2019,27.53,4000,Petrol,4,Kia,Automatic,Gray,Full,0,Yes,11071.79,11550.082611733398
1996,8.66,1500,Petrol,4,Toyota,Automatic,White,Partial,1,No,1958.36,2174.359993872952
2018,18.13,800,Diesel,5,Chevrolet,Manual,White,Full,2,Yes,5863.26,5006.634271883477
2016,21.63,1500,Petrol,5,Nissan,Manual,Blue,Partial,0,Yes,5310.39,6143.809120529702
1997,15.0,4000,Petrol,1,Hyundai,Automatic,Red,Full,1,Yes,10713.71,8273.933864269362
2008,21.29,1500,Diesel,4,Chevrolet,Automatic,Black,Full,1,No,6351.71,5489.573693697257
1999,20.57,1200,Diesel,4,Honda,Automatic,Black,,1,Yes,3195.0,3618.5978076064694
2018,20.24,1500,Diesel,1,Kia,Automatic,Silver,Full,0,Yes,7490.44,8254.050563432911
2021,21.27,4000,Petrol,3,Tesla,Manual,Blue,Full,0,Yes,10896.45,11508.463932817587
2016,26.63,4000,Petrol,2,Honda,Manual,Black,Full,2,No,11119.8,12062.952808651948
2012,6.37,5000,Petrol,4,Ford,Automatic,Black,Full,1,Yes,9885.1,9470.87423891261
2003,22.17,1000,Petrol,4,Honda,Manual,Black,Full,1,Yes,4353.94,4090.21505671953
2003,12.96,1800,Diesel,2,Tesla,Manual,Silver,Partial,1,Yes,6282.46,5043.304574246584
2010,15.32,2000,Diesel,4,Nissan,Automatic,Silver,Full,2,Yes,6470.38,5759.730834087624
2012,15.66,2500,Diesel,3,Chevrolet,Automatic,Red,Full,0,Yes,7548.84,7375.514034422686
1999,18.86,4000,Electric,1,Honda,Automatic,Gray,,0,Yes,13030.92,12030.975528975898
1997,18.92,800,Petrol,3,Tesla,Manual,Black,Partial,1,Yes,1000.0,2926.831289643227
2008,19.94,3000,Petrol,1,BMW,Manual,Black,Partial,1,Yes,9244.54,9061.69264237543
2002,20.23,1000,Petrol,3,Toyota,Automatic,Red,Full,1,Yes,4097.57,4210.1561269950325
2008,14.55,4000,Petrol,5,Chevrolet,Manual,White,,0,Yes,8534.54,7855.060384865445
2013,13.31,800,Petrol,2,Kia,Manual,Gray,Full,0,No,5541.6,5156.402745813835
2006,15.6,5000,Petrol,1,Chevrolet,Manual,Blue,Full,0,Yes,10017.07,11093.659660201141
2006,27.19,1800,Petrol,1,Chevrolet,Automatic,Red,Partial,0,Yes,6789.77,7803.756881098263
2022,14.51,2000,Diesel,4,Tesla,Automatic,Silver,,0,Yes,6930.85,7387.981747999224
2014,10.94,5000,Petrol,1,BMW,Automatic,Black,Partial,0,Yes,13206.31,11864.092763948047
2004,18.43,1200,Diesel,5,Ford,Manual,Black,Full,1,Yes,1411.89,3562.195722611652
2018,15.57,2000,Petrol,3,Honda,Manual,Gray,Full,2,Yes,7940.49,7470.124934572116
2020,22.21,1800,Petrol,1,Hyundai,Manual,Silver,Partial,1,Yes,9906.49,9194.422661248878
2007,17.94,1200,Diesel,4,Tesla,Automatic,Red,,2,Yes,3370.84,4454.8963232141705
2002,23.81,3000,Petrol,4,Tesla,Manual,Black,Full,1,Yes,7172.11,7060.8723404752745
2023,21.02,4000,Petrol,1,Tesla,Manual,Silver,Partial,1,Yes,11183.46,12764.708511388133
2007,15.45,2000,Diesel,3,BMW,Manual,Blue,Partial,1,Yes,5923.33,5851.400534931789
2015,18.3,4000,Petrol,2,Ford,Automatic,Black,Partial,0,Yes,12522.23,10837.955134247166
2004,8.97,3000,Diesel,3,Tesla,Manual,Red,,0,Yes,3488.14,6080.795372105299
2011,15.5,800,Electric,4,Volkswagen,Manual,Black,Full,2,Yes,7006.96,7224.0676143083865
1999,13.89,2000,Diesel,3,Hyundai,Automatic,Black,Partial,2,Yes,3725.76,4450.960506181532
2010,20.01,1800,Petrol,3,Ford,Manual,Silver,Full,1,Yes,8020.6,6472.985407014372
2013,17.43,2500,Petrol,2,Ford,Automatic,Gray,,0,No,6756.69,8188.6211030315635
2008,17.31,800,Petrol,5,Ford,Manual,Gray,Full,1,No,3900.89,3413.5132821833367
2013,16.65,1200,Diesel,2,Nissan,Manual,Silver,Partial,0,Yes,5460.5,6126.353260515065
2003,12.67,4000,Petrol,1,Honda,Automatic,White,Full,0,Yes,8865.74,8891.925314984832
2005,11.53,3000,Petrol,2,Nissan,Manual,Gray,Partial,1,Yes,7330.51,7009.0797056450665
2020,15.88,1000,Diesel,5,Kia,Manual,Red,Full,2,Yes,6410.57,5386.256332475801
1997,18.72,4000,Diesel,4,Toyota,Manual,White,Full,1,Yes,7023.11,7231.55767107791
1997,18.91,2500,Diesel,1,Honda,Manual,Gray,Full,1,Yes,4065.0,6475.420104307679
2020,21.84,2000,Petrol,4,Hyundai,Manual,Blue,Full,0,Yes,8611.67,7970.482126146149
2007,18.38,4000,Petrol,2,BMW,Manual,White,,0,No,7981.91,9751.728143742926
2008,21.98,5000,Electric,4,Kia,Manual,Red,Full,0,Yes,14271.58,13809.425161482397
2023,17.22,1200,Petrol,4,Kia,Manual,Black,Full,2,Yes,5249.9,6750.927668255036
2020,21.5,1800,Petrol,4,Ford,Automatic,Gray,Partial,0,Yes,9086.84,7661.978588455402
2009,13.53,2500,Diesel,1,Kia,Automatic,Black,Full,1,No,7678.45,7680.566486137432
2013,15.47,1800,Diesel,5,Volkswagen,Automatic,Black,,0,No,4767.2,5549.595590637412
2011,30.71,3000,Diesel,1,Hyundai,Manual,Black,Partial,0,No,12788.13,10754.135711155115
2012,18.38,1500,Petrol,2,Toyota,Manual,Red,Full,0,No,7349.98,6727.02700902317
1996,26.2,1500,Petrol,1,Nissan,Manual,Black,Partial,1,Yes,4935.62,5732.533595472844
2006,14.98,1500,Diesel,5,Nissan,Manual,Red,Full,1,Yes,4124.14,3939.8530450522667
2022,22.04,1000,Petrol,4,Volkswagen,Manual,Silver,Full,0,Yes,6449.99,6880.409652322535
2020,19.48,1000,Petrol,3,Kia,Automatic,Red,,0,No,7014.74,6835.240896844427
2018,21.01,1200,Diesel,3,Nissan,Automatic,Gray,,0,Yes,5689.54,6924.785702061741
2000,23.78,2500,Petrol,3,Honda,Manual,Blue,Full,0,Yes,7295.55,6514.081461370552
2007,6.23,1200,Petrol,5,Nissan,Automatic,Red,Full,0,Yes,3824.08,2587.7566227434118
1998,16.94,1800,Petrol,5,Nissan,Automatic,White,Partial,0,Yes,3280.74,3402.7296521404196
2002,11.07,800,Petrol,3,Chevrolet,Manual,Gray,Full,0,Yes,3694.77,2706.7337438852155
2011,10.72,5000,Diesel,2,Nissan,Manual,Gray,Full,1,Yes,11689.98,10797.360388493878
1995,22.72,1800,Petrol,1,Ford,Automatic,Black,,1,Yes,5062.31,5604.338060812903
2003,21.15,3000,Petrol,3,Nissan,Manual,Black,Full,0,Yes,7364.01,7423.1913083936
1997,22.82,1800,Petrol,2,Nissan,Automatic,White,Partial,0,No,5295.95,5466.79750058781
2008,17.37,800,Petrol,1,Nissan,Automatic,Blue,Partial,3,Yes,6191.8,5375.753892064138
2023,17.6,1200,Diesel,1,Chevrolet,Manual,Black,,0,Yes,9565.19,8241.071913046746
2019,21.33,2500,Petrol,3,Honda,Manual,Blue,Full,0,Yes,6533.59,9044.165454752509
2011,24.42,1200,Diesel,4,Hyundai,Automatic,Blue,,0,Yes,5843.76,5766.188114421071
1995,9.6,1200,Petrol,1,Chevrolet,Manual,Gray,,1,Yes,3953.87,3067.9270640984714
2013,12.61,3000,Petrol,5,Tesla,Manual,White,Partial,1,Yes,7588.23,6843.910999286703
2013,28.35,800,Diesel,1,BMW,Manual,Red,,0,Yes,6933.64,7563.0063340382185
2009,14.28,3000,Diesel,3,Chevrolet,Manual,Gray,Full,1,Yes,6491.54,7431.830286433858
2016,18.22,1000,Petrol,4,Chevrolet,Manual,Blue,Full,0,Yes,5179.66,5453.7294252042075
2019,17.0,5000,Diesel,2,Ford,Manual,Blue,Partial,1,No,11891.74,12748.986244924025
1997,18.8,1500,Petrol,4,Honda,Automatic,Red,Full,1,Yes,2944.06,3578.3546790068085
2010,13.44,2500,Diesel,3,Volkswagen,Automatic,Blue,Full,0,Yes,7058.73,6796.683691763427
2014,13.9,1500,Diesel,1,Hyundai,Manual,Black,,0,Yes,7426.9,6893.267119419135
2017,19.92,1200,Petrol,3,Toyota,Automatic,Gray,Partial,0,Yes,8032.2,6629.195760475541
2019,30.31,1200,Petrol,3,Ford,Automatic,White,Full,1,Yes,9140.48,8207.875699268696
2020,23.27,4000,Petrol,3,Kia,Automatic,Silver,Full,0,Yes,11362.28,11670.909908696445
2005,22.34,4000,Petrol,3,BMW,Manual,White,Full,0,Yes,9631.69,9409.076925564133
2016,19.86,800,Petrol,1,Toyota,Automatic,Red,Full,0,Yes,8793.51,6922.997662932334
1995,20.19,1200,Petrol,2,Honda,Manual,Black,Full,0,No,5047.31,3968.381478400044
1995,13.23,800,Diesel,2,Honda,Manual,Gray,Partial,1,Yes,2297.31,2461.0560511709236
2007,17.57,2000,Petrol,5,Nissan,Manual,Black,Full,0,Yes,5870.03,5113.0319430850595
1997,19.43,800,Electric,3,Ford,Automatic,Silver,,1,Yes,5553.0,6006.225955850197
2000,14.47,2500,Petrol,3,Tesla,Manual,White,,2,Yes,4125.06,5371.34272785915
2015,18.62,1200,Diesel,2,Hyundai,Manual,Black,Partial,0,Yes,7472.53,6674.231829551902
2020,17.6,1000,Petrol,4,Nissan,Manual,Gray,,0,Yes,7187.15,6004.190991832218
2022,20.08,800,Diesel,5,Chevrolet,Manual,Gray,,1,Yes,3338.86,5801.236206474923
2020,17.1,5000,Petrol,2,Volkswagen,Manual,Silver,Full,0,Yes,12898.23,12940.799326609947
2010,20.52,2500,Electric,2,Volkswagen,Manual,Black,Full,0,Yes,12689.55,11191.960229347056
2017,18.47,2000,Diesel,3,Chevrolet,Automatic,Silver,Full,0,Yes,7412.2,7641.464693475866
1997,26.58,800,Petrol,1,Ford,Manual,Blue,Partial,2,Yes,5840.15,4813.171761184587
1999,19.7,5000,Petrol,1,Tesla,Manual,White,Full,0,No,10585.79,10594.747800298428
2012,16.6,2500,Petrol,3,Volkswagen,Manual,Gray,Full,3,Yes,6559.56,7480.590024058403
1998,10.52,3000,Petrol,1,Hyundai,Manual,Gray,Full,1,Yes,5823.76,6304.920526697968
2013,17.96,1800,Petrol,2,Toyota,Automatic,White,Full,1,Yes,6599.46,7219.999760032617
2021,16.41,1500,Diesel,2,Volkswagen,Automatic,Silver,,0,No,9529.44,7829.088179180384
2011,22.79,4000,Electric,2,Tesla,Automatic,Gray,Partial,0,Yes,13312.85,13733.683155644509
2006,15.37,1500,Diesel,3,Toyota,Automatic,Silver,Partial,1,Yes,4327.01,4897.682982712299
1995,18.3,3000,Diesel,4,Ford,Manual,Blue,,0,Yes,4624.84,5331.492969781171
2001,24.8,5000,Diesel,2,Nissan,Manual,Silver,Full,0,Yes,10555.61,11005.562214932428
2022,14.15,1200,Petrol,2,Tesla,Manual,Gray,Full,2,Yes,8894.87,7119.917350106289
2018,16.86,1800,Petrol,3,Nissan,Automatic,Black,Partial,1,Yes,6659.21,7359.748304747225
2015,19.15,4000,Diesel,1,BMW,Manual,White,,2,Yes,10108.77,11501.952330538086
2004,10.29,1200,Petrol,2,Toyota,Manual,Silver,Full,0,No,1446.44,4040.4558425675714
2023,21.78,3000,Diesel,2,Ford,Manual,Red,Partial,0,Yes,11462.67,10972.223694418304
1998,24.0,2000,Petrol,2,Toyota,Automatic,White,Full,0,Yes,8114.07,6013.456837284553
2023,25.78,1200,Diesel,5,Kia,Automatic,Gray,Partial,0,Yes,8344.99,7263.918128969025
1999,17.13,1500,Petrol,5,Toyota,Automatic,Red,Partial,1,Yes,3623.15,3157.102797764799
2016,17.06,1800,Petrol,3,Tesla,Automatic,Black,Partial,1,Yes,7056.08,7036.131559118154
2005,21.87,1200,Petrol,3,Toyota,Automatic,Red,Full,0,No,4655.68,5183.980973664127
2015,27.94,1500,Diesel,5,Tesla,Manual,Blue,,1,Yes,8464.1,6717.06683700948
2001,16.44,3000,Diesel,3,Honda,Manual,Red,Full,1,Yes,6533.41,6609.078875182693
2003,11.58,4000,Electric,5,Tesla,Automatic,White,,1,Yes,10125.89,9758.429579483016
2022,15.29,5000,Diesel,1,Honda,Manual,White,,0,Yes,14975.53,13519.690671638862
2017,26.56,2500,Petrol,5,Chevrolet,Automatic,White,Full,0,Yes,7417.71,8417.960932463608
2004,16.83,800,Diesel,3,Honda,Manual,Red,Full,1,Yes,3636.95,3815.1966927173235
2017,24.83,3000,Diesel,3,Toyota,Manual,Silver,Full,1,No,10828.11,9940.870249323772
2002,16.07,1200,Petrol,3,BMW,Automatic,Red,Full,1,No,4485.33,4110.257985504021
2005,16.64,2000,Petrol,1,BMW,Automatic,Black,,0,Yes,7447.41,6732.7190395418365
2007,17.89,1800,Diesel,1,Volkswagen,Manual,Black,Full,1,Yes,7542.87,6861.834364885489
2009,18.79,1800,Diesel,2,Tesla,Manual,Blue,Full,2,No,5994.19,6673.057526787366
2021,18.05,1000,Diesel,4,Kia,Automatic,Gray,Full,1,Yes,7100.61,6227.508606474936
2006,18.36,5000,Petrol,4,Chevrolet,Automatic,Gray,Full,0,No,7918.73,10018.015442444457
2023,25.08,2500,Petrol,2,Hyundai,Manual,Black,Partial,1,Yes,11742.42,10587.609362895022
1998,17.01,2000,Diesel,5,Ford,Automatic,White,Partial,1,No,4084.48,3731.616091592705
2015,9.43,2000,Diesel,3,Chevrolet,Automatic,Silver,Partial,0,Yes,6246.8,6250.195079244297
2005,14.82,800,Diesel,4,Honda,Manual,Silver,Full,0,Yes,4021.44,3157.2425572302745
2005,17.47,4000,Diesel,2,Kia,Automatic,Black,Full,2,Yes,8372.52,9283.591396626594
2003,31.19,1500,Petrol,5,Toyota,Automatic,Gray,Full,1,Yes,5627.02,5384.3871232081565
2022,15.66,1200,Electric,2,BMW,Manual,Blue,,0,No,7767.67,10446.59500908963
1997,22.0,4000,Diesel,4,BMW,Manual,Gray,Partial,0,No,9035.31,7695.070008893328
2000,21.68,2500,Diesel,5,Tesla,Manual,Black,Full,0,Yes,5095.04,5269.695467240373
2022,25.04,5000,Petrol,2,BMW,Manual,Gray,Partial,0,No,15632.09,14249.42554333202
2014,16.01,2500,Electric,5,Volkswagen,Automatic,White,Full,1,Yes,10364.64,9783.212024262995
2022,15.78,3000,Diesel,1,Toyota,Manual,Silver,Full,0,Yes,11171.51,10529.793766039562
2001,19.65,3000,Petrol,2,Tesla,Manual,Gray,Full,0,Yes,6996.33,7342.076160782066
2014,17.39,1500,Electric,5,Volkswagen,Manual,Blue,Full,3,Yes,8179.71,8409.261494477274
2023,22.27,1800,Petrol,4,Ford,Manual,Gray,Full,0,Yes,9518.82,8188.6212442103315
2007,16.48,2500,Diesel,1,Chevrolet,Manual,Silver,,0,Yes,6710.88,7625.022959720038
2001,22.26,800,Petrol,3,Nissan,Manual,Gray,Partial,0,Yes,5069.33,3930.512144623526
2019,21.85,800,Diesel,3,Hyundai,Manual,Blue,Full,0,Yes,6209.54,6523.24437481375
2011,17.38,800,Petrol,2,Honda,Manual,Gray,Full,0,No,5827.86,5369.921952188293
2000,12.39,3000,Petrol,4,Nissan,Manual,White,Full,0,Yes,6797.6,5419.679402532325
2001,13.6,800,Petrol,3,Volkswagen,Automatic,Blue,Partial,0,Yes,2864.36,2931.844984145355
2007,26.57,1800,Petrol,1,Volkswagen,Manual,Black,Full,1,Yes,6400.54,7906.822442838781
2012,21.09,4000,Petrol,4,Hyundai,Automatic,Gray,Full,2,Yes,8704.94,9710.033841814962
2016,18.6,1200,Petrol,5,Volkswagen,Manual,Red,Full,2,Yes,5817.05,5460.73482922478
2007,7.21,2000,Petrol,1,Ford,Automatic,Red,,0,Yes,5861.69,5836.248289671032
2000,21.12,3000,Diesel,3,Tesla,Manual,Gray,Partial,0,Yes,6105.28,6885.209409659237
2011,21.39,3000,Diesel,3,Volkswagen,Manual,Gray,Full,0,Yes,7605.37,8649.438819033649
2022,19.25,3000,Petrol,4,BMW,Manual,Black,Full,0,Yes,10100.01,9590.229996125594
1999,20.7,2000,Petrol,5,Nissan,Manual,Gray,Full,1,Yes,3316.14,4264.57453555264
2022,18.26,4000,Diesel,4,Toyota,Automatic,Gray,Partial,0,Yes,13301.6,10871.26457010251
2007,19.09,1000,Diesel,5,Volkswagen,Manual,Black,Full,0,Yes,3755.2,3850.884494619768
1996,14.88,1200,Petrol,4,Toyota,Manual,Red,Full,0,Yes,1000.0,2462.7397822415132
2018,20.09,800,Diesel,4,Tesla,Automatic,Gray,Full,1,Yes,6469.21,5680.771117210896
2022,23.57,800,Diesel,1,Chevrolet,Automatic,Red,Full,0,Yes,7922.9,8257.207266773763
2004,14.46,1500,Petrol,2,Nissan,Manual,Blue,Partial,0,No,4017.65,4994.114348793848
2003,19.39,2000,Diesel,5,Chevrolet,Manual,Blue,Partial,1,Yes,6133.35,4674.085834038778
2005,20.42,3000,Diesel,2,Chevrolet,Manual,Gray,,0,Yes,6493.25,8063.871623909574
2020,16.85,4000,Petrol,1,Ford,Automatic,White,Full,1,Yes,12089.61,11891.537403082086
1998,14.19,2500,Diesel,4,Toyota,Manual,White,Full,0,No,4597.91,4621.871134282448
2003,20.38,1200,Electric,3,Tesla,Automatic,Red,Full,1,Yes,7453.28,7653.038097937287
2021,16.12,800,Petrol,5,Ford,Manual,Red,Full,1,Yes,5342.13,5236.970587126147
2022,11.99,1000,Petrol,2,Hyundai,Automatic,Blue,Partial,1,Yes,6604.62,6578.212564022017
2004,18.74,800,Petrol,4,Chevrolet,Manual,White,Full,1,Yes,2399.54,3478.4272880815815
2014,22.23,5000,Petrol,4,Tesla,Manual,Gray,Partial,2,Yes,12182.28,11605.493587890203
2017,18.18,1500,Petrol,1,Honda,Manual,Black,Full,1,Yes,8919.18,7904.774437861717
2016,14.33,1200,Petrol,5,Nissan,Manual,White,Partial,1,No,3027.25,4893.5367175657175
2020,23.95,2500,Petrol,5,BMW,Manual,Gray,Partial,0,Yes,9030.97,8582.5944362911
2020,15.67,1800,Petrol,5,BMW,Manual,Blue,,1,Yes,6962.45,6531.437576747604
2007,19.62,1800,Diesel,4,Kia,Manual,Red,,0,Yes,6048.83,5580.535875486548
2022,23.91,2000,Diesel,2,Toyota,Manual,Silver,Full,0,Yes,9580.51,9529.259615943287
2015,20.08,1000,Petrol,3,Chevrolet,Manual,Red,Full,0,Yes,4578.71,6096.788744899828
2016,16.69,2000,Diesel,2,Chevrolet,Manual,Gray,Full,0,Yes,5860.0,7755.011727816873
1999,14.67,3000,Petrol,2,Ford,Automatic,Gray,,0,Yes,6023.19,6484.842725863612
1996,19.8,4000,Petrol,5,Volkswagen,Manual,Black,Partial,0,Yes,7121.71,6777.847696923157
2009,11.81,800,Petrol,4,Nissan,Manual,Gray,Full,1,Yes,1654.58,3373.4602281630378
1999,18.67,800,Diesel,3,Tesla,Manual,Black,Full,0,Yes,3011.47,3195.105545664578
2011,14.35,800,Petrol,4,Nissan,Automatic,Blue,Full,0,Yes,3382.42,3977.849664695179
2004,13.25,2500,Diesel,1,Ford,Manual,Blue,Partial,1,Yes,8011.77,6783.22760190927
2012,8.36,3000,Electric,4,Chevrolet,Automatic,Silver,Full,1,Yes,10192.21,9698.353735324417
2021,12.44,2500,Petrol,3,Ford,Manual,Blue,,0,Yes,7872.14,8228.329125577553
2001,16.54,1500,Electric,5,Toyota,Automatic,Blue,,1,No,5292.28,6358.789313604388
2015,18.85,5000,Petrol,1,BMW,Automatic,Silver,Partial,0,Yes,14379.65,12925.876883345923
2022,17.04,1800,Petrol,3,Nissan,Manual,Silver,Full,1,Yes,7798.09,7920.674862445027
2002,11.28,3000,Petrol,3,Tesla,Manual,Black,Full,0,Yes,6424.18,6031.038791066975
2020,15.21,1500,Electric,5,Tesla,Automatic,Blue,,1,Yes,8725.8,8949.027764508186
2013,23.95,3000,Diesel,4,BMW,Manual,Gray,Partial,0,Yes,10564.03,8781.81672882166
2001,18.72,2500,Electric,2,Kia,Manual,Silver,Full,0,Yes,8409.16,9546.373378840106
2022,22.2,3000,Petrol,1,Toyota,Manual,Blue,Full,1,Yes,11152.22,11298.350127541158
2015,25.12,5000,Petrol,3,Volkswagen,Manual,Silver,Partial,2,Yes,12597.77,12684.980125737191
2015,21.7,1500,Diesel,2,Chevrolet,Automatic,Red,Partial,3,No,5447.44,7593.33634902047
2007,19.23,1000,Petrol,3,Tesla,Manual,Red,Full,1,No,3348.39,4813.617762519933
2017,19.68,1000,Petrol,4,Honda,Manual,Black,Full,2,No,4936.44,5910.738078313692
2017,10.95,3000,Petrol,5,Kia,Manual,Blue,Full,0,No,8492.47,7276.558250535532
1996,21.04,1200,Petrol,2,Honda,Manual,Red,Full,1,Yes,3932.58,4216.620463057872
2019,22.38,1200,Petrol,5,Ford,Manual,Red,,0,Yes,6072.5,6289.612169105773
2017,24.83,1200,Petrol,4,Chevrolet,Automatic,Blue,,0,Yes,6553.08,6714.034436339694
1997,21.76,5000,Diesel,1,Volkswagen,Automatic,White,Partial,0,No,8319.81,10657.57325787962
1998,13.99,3000,Diesel,3,Chevrolet,Manual,Black,,1,No,7058.39,5836.371051763489
2012,16.94,800,Petrol,2,Nissan,Manual,White,Full,1,Yes,5910.65,5449.868330159594
1998,22.09,1500,Petrol,2,Kia,Manual,Silver,,1,Yes,5478.68,4999.914273638708
2016,23.24,2000,Diesel,4,Nissan,Manual,Silver,Partial,0,Yes,8321.32,7586.407073110722
2006,12.31,2000,Diesel,3,Kia,Manual,Blue,Partial,1,Yes,5046.81,5261.4703164586335
2018,16.29,1200,Diesel,2,Kia,Manual,Red,Partial,1,Yes,6906.61,6899.174455436529
2021,17.83,2500,Diesel,5,Tesla,Manual,Silver,Partial,0,No,7492.78,7918.659257905631
2018,23.48,3000,Diesel,1,Chevrolet,Manual,Gray,Partial,0,Yes,11498.79,10855.617173280723
1999,14.04,2000,Petrol,1,Nissan,Automatic,Black,Full,2,No,4626.75,5509.657359031307
2002,14.5,1800,Diesel,2,Honda,Manual,White,Partial,1,Yes,5089.96,5181.890131154667
2010,18.63,800,Diesel,2,Chevrolet,Manual,Red,Full,1,Yes,3018.16,5376.548834759397
2017,20.88,5000,Diesel,2,BMW,Manual,Silver,Partial,2,Yes,11390.41,12978.805547202384
1995,16.86,3000,Electric,1,Nissan,Automatic,Red,Partial,1,Yes,10091.19,9754.606728236664
2004,8.46,800,Diesel,1,Honda,Automatic,Gray,Full,0,Yes,4657.62,3722.6905998880493
2021,19.99,5000,Diesel,4,Tesla,Manual,Gray,Full,0,Yes,13853.11,12372.691781492938
2000,26.4,800,Diesel,4,Volkswagen,Automatic,Gray,Full,1,Yes,4355.25,3860.3931194088477
2018,18.02,1000,Diesel,2,Ford,Manual,Black,Partial,0,Yes,8081.9,6758.300293971199
2013,17.29,1000,Diesel,1,Hyundai,Automatic,Red,Partial,1,No,5135.82,6486.134187351661
2003,21.51,4000,Diesel,4,Hyundai,Automatic,White,Partial,2,No,9110.93,8491.937024307575
2016,22.64,5000,Diesel,1,Nissan,Manual,Silver,,0,Yes,14147.61,13464.794660781221
2000,11.16,1500,Electric,5,Kia,Automatic,Red,Partial,0,No,4498.95,5640.071496455579
2013,14.18,1800,Petrol,3,BMW,Automatic,White,,0,No,5738.55,6373.832969239194
2017,24.81,2500,Petrol,2,Kia,Manual,Blue,,0,No,8375.59,9672.154963127534
2007,18.48,2000,Petrol,5,Nissan,Automatic,Gray,Full,0,Yes,4981.61,5195.624334316932
2016,15.96,1800,Electric,1,Kia,Automatic,Black,Partial,2,Yes,12036.47,10951.494503637798
2012,12.3,1500,Petrol,5,Hyundai,Automatic,Blue,Partial,3,Yes,3420.39,4416.559413428013
2017,16.99,3000,Petrol,4,Kia,Automatic,Black,Partial,0,Yes,7750.85,8524.363266421986
2003,22.54,1800,Petrol,2,Volkswagen,Automatic,Gray,Partial,0,Yes,7270.53,6302.902699494007
2009,22.16,1500,Electric,1,Toyota,Automatic,Blue,Full,1,No,10956.46,10184.513252656936
2018,20.05,5000,Diesel,3,Nissan,Manual,White,Partial,0,No,11300.95,12538.690364432096
2013,17.65,3000,Petrol,5,Volkswagen,Manual,Blue,,0,Yes,6831.92,7502.822146320757
2013,24.57,1200,Petrol,5,Tesla,Manual,Red,Full,0,No,5252.19,5668.019189939441
2007,26.15,5000,Petrol,3,Nissan,Manual,Gray,Full,0,Yes,11526.89,11569.94468911037
2018,21.94,800,Diesel,2,Tesla,Manual,Silver,Full,0,Yes,6155.3,6862.58315229239
2010,15.73,2500,Petrol,2,Honda,Automatic,Red,Partial,0,Yes,6348.91,7608.1301061652575
1999,15.91,5000,Petrol,4,Volkswagen,Automatic,Gray,Full,0,Yes,9406.96,8710.755251150476
2011,26.66,4000,Petrol,5,Toyota,Manual,Blue,Full,0,Yes,10279.1,9734.818399174796
1997,11.26,5000,Petrol,2,Ford,Manual,Gray,Partial,0,Yes,9296.34,8748.893843882812
2004,15.07,1000,Diesel,3,Tesla,Automatic,White,Full,0,Yes,2701.01,3806.959345217162
2009,14.43,800,Diesel,1,Chevrolet,Automatic,Silver,Full,1,Yes,4343.05,5152.494593415834
2020,20.35,5000,Diesel,1,Nissan,Manual,Black,Full,0,Yes,13680.96,13826.11840889048
2019,22.34,4000,Petrol,2,Kia,Automatic,Blue,Full,1,No,10645.63,11930.347852695173
1996,22.69,3000,Petrol,1,BMW,Manual,Silver,Partial,1,Yes,5910.72,7565.976548064721
1998,25.38,1000,Diesel,5,Nissan,Automatic,Red,,0,Yes,3689.33,3269.3338778252173
2019,17.83,1800,Diesel,3,Nissan,Automatic,Black,Full,0,No,6908.15,7661.503476725233
2017,10.05,4000,Diesel,5,Hyundai,Manual,Red,Full,1,No,9429.73,8719.540653667987
2020,10.81,1800,Diesel,1,Honda,Manual,White,Full,1,Yes,7402.13,7903.415230275417
2021,26.53,3000,Petrol,5,Toyota,Automatic,Black,Partial,1,Yes,10401.27,9779.992276028028
2016,15.29,2500,Petrol,2,BMW,Manual,Gray,Full,0,Yes,9527.84,8409.02231897221
2011,20.27,2000,Petrol,1,Tesla,Automatic,Red,Full,1,No,7885.69,8020.413594822259
2020,5.0,2000,Petrol,1,Volkswagen,Manual,Blue,,1,Yes,8468.58,7481.328074413319
2010,18.0,1800,Diesel,1,Hyundai,Manual,Gray,Partial,1,Yes,7049.31,7204.336248315853
1999,10.87,800,Petrol,3,Nissan,Automatic,Black,Full,0,No,1000.0,2346.6793491137105
2001,21.33,800,Petrol,1,BMW,Automatic,White,Full,1,Yes,7017.79,4906.626611433471
2010,10.9,800,Diesel,5,Nissan,Automatic,Gray,,0,Yes,2371.85,2936.7967672916357
2002,25.22,2000,Diesel,5,Chevrolet,Automatic,Red,Full,0,Yes,6787.27,5318.360304677224
2022,32.47,1800,Electric,5,Toyota,Automatic,Red,Full,0,No,10956.14,11930.0630092004
2015,20.16,1800,Petrol,2,Chevrolet,Manual,Gray,Partial,0,No,8080.17,7756.370434595589
2004,26.79,4000,Diesel,1,Hyundai,Automatic,Red,Full,0,No,10928.95,10775.141699827334
2009,7.41,3000,Petrol,1,BMW,Automatic,Silver,,1,Yes,9518.85,7667.3137651557345
1998,13.91,4000,Petrol,1,Chevrolet,Manual,Gray,Full,1,Yes,8637.7,8218.98482865385
2006,14.64,1200,Diesel,3,Kia,Manual,Black,Full,1,No,4434.12,4434.152686309906
2005,14.62,1000,Diesel,4,Tesla,Manual,Black,Partial,0,Yes,3766.65,3406.7887986630394
2021,16.69,3000,Diesel,2,Ford,Automatic,Black,Full,1,Yes,11453.16,10051.150329710174
2008,13.8,1500,Petrol,2,Chevrolet,Manual,Blue,,1,Yes,6459.71,5458.99156919512
2015,26.03,2500,Diesel,2,Ford,Manual,Red,Full,0,Yes,10088.29,9549.860812795543
2016,12.96,3000,Diesel,3,Toyota,Manual,Red,Full,0,Yes,9081.46,8388.593035127973
2000,18.25,1200,Diesel,4,Honda,Automatic,Silver,Full,0,Yes,4112.42,3439.4861653454045
2007,18.43,1500,Electric,1,Volkswagen,Manual,Gray,Full,0,Yes,9636.05,9446.852154977993
2004,13.11,1500,Diesel,1,Honda,Automatic,White,Partial,0,Yes,5602.96,5361.600445315809
2000,20.6,2000,Petrol,5,Volkswagen,Automatic,Red,Full,0,Yes,3206.7,4523.017478748992
2002,18.17,1500,Petrol,3,Ford,Manual,Blue,Full,2,Yes,3327.22,4609.061187827887
2011,16.98,2500,Diesel,5,Tesla,Manual,Gray,Partial,1,No,5472.46,6334.7356985348015
2023,20.81,3000,Petrol,5,Ford,Automatic,Silver,Partial,1,Yes,8033.5,9331.00064604466
2017,11.51,1500,Diesel,2,Tesla,Manual,Blue,Partial,0,Yes,6217.12,6490.4815848570815
2011,25.9,2000,Petrol,1,Ford,Manual,Black,Partial,0,Yes,8869.47,8648.641896320325
2022,14.19,1200,Diesel,4,Kia,Manual,Blue,,0,Yes,4893.02,6180.985345095652
2017,18.15,2000,Petrol,2,Tesla,Manual,Gray,Full,0,No,9188.69,8081.287063197289
2020,20.59,1000,Electric,1,Honda,Automatic,Gray,Full,1,Yes,10384.17,10885.467840102794
2002,18.05,3000,Diesel,1,Hyundai,Manual,Red,Partial,1,Yes,7948.7,7881.755961548924
2010,22.55,1200,Petrol,1,Nissan,Automatic,Gray,,0,Yes,7191.96,6894.858722742512
2007,24.1,1200,Diesel,1,BMW,Manual,White,Partial,0,Yes,5488.03,6716.985079907123
2010,20.99,2500,Diesel,3,Nissan,Manual,Black,Full,0,Yes,6329.83,7702.261453427402
1998,22.32,800,Diesel,5,Ford,Manual,Red,Partial,1,No,4421.82,2603.22820258906
2019,23.62,2500,Electric,4,Honda,Automatic,Black,Partial,0,Yes,10860.05,11912.868585081533
2020,21.25,1000,Petrol,1,Kia,Manual,Black,Partial,0,Yes,8262.2,7950.734710219045
1999,22.76,1500,Petrol,4,Nissan,Automatic,White,Partial,0,Yes,6202.01,4295.8416966548475
2022,17.77,1000,Petrol,1,Volkswagen,Manual,Gray,,1,Yes,8692.97,7837.841207370747
2003,15.12,1000,Electric,4,Volkswagen,Manual,Silver,Full,0,No,6025.17,6270.048171789833
2020,26.57,5000,Diesel,4,Hyundai,Manual,Blue,Partial,0,Yes,14868.72,13028.182005832101
2007,9.33,1500,Petrol,4,Hyundai,Manual,Gray,Partial,0,Yes,4523.35,3785.9567794368113
2006,14.9,4000,Petrol,5,Tesla,Automatic,Silver,Partial,1,Yes,7577.97,7553.474830833161
2007,21.83,2500,Petrol,1,Ford,Automatic,Gray,Full,1,Yes,8139.58,8286.611406311551
1998,26.2,1000,Petrol,5,Chevrolet,Manual,Silver,Full,1,Yes,2878.53,3263.5586819464415
2010,15.32,5000,Diesel,4,Tesla,Manual,Silver,Partial,1,Yes,12104.17,10173.143936985472
2004,26.04,1500,Diesel,3,Tesla,Automatic,Black,Full,0,Yes,6198.79,5889.388386960289
2022,8.13,2500,Petrol,4,Honda,Automatic,Red,Full,0,No,6761.21,7531.985570644003
1998,13.02,1200,Petrol,5,Hyundai,Manual,Blue,Partial,2,Yes,1000.0,1954.8844465288385
2019,17.51,1200,Petrol,4,Volkswagen,Manual,White,,0,Yes,5347.66,6219.31040617086
2023,23.87,1500,Electric,2,Nissan,Manual,Black,Partial,0,Yes,11328.4,11991.397207809609
2012,12.52,1800,Diesel,5,Chevrolet,Manual,Red,Full,1,Yes,4558.63,4962.398218130569
2015,21.65,4000,Petrol,2,Tesla,Manual,Silver,Full,0,No,9344.11,11193.253003812908
1998,21.24,2500,Diesel,3,Volkswagen,Manual,White,,0,Yes,4909.06,5982.300013744919
1997,11.63,4000,Diesel,1,Kia,Automatic,Black,Partial,1,Yes,9114.2,7871.469366929197
2009,18.38,1200,Petrol,5,Tesla,Manual,White,Partial,0,No,4261.42,4287.299199695697
2007,25.0,1200,Petrol,4,Kia,Manual,Gray,Full,2,Yes,6331.14,5270.306051180009
2008,24.38,2500,Petrol,1,Hyundai,Manual,Gray,Full,0,No,8377.09,8751.225155965147
1999,17.66,4000,Petrol,2,BMW,Manual,Gray,Full,0,Yes,8426.82,8408.09160235082
2012,17.55,1500,Diesel,5,Ford,Automatic,Silver,Partial,0,Yes,4495.98,5059.354142929515
2002,19.05,2500,Diesel,4,Honda,Manual,Black,Full,1,Yes,6283.52,5809.907530281878
2004,17.59,5000,Petrol,1,Ford,Automatic,Silver,Full,0,Yes,11958.04,11057.037030073583
2013,15.18,800,Petrol,2,Honda,Manual,Red,Full,1,Yes,6013.65,5439.309503735453
2002,16.2,5000,Petrol,5,Volkswagen,Automatic,Blue,Full,1,Yes,7738.19,8697.676023779479
2005,27.08,1200,Diesel,5,Volkswagen,Manual,Red,Full,0,Yes,5025.89,4845.302727587431
2019,20.11,1800,Diesel,2,Hyundai,Manual,Blue,Full,0,Yes,11058.79,8296.21692367914
2011,10.04,1200,Petrol,2,Toyota,Automatic,Silver,Partial,1,Yes,4416.4,5033.684659208028
2022,11.31,1000,Diesel,2,Kia,Manual,White,,0,No,6649.22,6588.34901202741
2018,18.51,3000,Diesel,2,Nissan,Manual,Gray,Partial,0,Yes,9996.66,9786.587786546392
2018,23.18,3000,Diesel,3,Hyundai,Automatic,Blue,Full,0,Yes,9773.77,9836.22327654374
2005,26.55,5000,Diesel,2,Kia,Automatic,Blue,Full,0,Yes,11598.03,11816.229694439786
2022,15.73,1800,Petrol,5,Chevrolet,Automatic,Red,Partial,1,No,6965.14,6881.097795987263
2000,21.24,1000,Petrol,4,Volkswagen,Manual,Blue,Full,0,Yes,3385.55,3503.702018271837
2006,24.01,1200,Diesel,2,Toyota,Automatic,Red,Partial,1,Yes,5626.88,6053.3031771049855
2012,16.39,2500,Petrol,4,Toyota,Manual,Blue,Partial,1,No,8005.46,6927.903398928531
1996,19.53,1000,Diesel,2,Nissan,Automatic,Blue,Partial,0,Yes,3358.04,3653.077906828965
2019,20.61,1200,Petrol,1,Chevrolet,Manual,Gray,Partial,0,Yes,9957.69,7963.574390966535
2015,19.21,2000,Diesel,3,Hyundai,Manual,Black,Full,2,Yes,7589.1,7461.365124745337
2005,17.55,1200,Electric,1,Hyundai,Manual,Blue,Partial,0,No,7741.04,8543.949153855598
2022,5.0,2000,Diesel,5,Nissan,Manual,Gray,Full,0,Yes,6973.21,5787.968071930146
2022,18.36,4000,Electric,5,Nissan,Manual,Red,Full,0,No,13318.23,13507.822879338959
2018,12.28,1500,Petrol,3,Volkswagen,Manual,Silver,Full,0,Yes,6199.44,6341.798302942603
2002,24.03,800,Diesel,4,Chevrolet,Manual,Blue,Partial,1,No,2981.1,3817.016721834543
2002,14.93,2000,Diesel,4,Volkswagen,Manual,Red,Full,0,Yes,4323.73,4614.797134967546
2007,21.7,1200,Diesel,4,Honda,Manual,Blue,Partial,0,Yes,3925.3,4875.599440776035
2001,11.71,5000,Diesel,3,Chevrolet,Automatic,Red,Partial,0,No,9230.68,9031.082412316668
2022,16.42,1500,Diesel,4,Tesla,Manual,White,,0,No,6146.92,6926.737742490007
2018,19.73,2000,Diesel,4,Nissan,Automatic,White,Full,0,No,5441.42,7542.940526939945
2018,17.68,1000,Diesel,4,Tesla,Automatic,Gray,Partial,1,No,5003.96,5722.048667800665
2000,22.05,3000,Petrol,4,Honda,Automatic,Black,Full,2,Yes,4710.35,6635.840737937875
1995,11.58,800,Petrol,4,Nissan,Automatic,Red,,0,No,1000.0,1375.6393825607938
2001,14.75,1000,Petrol,3,Honda,Automatic,Gray,Full,2,No,4459.78,3396.472581175737
2001,16.72,2500,Diesel,3,Kia,Manual,Black,Partial,1,Yes,4889.1,5848.572652981641
2008,19.65,4000,Diesel,5,Hyundai,Manual,Blue,Full,1,No,8548.87,8463.387274311694
2001,10.54,2500,Petrol,4,Kia,Manual,Black,,0,Yes,4380.87,4604.8812261461135
2017,18.91,1800,Petrol,5,Toyota,Manual,Silver,Full,2,Yes,5739.73,6419.2476247028835
2013,15.4,3000,Petrol,1,Hyundai,Manual,Red,Full,1,Yes,8852.97,9194.38762356036
1996,19.24,4000,Petrol,4,Chevrolet,Manual,Silver,Full,0,Yes,6098.83,7092.189034760567
2004,16.81,4000,Diesel,2,BMW,Manual,Red,Full,0,Yes,8677.56,9121.675837502886
1996,29.15,1800,Petrol,5,BMW,Manual,Black,Full,2,Yes,6529.71,4645.858192754909
2022,6.79,2500,Petrol,1,Tesla,Manual,Silver,,1,Yes,7828.79,8655.471530280654
2021,25.12,1500,Petrol,3,Ford,Automatic,Black,,0,Yes,7681.85,8331.232793857249
1997,20.94,2000,Diesel,2,Hyundai,Manual,Gray,,0,No,3102.34,5467.2133758579985
2011,13.86,800,Diesel,2,BMW,Manual,Gray,Full,0,Yes,4727.89,4956.515037227073
2012,6.1,800,Diesel,3,Honda,Manual,White,,2,No,2779.2,3710.684640305567
2013,20.93,1800,Diesel,3,Kia,Manual,White,Partial,0,Yes,6876.33,7083.023207432988
2020,23.27,800,Petrol,1,Honda,Automatic,Black,Full,1,No,6981.33,7968.797403741615
2013,16.55,1000,Petrol,1,Ford,Automatic,Silver,Partial,1,Yes,6454.72,6296.47823527071
1998,23.68,1800,Petrol,3,Chevrolet,Manual,Gray,Full,1,Yes,6242.26,5134.546650911527
2007,6.31,3000,Petrol,2,Honda,Manual,Silver,Partial,0,No,8564.15,6720.981966262217
2010,16.16,1000,Diesel,5,Chevrolet,Manual,Gray,Full,0,Yes,3182.55,3836.9541337475966
2020,14.31,3000,Electric,3,Hyundai,Manual,White,Full,0,Yes,12844.83,12102.592506879275
2019,21.38,1200,Electric,3,Volkswagen,Manual,White,Full,1,Yes,10412.89,10198.122128695217
2019,22.84,800,Diesel,1,Nissan,Automatic,Red,,1,Yes,7673.0,7747.830537074063
2015,5.98,5000,Petrol,5,Hyundai,Manual,Silver,Full,1,Yes,10046.75,9314.871233321264
2015,26.73,5000,Petrol,3,Hyundai,Automatic,Black,Partial,0,Yes,13129.68,12852.926314649547
2012,21.04,1500,Electric,1,Tesla,Manual,Gray,,0,Yes,13113.19,10411.753828691037
1997,19.83,5000,Electric,3,Tesla,Automatic,Blue,Partial,1,Yes,13482.86,12293.20614202596
2015,22.16,5000,Petrol,2,BMW,Automatic,Gray,Partial,1,Yes,12586.52,12843.230136182494
1995,12.85,1000,Petrol,3,Nissan,Manual,Red,,0,Yes,2191.9,2268.6612647507372
2007,24.04,3000,Diesel,5,BMW,Manual,Gray,,0,Yes,8477.88,7412.099132083709
2016,21.24,1800,Petrol,5,Tesla,Manual,Black,Full,1,No,6413.09,6585.304614004692
2002,13.02,2000,Diesel,2,Chevrolet,Automatic,Red,Partial,1,Yes,4896.12,5314.146012315634
2001,26.61,5000,Electric,1,Chevrolet,Automatic,White,Full,0,Yes,15318.11,14753.552019194974
2001,11.05,1800,Petrol,3,Toyota,Automatic,Silver,Full,0,Yes,4234.47,4072.440423978527
2008,16.4,1500,Electric,3,Nissan,Manual,Silver,Full,2,Yes,8391.33,8334.453593012668
1995,12.42,5000,Diesel,1,Kia,Manual,White,Full,0,Yes,8271.16,9137.486698324117
2017,16.94,4000,Petrol,1,Hyundai,Manual,Black,Full,0,Yes,12801.72,11438.268434220457
1998,24.57,2500,Diesel,3,Tesla,Automatic,Gray,Partial,1,No,6813.8,6310.3486448434505
2009,23.62,5000,Petrol,4,Honda,Automatic,Red,Full,1,Yes,10490.67,11175.761820221222
2018,22.6,1200,Diesel,4,Nissan,Manual,Red,,0,Yes,7936.73,6682.531921996398
2016,18.04,1800,Diesel,3,Toyota,Manual,Blue,Partial,1,No,8778.28,7169.769750897898
1998,15.11,800,Diesel,5,Honda,Manual,Silver,Partial,1,Yes,2984.55,1665.2339809282357
2012,12.8,1000,Diesel,5,BMW,Manual,Gray,Full,1,Yes,3914.22,3812.9667177489428
2017,24.69,4000,Petrol,5,Honda,Manual,Red,Partial,1,Yes,9412.2,10497.123497651815
2013,19.79,3000,Diesel,4,Kia,Manual,Red,Partial,0,Yes,7683.78,8285.650653354143
2013,18.65,2500,Petrol,5,Tesla,Manual,Gray,Partial,0,Yes,5886.67,6790.8146395599
2002,14.34,1500,Diesel,3,Volkswagen,Manual,Gray,,1,Yes,2086.87,4221.414752471101
2015,13.82,1800,Diesel,5,Honda,Manual,Gray,Partial,0,No,5297.41,5564.798576219753
2022,23.79,1200,Diesel,5,Kia,Manual,Black,,0,Yes,7912.37,6903.016341183689
2023,14.7,3000,Diesel,3,Tesla,Automatic,Gray,Full,1,Yes,10912.47,9549.331330234334
2013,22.49,2000,Diesel,4,Nissan,Automatic,Black,Full,0,Yes,6228.83,7107.314044280298
2022,14.1,4000,Petrol,4,Ford,Automatic,Blue,,1,Yes,9608.42,10347.924775553365
2017,12.39,1000,Electric,2,Volkswagen,Manual,Gray,Full,0,Yes,7823.06,8968.020603918765
2014,11.72,800,Diesel,4,Hyundai,Automatic,White,Partial,1,Yes,3764.71,4124.231040593225
1998,23.53,5000,Petrol,3,Ford,Automatic,Gray,Partial,0,Yes,10879.1,9905.458193680446
2003,16.03,2500,Petrol,3,Ford,Manual,Red,,0,Yes,6130.08,6062.677016578373
1997,13.27,5000,Petrol,3,Hyundai,Manual,Black,Partial,2,Yes,7401.27,8543.21204958111
1998,12.96,1800,Diesel,5,Nissan,Manual,Silver,Full,0,Yes,1000.0,2879.2986096655995
2005,18.12,1800,Diesel,2,BMW,Automatic,Silver,,1,Yes,5689.27,6089.084758198218
2016,5.0,2000,Petrol,5,Toyota,Manual,White,Full,0,Yes,3923.74,4913.233169361192
2009,11.28,800,Petrol,1,Hyundai,Manual,Blue,Full,0,Yes,6836.24,4731.932231486814
2019,21.27,1800,Electric,4,Nissan,Manual,White,Partial,0,Yes,11779.19,10542.944152152842
2007,12.42,3000,Diesel,2,Hyundai,Manual,Red,,1,Yes,5683.91,7456.838740096518
2008,25.77,1200,Petrol,2,Nissan,Manual,White,Full,0,Yes,7666.25,6515.678064865568
2017,13.56,1800,Petrol,4,Kia,Manual,Blue,Full,1,Yes,6971.94,6257.608330929769
2013,18.76,1800,Electric,2,Honda,Manual,White,Full,0,Yes,9821.73,10343.186204833242
2010,23.12,1000,Diesel,4,Hyundai,Automatic,Gray,Partial,0,No,6066.37,5204.770647040839
2010,11.22,1800,Petrol,5,Ford,Manual,Blue,Full,0,No,5700.81,4455.22452857108
2023,17.93,3000,Diesel,2,BMW,Manual,White,Partial,0,No,10473.67,10586.388964754075
2013,33.07,1000,Petrol,4,Toyota,Automatic,Gray,Full,0,Yes,6671.08,6836.858346414963
2012,17.45,4000,Diesel,4,Tesla,Automatic,Silver,Full,0,Yes,9734.24,9244.310549739432
1997,19.74,5000,Electric,4,BMW,Manual,White,Full,0,Yes,12484.76,11927.5452282867
2011,17.58,1500,Diesel,5,Volkswagen,Manual,Blue,Partial,1,Yes,3718.56,4963.083157481934
1996,13.12,3000,Petrol,4,BMW,Manual,Red,,1,Yes,4866.68,5013.220111794032
2014,15.91,1200,Petrol,3,Ford,Automatic,Red,,0,Yes,6186.68,5755.617113687866
2006,14.78,1200,Diesel,5,Ford,Automatic,Red,Full,2,Yes,3598.19,3463.647446271315
2005,16.5,1000,Electric,5,Tesla,Manual,White,Partial,1,Yes,5717.92,6153.349007563189
1997,17.52,1800,Diesel,2,Ford,Automatic,Blue,,1,No,3769.63,4772.530886432996
2012,27.97,1800,Diesel,3,Nissan,Manual,White,Full,0,Yes,7605.31,7788.327425344585
1997,19.34,3000,Electric,2,BMW,Automatic,White,Partial,0,Yes,10607.53,9881.629349136398
2011,19.96,3000,Petrol,1,BMW,Manual,Red,Full,0,Yes,8991.85,9534.308300714907
2007,23.06,1800,Electric,5,Nissan,Automatic,Gray,Partial,0,Yes,6744.96,8467.065240158934
2014,25.12,2500,Diesel,4,Nissan,Manual,Blue,Full,0,No,8143.13,8291.515463122101
1997,5.97,1200,Diesel,3,BMW,Automatic,White,Full,0,Yes,3691.43,2074.379211564852
2004,17.67,5000,Diesel,3,BMW,Manual,White,Full,1,No,11852.06,10233.31683364824
1995,30.14,2000,Petrol,1,Nissan,Automatic,Silver,,1,Yes,6383.73,6778.69603478536
2001,26.86,1500,Petrol,1,Tesla,Manual,Gray,Full,0,Yes,7534.81,6461.405485835211
2002,17.6,2000,Diesel,5,Ford,Manual,White,Full,0,Yes,4314.29,4346.226475698849
2013,20.27,1800,Diesel,4,Volkswagen,Automatic,Gray,Partial,0,No,5981.61,6576.839296768816
2009,10.27,5000,Petrol,1,Hyundai,Manual,Blue,,0,Yes,9601.87,10885.549088670667
2021,12.4,1800,Petrol,2,Volkswagen,Automatic,White,Full,0,No,8072.86,7822.247762810275
2014,17.39,800,Diesel,4,Tesla,Manual,Silver,Full,0,Yes,4645.11,4739.385844134151
2007,26.08,1000,Petrol,2,Nissan,Automatic,Gray,Full,0,Yes,5429.58,6087.389255027332
1996,14.42,3000,Diesel,5,Volkswagen,Automatic,White,Partial,0,No,4174.01,4676.747678765334
2020,22.84,2500,Diesel,4,Volkswagen,Manual,Black,Full,0,Yes,8177.62,8968.356544427324
2012,15.14,1000,Petrol,2,Hyundai,Automatic,Black,Full,0,Yes,4074.31,5518.870424018116
2013,21.06,1200,Petrol,5,Toyota,Manual,Gray,,0,Yes,5411.61,5181.133070289938
1997,12.22,1500,Diesel,1,Honda,Manual,Blue,Full,1,Yes,3816.81,4162.938983575044
1997,9.4,2000,Petrol,1,Toyota,Manual,Red,Partial,1,Yes,3825.36,4614.977817315308
1997,21.95,1000,Diesel,2,Hyundai,Automatic,Gray,Full,0,No,3865.01,4108.767841648616
2015,14.42,4000,Diesel,3,Volkswagen,Automatic,Blue,Partial,0,Yes,9235.67,9899.228277587612
2014,18.22,1500,Petrol,3,Kia,Manual,Red,Full,1,Yes,6113.12,6493.373889019911
2007,7.31,800,Diesel,4,Nissan,Automatic,Blue,Full,1,No,2977.78,2575.1327909149295
1997,19.87,1500,Diesel,4,Kia,Automatic,White,Partial,0,Yes,4711.94,3651.214329426344
1995,22.09,4000,Petrol,5,Kia,Automatic,Gray,Partial,2,No,7655.0,6875.694969357513
2003,21.05,2000,Petrol,5,Ford,Automatic,Blue,Partial,1,Yes,4975.23,4883.294041098441
2006,22.51,4000,Petrol,3,Ford,Manual,White,,1,No,8904.83,9536.12610532696
2010,18.99,4000,Diesel,2,Chevrolet,Automatic,White,Full,1,No,9799.57,10213.526413474825
2022,27.32,5000,Petrol,2,Volkswagen,Manual,Blue,Full,1,No,14951.55,14505.233448417432
1997,17.91,1500,Diesel,1,Hyundai,Manual,White,Partial,0,Yes,4401.39,4839.024597309606
2014,16.21,4000,Diesel,5,Honda,Manual,White,,1,Yes,10116.14,8994.59031285002
2018,13.51,2500,Petrol,4,Hyundai,Manual,Gray,Full,0,Yes,7219.15,7422.702259045271
1998,22.26,1500,Diesel,5,Chevrolet,Manual,White,,1,Yes,3771.63,3572.565208273377
1995,5.52,1500,Electric,2,Kia,Automatic,Silver,Partial,1,Yes,4227.6,5580.966242625404
1998,15.98,1000,Petrol,4,Kia,Manual,Gray,Full,0,Yes,2424.46,2533.817676886926
2021,24.11,1000,Petrol,4,BMW,Manual,Red,Full,1,Yes,6398.21,7072.029543499566
2009,22.45,4000,Diesel,3,Tesla,Automatic,Silver,,3,Yes,9480.17,9904.371873166818
2004,14.56,1200,Petrol,3,Chevrolet,Manual,Blue,Partial,0,Yes,4443.54,4013.244130813575
2009,22.83,1500,Diesel,5,Honda,Manual,White,Partial,0,Yes,5376.58,5310.279865224873
2008,12.37,1500,Petrol,2,Ford,Manual,White,Partial,1,No,4802.17,5360.436166133148
2002,15.08,2500,Electric,3,Tesla,Manual,Silver,,0,Yes,9239.24,8717.77465779248
2002,22.85,2000,Petrol,3,Toyota,Automatic,Red,Partial,1,No,5195.88,6054.84500527411
2006,12.68,3000,Diesel,3,Hyundai,Automatic,White,Full,0,Yes,8065.01,6823.3715396563675
2006,14.08,1800,Petrol,3,Kia,Manual,Blue,,0,Yes,6674.33,5169.042240817712
2022,12.8,1200,Petrol,4,Chevrolet,Manual,Blue,Full,0,No,6320.33,6024.643048971195
2015,10.23,2500,Petrol,5,Chevrolet,Manual,Silver,,0,Yes,4222.5,6098.868635206333
2001,21.05,1200,Petrol,5,Ford,Manual,Blue,Full,0,Yes,5238.4,3373.466372118003
2008,14.95,1800,Diesel,1,Kia,Manual,Red,,0,Yes,6867.65,6632.039996387578
2023,14.14,800,Electric,5,Honda,Manual,Silver,,0,No,7359.55,8311.566329687677
2012,16.0,1500,Diesel,5,Honda,Automatic,Blue,,1,Yes,3843.96,4908.433811699027
1998,15.34,5000,Petrol,4,Toyota,Automatic,Silver,Partial,1,Yes,8995.35,8440.452336786206
1995,21.11,800,Diesel,4,Volkswagen,Manual,Silver,Partial,2,No,1000.0,2499.4716065333887
2011,9.32,2500,Petrol,2,Chevrolet,Manual,Black,Full,0,Yes,6332.49,6904.286873924671
2001,20.67,1500,Petrol,4,Chevrolet,Automatic,Red,Full,0,Yes,5056.6,4357.308315251607
2002,11.44,800,Petrol,3,Toyota,Manual,White,Partial,2,No,1000.0,2836.641587253869
2010,17.08,4000,Electric,4,Hyundai,Manual,Blue,Full,0,Yes,12508.62,11913.65281867334
2021,23.62,800,Diesel,5,Honda,Manual,Red,Partial,0,Yes,7337.5,6181.288556219153
1995,7.32,2000,Petrol,3,Chevrolet,Automatic,Black,Full,0,Yes,2039.13,3060.0053191771085
2017,18.36,1500,Diesel,1,Hyundai,Manual,Silver,Full,0,Yes,7714.3,7835.506592989441
2007,22.8,2000,Petrol,2,Tesla,Manual,Blue,,1,Yes,7742.82,7115.8453543258765
2019,20.54,2000,Electric,3,Honda,Manual,Blue,Full,0,Yes,11179.2,11219.196478820528
2022,17.03,5000,Diesel,2,Nissan,Manual,Gray,Full,0,No,12587.68,13226.860942264904
2020,7.68,2500,Diesel,1,Chevrolet,Manual,Gray,Full,1,No,8419.29,8536.083626207337
2001,24.47,4000,Petrol,5,BMW,Manual,Black,Partial,2,Yes,8624.75,8110.159859381454
2021,20.67,800,Diesel,5,Ford,Manual,White,Partial,0,Yes,6451.28,5749.5284006715465
2015,16.0,800,Diesel,4,Volkswagen,Manual,Gray,,0,Yes,5758.99,4816.51458588308
2000,16.78,2000,Petrol,5,Volkswagen,Manual,Blue,,0,Yes,2619.27,3969.691131839397
2020,18.96,2500,Petrol,1,Toyota,Manual,Silver,Full,1,Yes,9190.32,9869.590129066159
2003,15.7,4000,Diesel,1,BMW,Manual,White,Full,1,Yes,9876.22,9295.641734788847
2002,20.24,5000,Petrol,1,Tesla,Automatic,Red,Full,1,Yes,11100.23,11125.933522829844
2007,14.12,2500,Diesel,2,Honda,Automatic,Red,Full,0,No,7289.09,7007.278650746979
2008,17.69,2500,Petrol,5,Ford,Automatic,Blue,,1,Yes,7186.13,5968.97960407252
2007,18.98,2000,Petrol,2,Ford,Automatic,Blue,Partial,0,Yes,7285.92,6691.0726569259205
2009,15.52,1500,Petrol,1,BMW,Manual,Black,Full,1,Yes,6155.67,6435.811354670189
2010,10.52,1800,Petrol,4,BMW,Automatic,Black,,1,Yes,4632.65,4974.818523036445
2010,25.32,2000,Diesel,4,BMW,Automatic,Black,Full,1,No,7492.03,7101.746127955246
2018,11.47,1200,Petrol,5,Toyota,Automatic,Gray,,1,Yes,3859.09,4783.568457924946
2003,13.02,1000,Petrol,1,Ford,Manual,Blue,,0,No,3179.54,4392.5581173437295
2003,18.03,4000,Petrol,4,Nissan,Manual,Silver,Partial,1,Yes,7758.07,8011.293211479569
2017,15.74,800,Petrol,1,Tesla,Automatic,Red,,0,Yes,5227.0,6533.232431225662
2016,24.5,5000,Diesel,5,Honda,Manual,White,Full,0,Yes,12643.87,11784.151966179625
2023,24.79,1000,Diesel,4,Hyundai,Automatic,Red,,1,Yes,7934.14,7379.213936212742
1995,25.49,1500,Petrol,3,Honda,Manual,Black,Full,0,Yes,4518.96,4533.477068916579
2014,20.54,1000,Petrol,3,Honda,Manual,Silver,Partial,0,No,5967.47,6004.862580804051
2014,17.17,2500,Petrol,4,Volkswagen,Manual,Silver,Partial,0,No,6935.49,7376.799377454042
2017,19.25,1500,Petrol,4,Kia,Automatic,White,,0,Yes,6404.54,6547.985240204605
2009,16.23,5000,Diesel,1,Honda,Manual,Red,Full,1,No,8719.97,11775.061785207434
2010,17.51,800,Petrol,3,Chevrolet,Manual,Black,Partial,0,Yes,3134.46,4715.311190957755
2015,25.69,1800,Diesel,1,Toyota,Automatic,White,Full,0,Yes,7888.47,8941.013727239642
2011,14.17,3000,Diesel,4,BMW,Manual,Black,Full,0,Yes,9311.98,7344.1709004156255
2019,15.58,2500,Electric,1,Nissan,Manual,Silver,Full,0,Yes,11875.37,12335.439134705437
2006,20.07,2500,Petrol,1,Volkswagen,Manual,Red,Full,0,Yes,8095.54,8041.243863995698
2013,12.17,5000,Diesel,5,Chevrolet,Manual,Blue,Partial,0,Yes,12189.58,9767.192446064337
2000,21.61,4000,Petrol,3,Hyundai,Automatic,Red,Full,0,Yes,7623.9,8536.763331365297
2010,16.99,2000,Petrol,3,Chevrolet,Automatic,Silver,Partial,1,Yes,6321.26,6420.315022406197
2015,20.1,2000,Diesel,3,BMW,Manual,Silver,Full,0,Yes,6098.41,7607.732728671577
2001,8.17,4000,Petrol,4,Chevrolet,Manual,White,,0,No,8587.64,6566.428226653006
1997,10.62,800,Diesel,5,Nissan,Manual,Gray,,0,Yes,1000.0,955.5230926582444
2013,21.07,1800,Electric,3,Volkswagen,Manual,Blue,Partial,0,Yes,10512.2,10118.00665414577
1997,14.28,1800,Diesel,5,Hyundai,Manual,Red,Full,1,Yes,3031.19,2933.8476696103626
2009,14.06,1800,Electric,2,BMW,Automatic,Red,Partial,1,Yes,10471.69,9276.04292952587
2023,23.68,800,Petrol,5,BMW,Automatic,Blue,Full,0,Yes,6531.53,6461.149002970793
2006,11.49,2500,Electric,5,Chevrolet,Manual,Red,Full,0,Yes,8405.65,8000.438239687113
1998,8.45,5000,Petrol,1,Volkswagen,Automatic,Gray,Partial,1,Yes,7197.2,9130.773652952888
2012,16.07,1200,Diesel,1,Kia,Automatic,Black,Partial,0,Yes,4832.14,6451.359425828368
1999,24.08,2000,Petrol,5,Honda,Manual,Blue,Partial,0,Yes,4452.56,4675.311574561716
1998,10.83,5000,Petrol,3,Ford,Automatic,Black,Full,0,Yes,8225.3,8412.335380064622
2002,10.4,1500,Petrol,3,Hyundai,Manual,Red,,2,Yes,2047.2,3738.48950717939
1998,13.12,5000,Diesel,1,Ford,Manual,Black,Partial,0,Yes,9906.5,9656.937539817733
2003,25.52,2500,Diesel,5,BMW,Automatic,Gray,,0,Yes,7152.81,6262.577297940011
2006,15.43,5000,Petrol,4,Ford,Automatic,Red,Partial,0,No,11682.74,9730.28606835899
2018,20.25,2500,Diesel,4,Chevrolet,Manual,Blue,Partial,1,Yes,7340.05,8245.491165351028
2003,6.31,3000,Diesel,4,Nissan,Automatic,Red,Partial,0,Yes,4784.78,5184.386559417568
1999,15.28,1000,Petrol,5,Toyota,Automatic,Gray,Full,0,Yes,2528.46,2114.7722290503298
2015,11.95,4000,Electric,4,Kia,Manual,Red,,0,No,14117.03,12178.761354724027
2011,20.69,4000,Diesel,3,Chevrolet,Automatic,Silver,Full,1,Yes,9359.66,10010.026332197192
2006,19.83,1500,Diesel,1,Chevrolet,Manual,Black,,0,No,5365.9,6464.91241206004
2019,22.03,5000,Petrol,1,Nissan,Automatic,Red,,1,Yes,13738.87,13921.352902326686
2020,16.09,1800,Petrol,2,Volkswagen,Automatic,Gray,Full,0,No,7214.65,8087.705165189308
2022,13.01,5000,Electric,2,Volkswagen,Automatic,Silver,Full,1,Yes,16765.07,15779.474661429345
2023,6.78,1500,Petrol,2,Kia,Manual,Red,Partial,1,Yes,9143.69,6937.325829630075
2012,22.28,1800,Diesel,5,Toyota,Manual,Gray,,1,No,6644.58,6119.683706024604
2020,22.07,5000,Petrol,2,Tesla,Manual,Blue,Partial,1,Yes,12762.35,13443.003620158226
2008,18.49,1000,Diesel,2,Volkswagen,Automatic,Blue,Full,2,Yes,5308.57,5365.945577838264
2017,17.7,1000,Petrol,3,Toyota,Manual,Gray,Full,2,No,3982.2,6092.599776306128
2008,18.17,2000,Diesel,2,Kia,Automatic,Silver,Partial,0,No,7036.11,6808.103500853956
1996,11.65,2500,Diesel,4,Volkswagen,Manual,Silver,Full,0,Yes,2440.06,4002.5427330065872
2006,14.06,4000,Petrol,3,Volkswagen,Manual,Red,Full,0,Yes,7131.5,8577.88171031538
2020,19.67,1800,Petrol,3,Honda,Automatic,Blue,Full,1,Yes,7231.2,7964.247640673634
2003,20.51,2000,Diesel,1,Chevrolet,Manual,Black,Partial,0,Yes,7213.4,6812.223645165654
2004,18.61,1200,Diesel,2,Kia,Automatic,Silver,Full,0,Yes,5489.95,5037.158821625655
2012,16.35,1800,Diesel,4,BMW,Manual,White,Full,2,Yes,5442.05,5962.681631770527
2013,9.17,1800,Petrol,1,Toyota,Automatic,White,Full,2,Yes,6283.2,6650.804365018944
2006,21.59,1800,Diesel,4,Nissan,Automatic,Black,Full,0,Yes,6695.24,5658.428202398116
2020,20.76,1800,Electric,1,Hyundai,Automatic,Red,Full,0,No,11182.34,12152.307025547903
1997,14.14,1000,Petrol,1,Honda,Automatic,Gray,Full,1,No,4175.7,3701.649546469769
2015,23.36,4000,Petrol,2,Chevrolet,Automatic,Silver,Full,0,Yes,12523.36,11408.33308888071
2011,13.1,1800,Petrol,2,Ford,Manual,White,Full,0,Yes,7449.72,6305.164632707222
2002,29.61,2000,Diesel,4,Ford,Automatic,Gray,Full,1,Yes,6221.95,6273.215227774689
2017,19.14,1200,Electric,5,Volkswagen,Automatic,Red,Full,0,Yes,7783.0,8697.53870849889
2003,15.51,5000,Diesel,3,Kia,Automatic,Silver,Full,1,Yes,8993.78,9706.872592298385
1999,18.71,1800,Diesel,1,Toyota,Automatic,Gray,Full,1,Yes,5376.03,5689.678479518772
2003,14.26,1500,Petrol,1,Honda,Automatic,Silver,,1,Yes,4619.72,5318.952786837002
2009,28.27,1200,Petrol,2,Hyundai,Manual,White,Full,2,Yes,8538.79,6944.267298426077
2016,22.02,800,Diesel,1,Kia,Manual,Gray,,0,Yes,7150.96,7114.146059174478
2016,12.97,1500,Diesel,4,Volkswagen,Automatic,Gray,Full,1,No,7562.05,5697.64479392145
2005,14.76,1000,Diesel,5,Ford,Automatic,White,Full,1,Yes,3467.94,2972.9021536497785
2022,23.46,1800,Electric,2,Honda,Manual,Black,Full,1,Yes,12813.67,12263.591680629605
1999,17.2,800,Petrol,3,Toyota,Automatic,Gray,Partial,1,Yes,2496.62,3029.4821976649273
2002,19.84,800,Diesel,4,Toyota,Automatic,Silver,,0,No,3376.86,3339.4635855820925
2016,18.73,800,Diesel,4,Nissan,Automatic,White,Partial,1,Yes,5200.47,5300.02062563246
1997,17.28,3000,Diesel,4,Honda,Manual,Blue,Full,1,No,5016.69,5583.40727149815
2001,7.63,1800,Diesel,2,Tesla,Automatic,Silver,Partial,1,No,3689.27,4149.9355989524465
1996,18.19,1500,Diesel,1,Hyundai,Manual,Black,Partial,0,Yes,3547.21,4733.36313026897
2008,20.49,5000,Petrol,3,Hyundai,Manual,Red,Full,1,Yes,10334.75,11076.179073616784
1995,14.85,4000,Diesel,2,Nissan,Automatic,White,,1,Yes,6729.33,7467.9201889693
2006,14.35,1800,Diesel,5,Volkswagen,Automatic,Gray,Full,0,Yes,4671.3,4297.114630863047
2005,18.32,800,Diesel,1,Tesla,Manual,Black,Full,0,Yes,2701.44,5023.478759135275
2012,11.5,1000,Electric,3,Ford,Automatic,Gray,Partial,1,Yes,7799.36,7578.7805168147
2022,19.68,4000,Petrol,4,Hyundai,Automatic,White,Full,0,Yes,10939.12,11050.39822411936
2020,15.34,1500,Diesel,5,BMW,Automatic,Black,,1,Yes,8609.96,6111.883811313444
2007,24.47,4000,Diesel,2,Kia,Manual,Blue,Full,0,No,8601.84,10389.152428624066
2013,18.83,5000,Diesel,3,BMW,Manual,Black,Full,0,Yes,10364.6,11682.506436557249
2002,15.26,2000,Petrol,1,Nissan,Manual,Blue,Partial,1,Yes,5863.18,5999.035311868904
2011,11.55,1500,Petrol,5,BMW,Manual,White,Partial,2,Yes,4848.87,4291.075570636998
2004,21.94,1800,Petrol,1,Nissan,Manual,Gray,Full,0,Yes,6480.68,6811.472046263136
2017,28.46,2500,Electric,1,Ford,Automatic,Black,Partial,1,Yes,11637.31,13633.292270807002
2020,20.96,1500,Petrol,4,Honda,Manual,Gray,Full,0,Yes,7195.43,7174.442671006591
2002,17.51,1200,Diesel,1,Nissan,Manual,Gray,Full,1,Yes,4230.85,5090.473823529177
2018,18.47,2000,Diesel,2,BMW,Automatic,White,,2,Yes,9367.63,8402.157029246544
2012,17.25,800,Diesel,2,Toyota,Automatic,Blue,Partial,1,No,5861.67,5487.828498039946
1998,6.33,1000,Diesel,5,Tesla,Manual,Red,Partial,0,Yes,1000.0,901.5580852721032
2002,16.52,1200,Petrol,4,BMW,Manual,Red,Full,0,Yes,3035.49,3622.860681306498
2009,32.42,800,Petrol,1,Honda,Manual,Red,Full,0,Yes,7694.58,7413.145242828881
2010,12.96,2000,Petrol,2,Toyota,Manual,Black,Full,1,Yes,6211.22,6463.743547109749
2000,17.45,1500,Electric,5,Ford,Automatic,Silver,Full,0,Yes,6876.04,6276.627134672826
2022,20.78,1500,Petrol,5,Toyota,Automatic,Silver,,0,Yes,7936.95,6945.92312076028
2017,13.11,800,Petrol,4,Ford,Manual,Gray,Partial,0,Yes,4101.34,4693.6304197533545
2012,15.39,800,Diesel,1,Nissan,Automatic,Blue,Full,0,Yes,6906.63,5723.863134604978
2015,27.78,3000,Diesel,4,Tesla,Manual,Red,,0,Yes,7896.32,9501.748809731349
2001,14.99,5000,Diesel,2,Tesla,Manual,Silver,Partial,1,No,8730.52,9807.442291619427
2000,17.29,1800,Electric,3,Ford,Automatic,Blue,Full,1,Yes,8957.62,7680.496640226378
2020,25.13,5000,Petrol,5,Toyota,Manual,White,Full,0,Yes,12142.39,12424.243183136688
2018,11.3,2500,Petrol,5,Hyundai,Automatic,Red,Partial,0,Yes,7574.22,6747.461024540374
2006,19.09,3000,Petrol,4,Chevrolet,Manual,Red,Partial,1,Yes,7714.52,7140.983573288763
1999,20.39,3000,Diesel,2,Nissan,Automatic,Gray,,1,Yes,7180.92,7206.542687178301
2002,13.17,3000,Diesel,4,Ford,Manual,Black,Partial,1,Yes,6829.18,5806.542350411599
2005,21.41,2000,Electric,1,Honda,Automatic,Silver,Full,0,Yes,8400.14,10241.236631751184
2010,27.08,800,Diesel,5,Nissan,Manual,Black,Full,1,Yes,5609.94,4924.353254394156
2018,10.35,4000,Petrol,1,Toyota,Automatic,Black,Full,0,No,11620.01,10859.92750458578
2011,14.36,2500,Diesel,3,Toyota,Manual,Gray,Partial,0,Yes,5976.47,6997.663621186701
2005,22.23,2000,Electric,3,BMW,Manual,Silver,,1,Yes,9701.78,9395.348661668617
2013,14.37,1200,Diesel,2,Nissan,Automatic,Silver,Full,0,Yes,7169.67,5865.414257895478
2022,22.67,2500,Diesel,4,Nissan,Automatic,Gray,Full,0,No,9915.31,9208.5931479481
2004,18.35,1200,Petrol,5,BMW,Manual,White,,0,Yes,3224.05,3616.017716504881
2022,22.92,3000,Petrol,3,Kia,Automatic,Red,Partial,2,No,10614.02,10544.552954752033
2011,15.44,1800,Petrol,4,Toyota,Manual,Red,Full,1,Yes,4780.07,5662.479366961749
2023,24.4,4000,Petrol,5,Toyota,Manual,Red,Partial,1,Yes,11422.99,11327.77345408338
2011,20.99,1800,Petrol,3,Volkswagen,Automatic,Gray,,0,Yes,6946.14,6817.434922540959
1997,18.49,3000,Diesel,5,Hyundai,Automatic,Silver,Full,1,Yes,4476.18,5179.131774408326
1999,17.63,1200,Diesel,4,Ford,Manual,Silver,Full,0,Yes,2721.26,3163.4182983214523
2007,21.5,2500,Electric,5,Tesla,Automatic,Blue,,1,No,8887.17,9304.601183739542
2018,21.85,800,Diesel,1,Kia,Manual,Gray,Full,0,No,5895.85,7425.849809103564
1998,20.76,800,Petrol,4,Chevrolet,Automatic,Silver,,0,Yes,3223.64,2805.617423468393
2011,15.11,1800,Diesel,3,Tesla,Manual,Silver,Full,2,Yes,6688.37,6009.370627189985
2020,15.72,1500,Petrol,2,Hyundai,Manual,White,Partial,2,No,9236.59,7545.466731688913
2001,21.22,1000,Electric,5,Tesla,Automatic,Silver,Partial,1,No,5610.64,6143.444348600517
1995,14.57,2500,Petrol,1,Chevrolet,Automatic,Red,,2,Yes,5991.4,5697.456437936586
2015,13.45,1000,Diesel,1,Hyundai,Manual,White,Partial,0,Yes,6399.24,6230.277127497147
2023,19.67,3000,Diesel,4,Toyota,Manual,Black,Partial,0,Yes,11517.92,9723.65287244567
2008,19.38,1500,Electric,3,Kia,Manual,Silver,Partial,0,Yes,8491.79,8683.102969157993
2006,25.09,2000,Petrol,2,Toyota,Automatic,Silver,Full,0,Yes,8779.84,7301.312842443101
2011,20.13,5000,Diesel,1,Nissan,Manual,Red,Full,0,Yes,10860.67,12488.000612964655
1995,20.12,2000,Diesel,5,Kia,Automatic,Black,Full,1,Yes,3766.8,3656.4554121042875
2014,22.33,5000,Petrol,4,Tesla,Manual,Blue,Full,0,Yes,11072.74,11600.47531555605
2007,21.88,1500,Diesel,3,Tesla,Automatic,Black,Full,2,Yes,5948.36,5841.305091135336
2008,11.27,1800,Diesel,4,BMW,Manual,Black,Partial,1,Yes,5288.01,4757.5788940695475
2003,19.69,2500,Diesel,3,Honda,Manual,Red,Partial,1,No,6622.03,6586.09890505074
2021,15.1,800,Electric,3,Volkswagen,Manual,White,Full,1,Yes,9702.16,9138.793869787894
2013,15.43,2000,Petrol,5,BMW,Automatic,Red,Full,0,Yes,6069.01,5847.3072181380885
2012,18.44,1500,Diesel,4,Nissan,Manual,Silver,Full,1,Yes,6690.74,5669.326815363177
2022,17.14,800,Diesel,4,BMW,Manual,White,,1,Yes,5425.72,6047.191277209311
2017,21.02,4000,Diesel,2,Hyundai,Automatic,Silver,Partial,0,No,11034.3,11450.942858637729
1998,21.18,3000,Petrol,4,Volkswagen,Automatic,Gray,,0,Yes,5496.1,6210.623196649778
2002,26.81,1500,Diesel,5,Nissan,Manual,Silver,Full,0,Yes,3871.68,4700.253810993538
2011,19.63,1000,Petrol,2,Nissan,Manual,Blue,Full,1,Yes,5014.28,5883.724791177712
1997,20.12,5000,Diesel,4,BMW,Automatic,Blue,Partial,0,Yes,8612.88,8931.390812069134
1998,16.85,2000,Petrol,5,Tesla,Manual,Gray,Full,1,Yes,3415.88,3600.133936941208
2020,13.3,1500,Petrol,3,Tesla,Automatic,Black,Full,1,No,7248.73,6764.095621126823
2018,19.42,1200,Petrol,2,Chevrolet,Manual,Red,Full,0,Yes,6031.74,7251.1906389792275
2014,17.94,1000,Diesel,5,Hyundai,Automatic,White,Partial,0,Yes,4362.91,4681.6019637281615
2016,22.45,4000,Diesel,5,Ford,Manual,Gray,Full,1,No,9801.85,10010.609770607876
1998,13.38,1200,Petrol,3,Honda,Automatic,Gray,Full,0,Yes,2882.78,3040.165370493015
2022,15.93,800,Petrol,4,Chevrolet,Automatic,Gray,Full,0,Yes,4323.85,5793.805489585181
2000,27.4,2000,Petrol,5,Hyundai,Automatic,Red,,0,Yes,3188.1,5270.05652802523
2019,16.05,1800,Petrol,4,Nissan,Manual,Red,Partial,0,No,5689.92,6965.521719757078
2010,24.98,1200,Diesel,1,Ford,Manual,Black,Full,1,Yes,5508.35,7202.840713610994
1995,15.41,5000,Diesel,1,Nissan,Manual,Red,,0,Yes,10278.13,9537.439305685726
2002,12.42,2500,Petrol,5,Kia,Manual,Gray,Full,1,Yes,4584.96,4454.977182965297
2020,16.72,2500,Diesel,4,Nissan,Automatic,White,Full,2,No,7165.44,8232.230288698029
1995,17.24,2000,Petrol,2,Toyota,Automatic,Red,Full,1,Yes,5333.46,4790.777242423047
2017,22.73,1200,Petrol,1,Honda,Manual,Red,,2,Yes,7396.53,8038.017775823642
1995,13.49,1000,Petrol,4,Toyota,Automatic,Gray,Full,0,Yes,4052.04,1792.4853341870003
2015,14.6,1500,Petrol,2,BMW,Automatic,Black,,2,Yes,6800.66,6745.955061293506
2000,20.84,2000,Petrol,5,Toyota,Manual,Black,Full,0,Yes,4072.62,4457.254811551062
2011,18.61,2000,Petrol,2,Nissan,Manual,Black,Full,0,Yes,5533.84,7301.023785479759
2008,19.09,3000,Diesel,1,Tesla,Automatic,White,Full,0,No,9684.58,8889.27559623765
2005,18.88,5000,Diesel,3,Hyundai,Manual,Black,Partial,1,No,10167.43,10446.116565900353
2011,30.26,2500,Petrol,3,BMW,Manual,White,,0,Yes,8336.28,9017.639736755198
2002,19.01,2500,Diesel,1,BMW,Manual,Black,Full,0,Yes,6860.03,7310.660538357216
2000,9.42,800,Diesel,3,Chevrolet,Manual,Red,Partial,0,Yes,3119.32,2281.370263642856
2015,14.71,3000,Diesel,4,Nissan,Manual,White,Full,1,Yes,6813.75,7939.913218306319
1999,14.4,800,Petrol,3,Ford,Manual,Blue,,0,Yes,1094.56,2652.5958787077134
1999,12.39,5000,Petrol,4,Honda,Manual,White,Full,0,Yes,11127.27,8276.340816787204
2008,19.92,1800,Diesel,2,Honda,Manual,Blue,Full,1,Yes,6594.76,6689.154057190513
2015,5.0,4000,Diesel,4,Kia,Manual,Black,Partial,0,Yes,8816.01,8262.291691991966
2021,20.71,1500,Petrol,4,Kia,Manual,Black,Full,1,No,6281.37,7354.057635456282
2013,19.45,4000,Petrol,2,BMW,Manual,White,Partial,0,Yes,11120.4,10737.82342251519
2023,14.07,5000,Diesel,2,BMW,Automatic,Silver,Full,0,Yes,13346.84,13054.229991396027
2013,19.14,800,Petrol,5,BMW,Manual,Silver,Full,1,Yes,3474.76,4422.941335647228
2014,17.89,1800,Diesel,3,Hyundai,Manual,Blue,Partial,0,No,5862.57,6828.77830220254
2018,20.75,2500,Diesel,5,Honda,Automatic,Silver,Full,2,Yes,7063.07,7881.115594273352
2002,23.34,5000,Petrol,5,Tesla,Manual,Red,,1,Yes,9398.81,9530.622696707653
2007,15.38,800,Petrol,4,Volkswagen,Automatic,Black,Full,0,Yes,4728.89,3602.0678127096016
1998,7.13,1500,Petrol,3,Chevrolet,Manual,White,Partial,1,Yes,2852.95,2716.5338669867397
2015,11.65,1500,Diesel,1,Honda,Automatic,Gray,Full,1,Yes,7115.79,6794.773340429567
2009,26.66,1500,Diesel,3,Hyundai,Automatic,Black,Partial,0,No,6285.29,6761.234313500209
2021,20.66,1800,Diesel,3,Ford,Automatic,White,Full,1,Yes,8529.94,8239.66099701239
2010,11.34,3000,Diesel,4,Honda,Automatic,Black,Partial,1,Yes,6456.36,6827.696850333689
2010,5.38,1500,Petrol,4,Hyundai,Manual,Black,,1,Yes,4111.37,3801.0731473851893
2015,11.07,1000,Petrol,3,Chevrolet,Manual,Blue,,2,Yes,5950.82,4938.3003802869825
2007,16.46,5000,Diesel,1,Nissan,Automatic,White,Full,0,Yes,12187.94,11426.577037017094
2000,28.68,4000,Diesel,1,Ford,Automatic,Red,,1,Yes,8862.01,10387.31690257737
2004,21.64,1000,Diesel,1,Nissan,Automatic,Red,,1,No,4972.73,5705.122417366145
2007,13.24,5000,Electric,3,Chevrolet,Automatic,Red,Full,0,Yes,12386.37,13088.13552758247
2017,15.52,4000,Diesel,1,BMW,Manual,White,Partial,1,Yes,11322.72,11355.386474926057
2011,25.95,1200,Electric,3,Ford,Automatic,Red,,0,Yes,9585.29,9540.663059371751
2012,19.96,3000,Petrol,4,Volkswagen,Automatic,Black,Full,0,Yes,8100.38,8186.733656762384
2014,18.12,4000,Diesel,3,Volkswagen,Manual,Blue,,0,Yes,11201.87,10185.057182256935
2023,22.51,1800,Diesel,4,Chevrolet,Manual,White,Full,0,Yes,8195.85,8254.617818803637
1996,19.79,1000,Diesel,4,Volkswagen,Automatic,Silver,,0,No,2256.13,2793.634649551097
1998,23.42,1000,Electric,4,BMW,Manual,White,Full,0,No,5802.39,6579.03153692836
2018,25.44,1800,Petrol,2,BMW,Manual,Gray,Full,1,Yes,9200.62,8891.795707180989
2012,23.3,3000,Petrol,5,Kia,Manual,Red,Partial,0,Yes,7426.07,8067.835371441313
1997,18.86,800,Diesel,2,Hyundai,Automatic,Silver,Full,0,Yes,2435.42,3399.5886234626523
2023,24.57,4000,Petrol,3,Honda,Automatic,Silver,Full,0,No,13641.65,12328.08802095824
2014,17.48,800,Diesel,2,Honda,Manual,Black,Full,0,Yes,5460.22,5838.866344947739
2003,17.7,1500,Diesel,4,Ford,Manual,Red,Full,0,Yes,3743.67,4285.513668852348
2004,19.89,800,Petrol,3,Honda,Automatic,White,Full,2,Yes,3752.51,4162.308706119507
2021,14.64,1800,Electric,4,Nissan,Automatic,Red,Full,0,No,9120.75,10124.886151956805
2021,14.37,5000,Diesel,2,Kia,Automatic,Black,Full,0,No,13745.73,12809.284843971287
2010,19.17,5000,Petrol,5,Volkswagen,Automatic,Blue,Full,1,No,8732.37,10281.449122516206
2023,19.12,1200,Electric,1,Nissan,Automatic,Blue,Full,0,Yes,12679.5,11422.053706586576
2023,15.89,2000,Petrol,4,BMW,Manual,Blue,,1,No,9246.79,7826.970158125778
2013,22.84,2500,Petrol,2,Nissan,Manual,Black,,3,Yes,8159.09,8869.770997109672
2021,18.75,1200,Petrol,5,Ford,Manual,Silver,Partial,1,Yes,7180.52,6081.214749727607
2014,19.16,2000,Diesel,4,Toyota,Manual,Black,Full,0,Yes,8153.73,6830.031986687167
2014,12.26,2000,Diesel,3,Toyota,Automatic,Red,Partial,0,Yes,6243.89,6524.9457212688085
1996,22.79,1500,Diesel,1,Volkswagen,Automatic,Red,Full,0,Yes,4558.78,5406.2803642954295
2014,26.48,800,Petrol,1,Nissan,Manual,Red,,0,Yes,6590.79,7421.874029584496
1997,15.7,1800,Diesel,5,Hyundai,Manual,White,Full,1,Yes,5447.9,3069.035052389335
2017,12.91,1500,Petrol,5,BMW,Automatic,Silver,,0,Yes,6676.69,5320.2050196174
2007,14.21,1800,Petrol,1,Kia,Manual,Gray,Full,0,No,8681.58,6356.006093740987
2011,15.22,2500,Diesel,3,Honda,Automatic,Black,,0,Yes,5948.86,7184.178162518771
2008,9.94,1200,Petrol,4,Ford,Automatic,White,Full,0,Yes,4365.19,3615.8933560755804
2005,23.81,2000,Petrol,4,Honda,Automatic,White,Partial,1,No,6066.97,6118.376985235178
2007,12.63,2000,Diesel,3,Toyota,Manual,Blue,Full,0,No,6437.68,5472.615626583494
2007,19.21,5000,Electric,3,Tesla,Manual,Silver,Full,3,Yes,13886.11,13709.11538097342
2018,13.98,1000,Petrol,3,Tesla,Automatic,Gray,,0,Yes,4916.24,5721.5747112196295
2015,19.82,1200,Diesel,2,BMW,Automatic,Black,,0,Yes,7211.81,6924.429124718661
2004,21.95,1000,Petrol,1,Chevrolet,Automatic,Blue,Full,0,Yes,6332.39,5600.577853306192
2014,10.1,2500,Diesel,2,Hyundai,Manual,Silver,Full,0,Yes,6384.32,7395.893328044396
2013,18.37,1000,Diesel,3,Chevrolet,Automatic,Black,Partial,0,No,5030.79,5617.067247493802
1999,31.48,2500,Petrol,2,Honda,Automatic,Blue,Full,0,No,8302.52,7833.651341142107
1998,16.63,1200,Electric,5,Volkswagen,Manual,Gray,Full,1,No,6795.7,5524.907484009647
2020,20.78,1800,Petrol,3,Tesla,Manual,Red,Full,0,Yes,6489.62,8091.082329914685
2004,18.6,1000,Petrol,3,Honda,Manual,White,Full,1,Yes,4163.78,4287.265181271931
2012,25.58,5000,Petrol,1,Volkswagen,Manual,Blue,Partial,1,Yes,13237.49,13260.744445747945
2023,22.86,1200,Diesel,2,Chevrolet,Manual,Black,,0,Yes,7672.69,8387.821541227493
2016,23.31,5000,Diesel,5,Nissan,Automatic,Silver,,0,No,10052.79,11637.852785287972
2012,18.28,1000,Diesel,3,Toyota,Manual,Blue,Full,1,Yes,5568.17,5374.648595964774
2011,10.17,3000,Petrol,2,Chevrolet,Manual,Red,Full,0,Yes,7838.21,7781.3693457031395
2015,18.47,1800,Diesel,4,Ford,Manual,Black,Full,1,Yes,6584.01,6588.900003836976
2016,23.56,1500,Diesel,1,Toyota,Automatic,White,Full,0,No,8838.48,8418.773373828766
2020,15.78,1200,Petrol,3,Honda,Manual,Blue,Full,2,Yes,8173.03,6588.075026664781
2003,20.62,5000,Petrol,4,Honda,Automatic,Red,Partial,0,Yes,9917.55,9915.353622756842
2009,14.3,1500,Electric,2,Ford,Manual,Gray,Partial,0,Yes,8570.38,8689.253124258299
2009,6.85,3000,Petrol,5,Tesla,Manual,Gray,Full,0,Yes,5114.11,5517.504907427556
2004,17.95,2000,Petrol,2,Volkswagen,Manual,Blue,,0,Yes,5617.77,6173.397683442231
2022,13.98,2000,Petrol,2,Kia,Automatic,Silver,Partial,0,No,8677.27,8379.832287766303
2021,22.29,1000,Petrol,1,Nissan,Manual,Blue,,0,Yes,8894.32,8177.592371953952
2012,12.94,2500,Diesel,3,BMW,Manual,White,Full,1,Yes,5137.11,7081.246717751055
2005,18.05,800,Diesel,3,BMW,Manual,Red,Full,0,Yes,3713.56,4149.736229205026
2006,9.86,3000,Petrol,5,Ford,Automatic,White,Partial,1,Yes,6533.57,5512.496368275442
1996,9.89,4000,Diesel,3,Hyundai,Manual,Gray,,0,Yes,5688.53,6447.299845354991
2023,22.48,3000,Petrol,3,Tesla,Manual,Black,Full,0,Yes,9884.04,10508.666811383784
2004,27.96,800,Electric,1,BMW,Manual,White,,2,Yes,8176.46,9162.551887826736
1997,23.04,1200,Electric,5,Ford,Manual,Red,Full,0,Yes,6166.73,6114.535583467383
2022,19.74,3000,Diesel,1,Ford,Manual,Gray,Partial,1,Yes,11120.28,11001.920185342187
2018,13.34,2000,Diesel,5,BMW,Automatic,Red,Full,0,Yes,5516.01,6342.6829148603265
2000,13.5,1000,Diesel,1,Ford,Automatic,Black,Partial,2,Yes,4385.16,4045.7251120094934
2001,12.75,4000,Petrol,4,Nissan,Manual,Silver,,0,Yes,7115.54,7072.25901572728
2014,14.07,800,Diesel,4,Tesla,Manual,Red,Full,0,Yes,3427.9,4408.4259699146405
2012,21.95,3000,Petrol,3,Honda,Manual,Gray,Partial,0,No,9004.75,8868.294817145545
2000,19.07,5000,Petrol,2,Honda,Manual,Red,Partial,0,No,10543.65,10280.994687710783
2004,17.58,5000,Petrol,5,Ford,Manual,Black,Full,0,Yes,9371.48,9128.927281509601
1999,14.52,3000,Diesel,1,Honda,Manual,Gray,Partial,1,Yes,6587.68,6988.360772695152
2008,15.6,3000,Petrol,5,Honda,Automatic,White,Partial,0,Yes,5459.18,6538.283295903487
2001,17.66,5000,Diesel,3,Hyundai,Automatic,Red,Full,4,Yes,9550.86,9723.591005941491
2020,20.9,3000,Petrol,1,BMW,Automatic,Black,Full,0,Yes,9797.46,10973.140877300595
2016,13.37,4000,Petrol,2,Honda,Automatic,Silver,Partial,0,Yes,10032.97,10386.301057571547
2008,12.29,5000,Diesel,4,Kia,Manual,Black,Partial,0,No,11209.65,9631.24616998935
2023,20.32,2500,Petrol,2,BMW,Manual,Black,Full,0,Yes,9088.99,10099.399184578326
2021,11.39,2000,Petrol,4,Chevrolet,Manual,Red,,0,Yes,6537.78,6943.944077552277
1999,22.03,2000,Diesel,4,Toyota,Manual,Silver,Full,0,Yes,6024.41,4902.572437678396
2021,21.06,1800,Diesel,3,Tesla,Automatic,Black,,1,Yes,6692.41,8268.674293345175
2016,9.39,5000,Diesel,4,Tesla,Manual,Red,Partial,1,Yes,9971.84,10419.179735059924
2023,19.45,2000,Petrol,4,Kia,Manual,Black,Partial,0,Yes,8219.89,8206.336925069485
2011,15.38,1800,Petrol,2,Tesla,Automatic,Gray,Full,0,Yes,6211.78,6534.026227440274
2004,17.96,2000,Diesel,4,Kia,Automatic,White,Full,0,Yes,7279.51,5209.67890134103
2007,20.64,2500,Petrol,4,BMW,Automatic,Blue,Full,0,No,6489.17,6777.683516556155
2017,14.4,1500,Electric,2,Ford,Automatic,Black,,0,No,10456.24,9981.856658393785
2017,23.76,4000,Petrol,5,Toyota,Automatic,Gray,Partial,0,Yes,9601.23,10299.006101291401
2009,23.99,2500,Petrol,5,BMW,Manual,Black,Partial,0,Yes,7548.0,6992.272192336138
2012,14.67,4000,Diesel,5,Toyota,Manual,Black,Full,1,No,6355.01,8528.13449701437
2011,13.77,5000,Petrol,2,Volkswagen,Automatic,Blue,Full,1,Yes,9824.74,11209.95491289708
2000,18.76,2000,Diesel,2,Volkswagen,Manual,Gray,,0,Yes,3439.22,5690.14606128659
2019,8.9,800,Petrol,2,Ford,Automatic,White,,0,Yes,4681.55,5506.920146709731
2016,25.42,1200,Diesel,3,Nissan,Manual,Blue,Partial,0,Yes,6996.69,7136.142807092021
2007,19.98,1800,Petrol,5,Volkswagen,Manual,Black,Partial,0,Yes,3242.53,5148.578455290269
1996,26.34,1500,Diesel,3,Tesla,Manual,Gray,,0,Yes,4666.49,4680.885350724903
2010,24.79,1500,Petrol,3,Honda,Automatic,White,Full,0,Yes,7051.43,6684.544325664041
2014,5.62,1200,Petrol,2,Volkswagen,Automatic,Red,Full,1,No,5814.42,5105.621677432269
2004,18.28,1500,Diesel,1,Nissan,Manual,Black,Full,0,No,5705.16,6000.892882653669
2015,26.55,1200,Petrol,5,Hyundai,Manual,Silver,Partial,0,Yes,5877.47,6118.137800275546
2018,16.46,800,Diesel,1,Tesla,Automatic,Silver,Full,0,Yes,6674.11,6702.918868958836
2003,13.09,5000,Diesel,5,Honda,Manual,Silver,Partial,0,Yes,8080.31,8436.239506647107
2000,13.24,1000,Petrol,5,Volkswagen,Manual,Silver,Partial,1,Yes,2921.38,2058.3335546314875
1996,22.82,4000,Diesel,5,Toyota,Automatic,Red,Full,0,Yes,5312.41,7135.209993620925
2022,19.85,3000,Electric,4,Chevrolet,Manual,Red,Full,2,Yes,12233.4,12635.749248684993
2008,19.91,800,Petrol,2,Kia,Manual,Black,Full,0,Yes,4375.97,5216.813391021449
1996,9.56,1800,Diesel,5,Kia,Automatic,Blue,,1,Yes,2773.44,2179.192188889052
2010,20.07,1200,Diesel,5,Tesla,Automatic,Red,Partial,0,Yes,5390.65,4660.002035728055
2011,12.02,4000,Diesel,5,Chevrolet,Manual,Red,Full,0,Yes,8030.15,8036.21386968171
2013,22.0,2000,Petrol,3,Chevrolet,Manual,Blue,Full,0,Yes,7660.24,7447.723363401776
2007,16.1,1500,Petrol,2,Ford,Manual,Gray,Full,0,No,6080.08,5627.453186588836
1995,20.45,5000,Diesel,5,Nissan,Automatic,Blue,Full,0,No,6562.53,8160.8772315179085
1995,10.61,1800,Diesel,3,Tesla,Automatic,Gray,,0,No,2124.15,3127.3542802126276
1996,20.37,2500,Petrol,3,Hyundai,Manual,Gray,,0,Yes,7153.46,5468.551897689835
2014,21.27,1800,Diesel,1,BMW,Manual,White,Partial,1,Yes,9503.71,8316.935161108053
2003,14.59,2000,Diesel,3,Honda,Manual,Black,Partial,1,Yes,6387.99,5160.51213034722
2007,15.02,800,Diesel,5,Tesla,Automatic,Red,Full,1,Yes,4127.28,3010.872583853923
2012,17.14,2500,Petrol,5,Kia,Manual,Silver,Partial,0,Yes,5845.1,6505.722194931562
1997,11.22,1500,Petrol,4,Volkswagen,Manual,White,Full,0,Yes,3493.61,2634.7299457595273
1997,15.63,1500,Diesel,4,Honda,Manual,Red,Full,0,Yes,3257.75,3181.4800092416963
1999,9.93,2500,Diesel,1,Hyundai,Manual,White,Partial,0,Yes,6849.34,5666.09898140902
2014,17.14,1000,Petrol,4,Chevrolet,Automatic,Blue,Partial,0,Yes,4747.56,5038.36301214712
1996,14.15,2000,Petrol,5,Tesla,Manual,Red,Full,0,No,3395.55,3075.0515087457115
2009,21.97,1000,Petrol,3,Tesla,Automatic,Red,Full,1,Yes,6051.52,5421.260313681603
2009,24.86,3000,Diesel,4,Hyundai,Automatic,Blue,Partial,0,Yes,8147.47,8210.472616952376
2011,28.27,2000,Petrol,1,Nissan,Manual,Blue,Full,0,Yes,8061.03,8907.187399766237
1997,19.6,800,Petrol,1,Kia,Automatic,Black,Partial,0,Yes,3727.01,4044.870071921183
2001,9.14,5000,Electric,5,Tesla,Automatic,White,Full,0,Yes,9425.2,10655.92419108756
2013,23.65,1000,Diesel,3,Volkswagen,Automatic,Black,,0,Yes,8162.31,6286.469654766384
2021,21.26,1000,Petrol,4,Tesla,Manual,Black,Partial,0,Yes,7812.54,6585.173305072223
2002,21.1,3000,Diesel,1,Toyota,Automatic,Gray,Full,2,Yes,8365.84,8222.16517923907
2020,32.46,800,Petrol,3,Volkswagen,Manual,Black,,0,Yes,4895.71,8075.898193159293
2006,20.18,3000,Diesel,1,Tesla,Manual,Black,Partial,1,Yes,9246.71,8687.621090505492
1995,22.2,1000,Electric,2,Chevrolet,Manual,Gray,Full,1,Yes,6673.97,6820.746315140691
2003,24.02,2000,Diesel,3,Kia,Automatic,Blue,,0,Yes,6325.95,6241.157419913294
2007,7.98,1200,Petrol,3,Ford,Automatic,Silver,Partial,0,Yes,3411.11,3684.408416935914
2017,16.97,2500,Diesel,1,Volkswagen,Manual,Silver,Full,1,Yes,9504.52,9240.926445527135
2007,27.74,800,Petrol,2,Chevrolet,Automatic,Silver,Partial,0,Yes,6949.05,5965.314459348928
2005,20.59,1800,Petrol,3,Ford,Automatic,Blue,Full,0,Yes,6670.06,5801.252154777656
1996,23.99,4000,Electric,1,Chevrolet,Automatic,White,Full,1,Yes,12629.04,12203.144111976164
2020,24.14,1500,Diesel,3,Kia,Manual,Black,Partial,1,Yes,9107.15,8077.549517755404
2014,13.97,2000,Petrol,5,Kia,Manual,White,,0,Yes,4432.55,5707.8138928183125
2002,15.76,2500,Diesel,3,Hyundai,Manual,White,Partial,0,Yes,3969.35,5838.909222613355
2010,20.62,1200,Petrol,3,Volkswagen,Manual,Silver,Partial,0,Yes,6215.0,5710.700885825928
2007,22.51,4000,Petrol,5,Honda,Manual,Silver,Partial,0,Yes,9072.19,8671.46346022828
2022,17.82,2500,Diesel,3,BMW,Automatic,Red,Partial,1,Yes,8018.07,9207.802235906807
1998,22.98,2000,Petrol,1,Ford,Automatic,Black,Full,0,Yes,8913.82,6376.591030921165
2007,18.04,1200,Diesel,2,Ford,Manual,Red,Full,1,Yes,6105.01,5455.80033138889
2023,9.65,5000,Diesel,3,Tesla,Manual,Red,Full,1,Yes,10065.23,11981.94264890744
2009,19.2,3000,Electric,5,Toyota,Manual,Black,Full,0,No,10956.5,10144.362335395856
2015,14.43,2000,Petrol,3,Toyota,Manual,Blue,Partial,0,Yes,6276.32,6840.183634122946
2015,7.68,4000,Diesel,1,Hyundai,Automatic,White,Full,1,Yes,10507.68,10034.376267109323
2001,5.53,2500,Diesel,4,Ford,Manual,Silver,Full,0,No,3568.18,3975.476338491421
2005,23.8,1000,Diesel,1,Volkswagen,Manual,White,Full,0,Yes,6104.76,6069.866421799256
1995,21.45,3000,Petrol,4,Toyota,Automatic,Blue,Full,0,Yes,6540.54,5733.57967275642
2017,16.84,1800,Petrol,3,BMW,Manual,Black,,0,No,7434.45,7285.940995165052
2003,20.6,3000,Diesel,3,Ford,Manual,Red,Full,1,Yes,8724.72,7370.757585747479
1997,7.54,1800,Petrol,2,Volkswagen,Manual,Silver,Partial,1,Yes,3126.5,3585.7026692043946
2022,21.2,2000,Petrol,4,Kia,Automatic,Red,Full,2,Yes,6647.34,8319.566534288548
2010,14.42,2000,Petrol,5,Tesla,Manual,Silver,,1,Yes,5160.98,5089.3318841907785
2016,21.35,2000,Petrol,2,Hyundai,Automatic,Blue,Full,1,Yes,9185.0,8312.382503699999
2003,26.23,2500,Electric,4,Toyota,Automatic,Silver,Full,0,Yes,11043.12,9779.430355870725
2014,17.91,5000,Diesel,4,Nissan,Automatic,White,Partial,0,No,11168.48,11209.590739495596
2017,12.84,1200,Diesel,2,Toyota,Automatic,Black,Partial,1,Yes,5981.81,6312.070241721739
1999,29.04,1800,Petrol,1,BMW,Manual,Silver,Full,0,No,7632.23,7018.248063377579
2017,12.82,1000,Diesel,2,Ford,Automatic,Silver,Partial,0,No,5778.41,5986.250533157299
1997,21.25,1000,Petrol,3,Chevrolet,Manual,Red,,0,No,3762.44,3595.4792812448677
2019,13.85,1800,Diesel,5,Hyundai,Automatic,Silver,Partial,2,Yes,4149.78,6100.948930438239
1995,14.97,3000,Petrol,2,Honda,Automatic,Black,Partial,0,No,6835.16,6039.6507466879775
2022,18.79,2500,Petrol,4,Tesla,Manual,Gray,Partial,1,Yes,8835.49,8639.846905129467
1996,27.17,2500,Petrol,4,Kia,Manual,Blue,Full,1,Yes,4509.78,5825.023465045204
2008,21.23,1000,Diesel,2,Nissan,Automatic,Red,,1,No,5183.34,5761.4680794764145
2008,24.95,4000,Electric,2,Hyundai,Automatic,White,Full,1,Yes,12870.17,13605.040038869141
2003,12.94,800,Diesel,2,Tesla,Manual,Silver,Partial,3,Yes,4729.89,3555.2087807492844
2021,19.82,800,Diesel,3,BMW,Manual,Black,Partial,2,No,6202.09,6758.7690727445315
2005,29.08,1500,Diesel,3,Honda,Manual,White,Full,0,Yes,6732.29,6449.97232884447
2022,19.93,1200,Diesel,1,Volkswagen,Manual,Blue,Full,0,Yes,7406.55,8388.23052042489
1996,10.07,1200,Petrol,4,Hyundai,Automatic,Red,,0,No,1002.26,1908.6387013816602
2007,18.72,800,Electric,5,BMW,Automatic,Silver,Partial,0,No,5733.46,6540.479542517815
2014,13.09,1200,Petrol,5,Chevrolet,Manual,Blue,Partial,0,Yes,4446.51,4344.861469074075
2015,13.27,1800,Petrol,5,Toyota,Manual,Gray,,1,Yes,5038.7,5437.75765380965
2018,11.63,4000,Diesel,5,Kia,Automatic,Red,Full,0,Yes,10746.59,9062.796686999462
2010,18.63,1200,Diesel,1,Volkswagen,Manual,White,Full,0,Yes,5752.19,6487.496665959405
2015,17.17,2500,Petrol,4,Chevrolet,Manual,Red,Full,0,Yes,7357.97,7497.253647500391
2008,20.49,1500,Petrol,5,Kia,Automatic,Gray,Full,0,Yes,3128.18,4838.190892020887
2021,19.8,2000,Petrol,1,Nissan,Manual,Black,Full,1,No,9860.6,9460.48652273752
2012,15.87,3000,Petrol,5,Hyundai,Automatic,Red,,0,Yes,7857.22,7155.496268767208
2019,16.44,3000,Diesel,2,Ford,Manual,Silver,Full,1,Yes,10504.8,9666.605432107792
2018,12.31,2500,Petrol,5,Nissan,Automatic,Blue,Full,1,Yes,6890.49,6827.842967179413
2018,20.66,1000,Petrol,2,Chevrolet,Manual,Blue,Partial,0,Yes,8367.05,7023.372002303018
2020,9.7,1800,Petrol,4,BMW,Manual,Blue,Full,0,Yes,5661.7,6294.592430457521
2011,19.31,4000,Electric,2,Tesla,Manual,Gray,,0,Yes,13784.6,13300.326362550983
1998,19.96,1000,Petrol,2,Hyundai,Manual,Blue,Partial,0,Yes,3566.27,3953.70190241189
2000,15.02,1000,Petrol,4,Chevrolet,Manual,Silver,Partial,1,No,3819.86,2732.445774888197
2003,22.12,4000,Petrol,3,Volkswagen,Manual,Silver,Full,0,Yes,9626.44,9035.574718618256
2018,5.21,5000,Petrol,2,Nissan,Manual,Gray,Partial,0,Yes,11226.1,11163.013593822046
1998,14.68,2500,Diesel,1,Hyundai,Manual,White,Full,0,Yes,6808.48,6092.5338516511665
2014,14.35,2000,Petrol,1,Chevrolet,Manual,White,Full,0,Yes,6627.1,7691.316911544506
1997,19.76,1200,Diesel,1,Tesla,Manual,Red,Full,3,Yes,4386.48,4645.269061527938
2000,11.73,4000,Petrol,5,Volkswagen,Manual,Red,Partial,0,No,4327.06,6459.304564304693
1999,14.51,5000,Diesel,3,BMW,Manual,Black,Full,2,No,9413.3,9121.089893680577
2010,20.85,2000,Petrol,1,Chevrolet,Automatic,Red,Full,2,Yes,8794.47,7940.736373352202
2017,20.99,3000,Diesel,1,Kia,Automatic,Gray,Partial,1,Yes,9842.54,10442.617784732493
2006,15.02,5000,Petrol,2,BMW,Automatic,White,Full,0,Yes,10601.5,10669.955050427761
2011,12.12,1800,Diesel,4,Volkswagen,Manual,Silver,Full,2,Yes,4288.9,5253.190866983252
2007,16.2,2500,Diesel,4,Tesla,Automatic,Silver,Full,1,No,7403.69,6147.157592975593
2018,16.03,1500,Diesel,1,BMW,Manual,Gray,Full,2,Yes,6262.88,7803.659343726044
2004,27.73,2000,Petrol,4,Nissan,Manual,Silver,Full,0,Yes,8033.17,6340.893976857044
2003,21.95,3000,Diesel,2,Tesla,Automatic,Gray,Partial,0,Yes,9254.42,7934.5622749338245
2001,18.41,3000,Diesel,2,Kia,Manual,Gray,Partial,0,Yes,6890.67,7243.704587159348
1995,18.85,2000,Diesel,3,Nissan,Manual,Black,Partial,0,Yes,6203.81,4464.22500816749
2008,17.82,1000,Petrol,3,Volkswagen,Manual,Silver,Full,1,Yes,5736.35,4781.1498065996275
1996,15.15,3000,Diesel,2,Honda,Manual,Blue,,0,Yes,5197.02,6116.3381673589265
2021,21.86,1800,Electric,4,Chevrolet,Automatic,Blue,,0,Yes,10303.68,10864.178820491776
2001,16.81,2000,Petrol,2,Hyundai,Manual,Red,Partial,1,Yes,6333.66,5595.533177005289
2014,22.58,1800,Diesel,2,Nissan,Manual,Black,Full,0,No,7916.69,7967.358089246818
2018,16.66,1000,Petrol,5,Ford,Manual,Blue,Full,1,No,5228.39,5111.718973709048
2014,15.24,3000,Petrol,3,Volkswagen,Automatic,Black,,0,Yes,10142.25,8402.760073065298
2017,25.17,1200,Petrol,3,Chevrolet,Manual,White,Partial,1,No,7382.21,7309.987129133057
2009,18.12,800,Petrol,5,Nissan,Automatic,Silver,Full,0,Yes,5929.39,3654.4915591387553
2013,13.59,2500,Electric,3,Ford,Automatic,Gray,Full,1,No,10896.15,10257.24632142274
2015,13.99,800,Electric,5,Kia,Manual,Silver,,1,Yes,5445.36,7053.9230818842425
2021,15.72,1200,Diesel,1,Nissan,Manual,Silver,Partial,2,No,6942.6,7736.3148245782695
1997,21.46,3000,Petrol,3,Chevrolet,Manual,Blue,,1,Yes,7186.94,6500.935632352112
2017,19.76,1000,Diesel,2,Chevrolet,Automatic,Blue,,0,Yes,5137.65,6784.77186964245
1998,24.62,1000,Diesel,3,Honda,Automatic,Red,,1,Yes,3840.46,4176.894450229043
2018,27.17,1500,Petrol,4,Nissan,Automatic,Silver,,0,Yes,6037.44,7622.268131249873
2001,16.86,2500,Diesel,5,Tesla,Automatic,Gray,Partial,0,Yes,4617.92,4807.388257276462
1998,17.61,5000,Diesel,1,BMW,Manual,Gray,Full,0,Yes,10824.37,10240.876558517706
2012,23.72,4000,Petrol,1,Tesla,Manual,Gray,Full,0,Yes,11582.09,11453.622909316084
1995,16.56,4000,Electric,4,Nissan,Automatic,White,Full,1,Yes,10751.19,9709.810928319954
2010,21.06,1800,Petrol,4,Ford,Automatic,Black,,0,Yes,5937.09,6163.375935142085
1997,14.13,1500,Diesel,3,Kia,Automatic,Black,Partial,1,Yes,5099.9,3459.9514359241603
2000,12.34,1200,Petrol,4,Tesla,Automatic,Red,Partial,0,Yes,3442.39,2722.904164553498
2014,11.61,1200,Diesel,5,BMW,Automatic,Red,Full,1,Yes,4618.49,4347.453345496548
2009,17.91,800,Petrol,4,Nissan,Manual,Gray,,1,Yes,4414.04,4110.842737160158
2004,10.36,2000,Petrol,3,Chevrolet,Manual,Silver,,0,Yes,3449.07,4709.411027362576
2005,11.05,4000,Diesel,3,BMW,Automatic,Gray,Partial,0,Yes,9041.32,8029.423161157844
2020,16.11,3000,Petrol,1,BMW,Automatic,Silver,Full,0,No,10757.33,10385.723203599402
2016,20.3,1000,Petrol,2,Honda,Manual,Blue,Full,1,No,7339.35,6760.197864200727
2016,17.02,800,Petrol,1,Kia,Manual,Silver,Full,0,Yes,6878.18,6503.407965497192
2009,17.37,1200,Diesel,1,Chevrolet,Automatic,Gray,,1,Yes,6293.09,6107.630501553878
2004,17.84,2500,Diesel,4,Tesla,Manual,White,,0,Yes,6705.28,5880.356689712216
2015,20.28,1800,Diesel,3,Tesla,Manual,Red,Full,1,No,6313.91,7330.1864316418505
2002,19.67,1500,Petrol,2,Toyota,Manual,Red,Partial,1,Yes,5444.65,5363.988959782859
2022,16.09,2500,Electric,2,Hyundai,Manual,Gray,Full,0,Yes,10928.97,12325.39748693369
2008,23.72,1800,Petrol,2,Hyundai,Automatic,White,Full,0,Yes,8215.81,7147.173828293841
2023,14.62,5000,Petrol,3,Volkswagen,Manual,Silver,,0,Yes,10677.72,12598.168685134975
2015,12.37,1200,Petrol,1,Volkswagen,Manual,Black,Partial,0,Yes,5440.17,6478.498803683988
1998,14.38,2000,Petrol,2,Tesla,Automatic,Red,,1,Yes,4176.61,4850.823367737401
1998,17.59,1800,Petrol,3,Volkswagen,Manual,Silver,Full,0,No,5566.12,4491.707187689229
2011,23.61,2500,Petrol,3,Hyundai,Manual,Silver,Full,0,Yes,7800.23,8089.4022712921105
2016,23.84,3000,Petrol,5,Chevrolet,Manual,Silver,,0,Yes,9265.69,8639.93568928052
1999,19.23,2000,Petrol,1,Volkswagen,Automatic,Black,Full,0,Yes,7386.81,6137.801223842744
2017,9.82,3000,Petrol,3,Honda,Manual,White,Full,1,Yes,6407.65,8148.097447636793
2012,16.58,2000,Petrol,1,Chevrolet,Automatic,Black,Partial,1,Yes,7597.88,7689.581447772391
2008,18.02,1800,Petrol,1,Volkswagen,Manual,Silver,Full,2,Yes,8802.88,6983.151641086884
2007,12.54,3000,Petrol,5,Volkswagen,Manual,Silver,Full,1,No,6610.0,6039.1443057197675
2016,16.45,1000,Diesel,3,Honda,Manual,Silver,Partial,0,No,5949.88,5812.224180357097
2018,26.77,5000,Diesel,4,Ford,Automatic,Black,,1,Yes,13257.98,12833.644408682583
2014,19.6,1000,Petrol,2,Ford,Manual,Blue,Full,0,No,6425.27,6335.120065619814
2007,12.05,4000,Diesel,3,Honda,Manual,White,Partial,0,Yes,8668.88,8423.392141969573
1998,18.05,1000,Petrol,3,Ford,Automatic,Gray,Full,2,Yes,3885.73,3275.689351810641
2020,24.5,2500,Petrol,3,Toyota,Manual,Silver,Full,0,Yes,10712.47,9556.826111020333
2016,28.01,4000,Petrol,3,Chevrolet,Automatic,Gray,Partial,2,Yes,11870.35,11639.694186044228
2011,20.22,2000,Diesel,3,Tesla,Manual,Red,Full,2,Yes,6436.97,6996.29244485704
2018,18.96,1800,Petrol,2,Chevrolet,Manual,Silver,Partial,0,Yes,8169.47,8020.751492869412
2007,16.68,5000,Diesel,4,Kia,Automatic,White,Full,1,Yes,9345.04,9988.116440232048
2014,12.41,3000,Petrol,4,Nissan,Manual,Black,,1,No,8799.02,7552.858441234955
2016,29.41,1200,Petrol,4,Hyundai,Manual,White,Full,1,Yes,4988.32,7140.869275156359
2005,13.36,1500,Diesel,2,Chevrolet,Automatic,Silver,Full,1,Yes,4439.63,4985.010988626508
2017,20.4,2000,Petrol,2,Tesla,Automatic,Black,Full,0,Yes,7806.97,8373.28773014908
2021,11.84,3000,Petrol,4,Chevrolet,Automatic,Red,Full,0,No,8049.53,8540.99101484942
2001,30.54,1800,Petrol,3,Chevrolet,Automatic,White,Partial,1,Yes,7486.27,6454.584017872174
2005,22.28,1000,Petrol,2,Kia,Manual,Blue,Partial,3,Yes,4544.45,5317.060419597017
2022,14.33,4000,Petrol,5,BMW,Manual,White,Full,0,Yes,11291.56,9991.371968559128
2012,18.22,2000,Petrol,2,Tesla,Automatic,Red,,1,Yes,5484.55,7397.50862183447
1996,20.67,2000,Petrol,1,Toyota,Manual,Silver,Full,1,Yes,6047.15,5759.1961730541425
2017,19.3,800,Diesel,5,Ford,Automatic,Gray,,0,Yes,5016.89,4971.744448012989
2019,9.62,5000,Diesel,1,Kia,Manual,White,Partial,1,No,10279.13,12407.040630686082
2015,16.22,4000,Diesel,2,Honda,Manual,Blue,Partial,0,Yes,9720.17,10565.150985494118
2000,5.61,1500,Electric,3,Nissan,Automatic,Blue,,1,No,5631.23,5876.7925510333225
2016,12.41,1500,Petrol,3,Volkswagen,Automatic,Black,Partial,2,Yes,4375.72,6124.382901382338
2005,19.74,3000,Petrol,1,Nissan,Automatic,Black,Full,1,Yes,10283.13,8546.37857794717
1999,29.06,2500,Petrol,2,Toyota,Manual,White,Partial,0,Yes,7852.07,7506.306734562127
1995,22.82,1000,Petrol,3,Kia,Manual,Silver,Full,1,Yes,3411.1,3405.709284663625
2015,27.84,1800,Petrol,3,Honda,Manual,Red,Full,0,Yes,8005.31,8268.035468359341
1998,17.69,1200,Diesel,3,Chevrolet,Manual,Blue,,1,Yes,3567.91,3508.6406446383244
1999,22.33,1500,Diesel,1,Kia,Manual,Blue,Full,0,Yes,4551.44,5659.2628753153695
2007,25.11,1500,Petrol,4,Nissan,Manual,Silver,,0,Yes,4366.54,5723.323382924189
2022,5.0,2500,Petrol,3,Chevrolet,Manual,Red,Full,1,No,5013.52,7595.478467554976
2007,13.25,1200,Petrol,5,Kia,Manual,Blue,Full,1,Yes,3493.66,3347.01558754325
2006,16.98,1800,Diesel,2,Chevrolet,Manual,Gray,Partial,1,No,7659.95,6041.756447519295
2000,27.16,1500,Petrol,1,Nissan,Automatic,Gray,Partial,0,Yes,7469.83,6411.900196434984
2013,21.25,1800,Petrol,2,BMW,Automatic,Red,,0,No,10070.16,7754.028662986101
1997,19.78,1800,Petrol,4,Ford,Automatic,Blue,Full,2,Yes,3365.64,4032.7855637088833
2010,14.78,3000,Electric,3,Nissan,Manual,Silver,Full,1,Yes,11610.74,10673.178977488882
2011,23.99,1800,Diesel,3,Kia,Automatic,Silver,,1,Yes,7526.01,7140.461547653482
2017,15.75,2000,Petrol,1,Ford,Manual,Black,Full,0,Yes,7345.84,8315.177786835337
2006,10.44,5000,Petrol,2,Ford,Manual,White,,0,Yes,9338.5,10021.360460483447
2019,24.06,800,Petrol,4,Hyundai,Manual,Silver,Full,0,Yes,5694.17,6304.538351204285
2000,21.68,1800,Diesel,5,Honda,Manual,Blue,Partial,0,No,3322.46,4274.125567049506
2013,12.18,4000,Petrol,1,Tesla,Manual,Red,Partial,1,Yes,8746.92,10278.980107312307
1996,21.33,4000,Diesel,3,Toyota,Manual,Silver,Full,0,Yes,8370.93,7849.229524729155
2010,13.37,2500,Electric,2,Tesla,Manual,Black,,1,Yes,10156.74,10237.570017820326
1999,15.26,2000,Petrol,5,BMW,Manual,Silver,,0,Yes,4763.22,3660.21120262147
1995,21.2,1000,Petrol,5,Nissan,Manual,Silver,,0,Yes,1623.57,2229.476137234332
2015,15.06,4000,Electric,2,Chevrolet,Manual,Blue,Full,0,Yes,14473.09,13401.45951408632
2010,13.79,3000,Diesel,4,Hyundai,Automatic,Red,Partial,0,Yes,5394.0,7098.93065955567
2019,22.07,1500,Electric,4,Hyundai,Manual,Silver,Full,0,Yes,9454.58,10127.569966612853
2018,25.87,800,Petrol,4,Ford,Manual,Blue,Partial,1,Yes,6186.89,6379.54657535359
2004,17.64,800,Diesel,1,Hyundai,Manual,White,Full,0,Yes,4747.6,4802.676824434357
2009,22.25,1200,Petrol,3,Chevrolet,Automatic,Silver,Full,1,Yes,7050.08,5713.026941982652
1996,19.23,1500,Petrol,5,BMW,Manual,Gray,Full,0,Yes,2433.75,2948.8120363412854
2019,21.79,2000,Diesel,1,Nissan,Manual,White,Full,1,Yes,9851.65,9363.818422345452
2023,20.8,1800,Diesel,1,Nissan,Manual,Red,Full,0,Yes,8228.95,9572.497312207663
1999,12.56,1000,Petrol,3,Nissan,Automatic,Gray,Full,0,Yes,1366.16,2773.9695742025942
2002,11.84,2500,Petrol,4,Ford,Manual,White,,1,Yes,4560.03,4886.141822297821
2022,12.1,1800,Petrol,5,Nissan,Manual,Blue,Full,0,No,7929.61,6368.311141319591
2009,17.69,1000,Petrol,5,Ford,Manual,Silver,Full,0,Yes,4800.45,3865.9631500156656
2014,20.55,5000,Petrol,1,Nissan,Manual,Black,,0,Yes,13371.35,12953.52523671734
2013,29.09,5000,Electric,3,BMW,Manual,Red,Full,1,Yes,16759.39,15967.618255070902
2001,19.51,1500,Diesel,3,Chevrolet,Automatic,White,Full,0,No,4295.89,4708.736006128072
1996,8.71,2000,Petrol,3,Hyundai,Automatic,White,,0,Yes,2353.98,3357.483524235142
2013,19.49,3000,Petrol,5,Hyundai,Manual,Silver,Full,1,Yes,6614.76,7662.060197818983
2021,22.29,1500,Diesel,2,Tesla,Manual,Black,,0,No,7678.98,8474.99213711142
2014,15.35,800,Diesel,5,Tesla,Manual,Black,,2,Yes,3886.81,4055.3774425714746
2014,20.83,5000,Diesel,1,Kia,Manual,Blue,Full,0,Yes,13497.36,12938.94272437831
2000,16.59,800,Diesel,3,Nissan,Manual,Blue,Partial,0,No,1000.0,3125.822636420018
2003,23.3,5000,Petrol,4,Volkswagen,Manual,Silver,Partial,0,Yes,9702.31,10182.347094768938
1998,16.29,1800,Petrol,5,Honda,Manual,Blue,Full,0,No,3978.74,3321.792371380722
2001,20.47,1000,Electric,4,Toyota,Manual,Gray,Partial,1,Yes,4365.75,6535.975430891756
2000,10.4,1800,Diesel,3,Hyundai,Automatic,Gray,,0,Yes,2678.76,3830.352796475334
1998,20.84,2000,Diesel,2,Nissan,Manual,Black,Full,0,Yes,7232.63,5641.115316700459
2009,23.75,1500,Petrol,1,Hyundai,Manual,Black,Full,0,Yes,9018.21,7335.938680044054
2021,22.19,1800,Diesel,1,Honda,Manual,Silver,Partial,0,Yes,11026.98,9388.6400685148
1998,11.61,1800,Petrol,2,Tesla,Automatic,Gray,Full,1,Yes,4244.32,4148.821549237424
1998,25.47,800,Petrol,3,Kia,Automatic,Black,Full,0,Yes,3195.67,3926.009400478749
2017,21.84,3000,Diesel,4,Hyundai,Manual,Gray,Partial,1,Yes,9786.46,9035.55743913184
1999,13.17,1500,Diesel,2,Chevrolet,Manual,Blue,Partial,0,No,4733.68,4077.8504305455494
2010,19.27,5000,Diesel,5,Toyota,Manual,Black,,3,No,10607.32,10289.448141500343
2023,18.77,4000,Petrol,1,Volkswagen,Automatic,Blue,Full,0,Yes,11856.23,12589.970614859152
2011,9.97,5000,Electric,2,Toyota,Automatic,Silver,Full,0,Yes,14210.24,13717.60499870644
2010,9.85,2000,Diesel,1,Chevrolet,Automatic,Gray,Partial,0,Yes,6126.73,6537.455377155706
2004,26.8,4000,Diesel,2,Toyota,Manual,Gray,Partial,0,Yes,8819.46,10190.60793956248
2002,18.1,2500,Diesel,4,Volkswagen,Manual,Black,Full,1,Yes,5387.5,5722.147058854487
2005,16.96,1800,Diesel,5,Chevrolet,Manual,Gray,Full,0,Yes,3608.96,4385.284100078293
2020,18.5,2000,Electric,5,BMW,Automatic,White,Partial,1,Yes,10666.24,10244.110868251086
1998,22.92,1200,Electric,2,BMW,Manual,Gray,,1,Yes,7797.89,7733.282995131794
2017,16.16,1800,Petrol,4,Toyota,Automatic,Silver,Full,1,Yes,5487.01,6585.3232053829615
2002,24.32,4000,Diesel,5,Chevrolet,Manual,Red,,0,Yes,7464.33,8184.319105165499
2006,15.63,1200,Petrol,3,Nissan,Automatic,White,Partial,0,Yes,4469.87,4516.025619523854
2015,18.2,4000,Petrol,5,Hyundai,Automatic,Red,Full,1,Yes,8816.69,9381.886784847811
2012,17.94,800,Petrol,5,Volkswagen,Manual,White,Full,0,Yes,3085.27,4143.263203941393
2004,20.31,1800,Diesel,3,Chevrolet,Automatic,Black,Full,0,Yes,5470.15,5674.443163276073
1996,23.75,1200,Petrol,1,Nissan,Manual,Black,Full,1,Yes,3818.26,4989.100258989286
2023,12.92,1800,Petrol,2,Volkswagen,Manual,Red,Partial,0,Yes,8610.79,8169.644739835777
2000,18.03,2500,Petrol,5,Ford,Manual,Blue,,0,Yes,1958.23,4802.132874968462
2023,18.99,3000,Petrol,1,Ford,Manual,Black,Full,0,Yes,10220.57,11093.55157813663
1998,15.02,1000,Petrol,4,Chevrolet,Manual,Black,Full,0,Yes,1000.0,2440.061618313918
2003,15.63,3000,Diesel,1,Honda,Automatic,Gray,Full,1,No,7442.63,7766.96634763115
2010,18.75,1000,Petrol,2,Volkswagen,Automatic,Gray,Full,0,Yes,6332.89,5691.627333749737
2016,16.84,3000,Petrol,5,Hyundai,Manual,Black,Partial,0,No,7404.88,7860.608322166676
2009,20.19,1000,Petrol,3,Tesla,Automatic,Silver,Full,1,No,5645.74,5170.474251625661
2018,26.93,1000,Petrol,2,Tesla,Manual,Silver,Partial,0,Yes,8275.62,7759.3651421270315
2011,23.61,2500,Petrol,2,BMW,Automatic,Blue,Partial,0,Yes,5967.67,8674.139120155834
2023,18.3,1000,Petrol,2,BMW,Automatic,Black,,0,Yes,7290.46,7627.571941120246
2015,25.84,1200,Diesel,3,Kia,Manual,Black,Partial,1,Yes,7455.56,7091.035799652442
1996,15.68,800,Diesel,1,Kia,Automatic,White,Full,0,No,4048.47,3453.038635179898
2009,15.94,1200,Diesel,5,BMW,Manual,Gray,Full,1,Yes,3207.22,4045.1312871219666
2002,26.0,3000,Petrol,4,Ford,Manual,White,Full,0,Yes,6562.76,7340.675375162744
2014,11.11,4000,Diesel,4,Kia,Automatic,Black,Partial,0,No,9294.0,8900.56690705406
1995,14.42,1200,Petrol,3,Honda,Automatic,Blue,Partial,0,No,2131.08,2743.8327421767463
2017,26.26,1200,Petrol,2,Tesla,Manual,White,Partial,1,Yes,8269.84,7866.640466516301
1997,17.89,3000,Petrol,3,Hyundai,Manual,Gray,Full,1,Yes,6084.45,6068.890510668172
1998,22.43,2000,Petrol,4,BMW,Automatic,Red,Full,1,Yes,4660.84,4955.597879415469
1995,12.96,5000,Electric,3,Volkswagen,Manual,Black,Partial,0,No,12076.51,11327.052417751584
2012,14.98,4000,Diesel,3,Honda,Manual,Red,Full,0,No,8222.7,9593.53955246256
2005,9.95,5000,Diesel,4,Tesla,Manual,Silver,Full,1,Yes,8363.91,8781.25001640227
2010,13.19,1500,Petrol,1,Chevrolet,Manual,White,Partial,1,No,6753.16,6247.016001236494
2004,15.35,800,Electric,1,Hyundai,Automatic,Black,Partial,1,Yes,6805.69,7565.417807600503
2004,19.18,1000,Petrol,4,Volkswagen,Manual,Gray,Full,0,Yes,3636.32,3859.2452424384696
1999,18.48,2000,Petrol,4,Tesla,Manual,Gray,Partial,0,Yes,4632.71,4429.751295181838
1998,9.78,2500,Diesel,4,Chevrolet,Manual,White,Full,0,Yes,2894.24,4042.9919824325248
2004,10.11,1200,Diesel,3,Chevrolet,Manual,Blue,,0,Yes,3953.91,3480.5818663102054
2002,22.69,800,Diesel,5,Nissan,Automatic,Black,Full,1,Yes,3230.15,3217.3608404732304
2017,20.08,1000,Diesel,1,Tesla,Automatic,White,,0,Yes,7080.15,7324.51056785936
2002,23.22,1200,Diesel,1,Honda,Manual,Gray,Full,0,Yes,5880.08,5793.4219605573935
2021,13.27,1000,Diesel,1,Tesla,Automatic,Blue,Full,1,No,5894.35,7093.913315726462
2023,21.5,3000,Petrol,1,Honda,Automatic,Blue,Full,1,Yes,13088.74,11402.954544775443
1997,24.7,2000,Electric,2,Hyundai,Manual,White,Full,0,Yes,8905.27,8932.190957032417
2018,9.92,1500,Diesel,4,Tesla,Manual,Silver,Full,1,Yes,5661.1,5481.61396932634
2017,16.24,3000,Petrol,2,Nissan,Manual,Gray,Partial,0,Yes,9361.89,9359.164039620271
2016,6.04,1000,Petrol,1,Kia,Manual,Silver,Full,0,Yes,5184.67,5474.962690230621
2007,26.6,2000,Petrol,4,Ford,Manual,Gray,,0,Yes,5096.69,6630.888703502919
2000,23.29,3000,Petrol,2,Hyundai,Automatic,Silver,Partial,0,Yes,9045.32,7663.358230727223
2005,20.35,800,Petrol,5,Ford,Manual,Black,Full,0,No,4670.97,3371.5673847660655
2009,9.75,1200,Electric,5,Kia,Manual,White,,2,Yes,7868.84,6284.742655669066
2022,15.25,1000,Petrol,2,Kia,Manual,Silver,Partial,3,Yes,6165.76,7003.5101296022785
2001,18.17,1800,Diesel,4,Nissan,Manual,Black,Full,0,Yes,4108.78,4487.582099521541
2011,22.24,2000,Diesel,4,Ford,Manual,Silver,Full,1,Yes,6688.51,6705.325416871661
2021,27.83,1500,Diesel,4,Volkswagen,Automatic,Gray,Full,0,Yes,8210.14,8198.682615436675
2001,21.16,1500,Diesel,2,Kia,Automatic,Silver,Full,1,No,5343.48,5386.4476316883365
1996,22.1,1500,Diesel,2,Hyundai,Manual,White,Full,0,Yes,5212.54,4708.673652722132
2016,19.08,4000,Petrol,1,Volkswagen,Manual,Black,,1,Yes,11614.33,11627.43709826673
2010,11.32,5000,Diesel,4,Toyota,Manual,Gray,Partial,1,No,10832.23,9766.903462734814
2021,16.22,2000,Petrol,4,Hyundai,Automatic,Gray,,1,Yes,7322.64,7467.383240125678
2008,15.1,2500,Petrol,5,Nissan,Manual,Silver,Full,0,Yes,5485.64,5667.16507572321
2005,14.24,3000,Petrol,5,Tesla,Automatic,White,Full,0,Yes,4920.07,5861.354827016661
2004,30.37,2000,Petrol,1,Volkswagen,Manual,Gray,Partial,1,Yes,7364.11,8176.685988397246
1997,5.54,1500,Diesel,2,Chevrolet,Automatic,Black,Partial,1,Yes,1223.8,2891.8644707206704
1998,19.64,2500,Diesel,5,Hyundai,Manual,Blue,,0,Yes,3323.52,4694.333119606647
1998,11.47,5000,Electric,5,Kia,Automatic,Silver,Full,3,Yes,11998.99,10518.478813648191
1995,25.97,2500,Diesel,5,Honda,Manual,Red,Partial,0,Yes,5429.62,5138.035412592665
1996,19.0,800,Petrol,2,Hyundai,Manual,White,,0,Yes,2944.14,3283.7159684124426
2018,20.06,4000,Diesel,1,Kia,Automatic,Red,Partial,0,No,13466.16,12071.962711286882
2007,14.5,1500,Diesel,4,Chevrolet,Automatic,Blue,Partial,0,Yes,4427.03,4429.364142517894
1997,21.05,5000,Diesel,1,Hyundai,Manual,Black,Partial,0,Yes,8274.82,10457.59322913261
2021,20.1,1800,Petrol,5,Tesla,Manual,Blue,,2,Yes,5478.24,7110.110592735833
2015,9.5,3000,Petrol,5,BMW,Manual,Blue,Full,0,Yes,6177.92,6830.63481726448
2018,19.33,1200,Diesel,5,Volkswagen,Automatic,Blue,Partial,1,Yes,6159.92,5781.290386911496
2003,17.98,5000,Electric,4,Volkswagen,Manual,White,Full,1,Yes,11485.39,12596.055455848724
2002,14.94,4000,Petrol,1,Honda,Manual,Red,Partial,0,No,7747.04,9074.125502701685
2020,25.29,4000,Petrol,3,Nissan,Manual,Blue,Partial,0,Yes,13166.14,11894.961623404579
2021,15.65,1500,Diesel,2,Hyundai,Automatic,Silver,,0,Yes,8458.25,7627.502252616739
2019,18.43,1800,Diesel,5,Kia,Manual,Red,Full,0,Yes,7759.53,6732.591522670553
1999,24.51,1500,Petrol,2,Hyundai,Automatic,Black,Full,1,Yes,4384.51,5469.168301942798
2004,19.92,5000,Diesel,5,Chevrolet,Automatic,Blue,,0,Yes,9050.16,9379.955679678793
2011,21.04,2500,Petrol,2,Volkswagen,Manual,Red,Full,0,Yes,8942.84,8413.156988509569
2006,24.71,1000,Petrol,4,Honda,Automatic,White,Full,2,Yes,6049.04,4852.212888758528
2021,17.14,1200,Diesel,1,BMW,Automatic,Gray,,1,No,8709.57,7979.987895579236
2018,5.61,1500,Petrol,5,Kia,Manual,Silver,Full,1,Yes,3740.15,4515.493227799263
1998,23.84,2000,Petrol,1,Kia,Manual,Red,Full,0,Yes,4622.18,6513.7588143560015
2008,24.67,2000,Petrol,1,BMW,Automatic,Gray,Partial,0,Yes,8117.94,8107.570485570983
2012,28.0,4000,Diesel,2,Toyota,Manual,Gray,Full,0,No,12731.76,11561.412580604421
1997,14.32,1800,Diesel,1,Ford,Automatic,Blue,Partial,1,Yes,3796.97,4839.051411521479
2008,19.61,1800,Petrol,2,Nissan,Manual,Gray,Full,0,Yes,6553.65,6635.723541607099
2007,29.03,4000,Diesel,2,Nissan,Manual,Silver,,0,Yes,11926.34,10915.177151690117
2008,20.64,5000,Diesel,5,Kia,Manual,White,,0,Yes,8530.45,10108.520258892047
1997,15.54,800,Petrol,1,Chevrolet,Automatic,Gray,Full,1,Yes,4205.0,3499.460938878374
1997,18.97,1200,Petrol,3,Ford,Automatic,White,Partial,0,Yes,3429.84,3559.311984268078
2020,18.47,5000,Petrol,4,Hyundai,Automatic,White,,0,Yes,11248.7,12100.847190665781
2009,8.81,1800,Petrol,5,Ford,Manual,Gray,Partial,0,Yes,4602.87,3988.962473562227
1995,17.69,3000,Diesel,2,Volkswagen,Automatic,White,Full,0,Yes,7359.39,6356.797483162579
2014,20.5,5000,Diesel,5,Ford,Automatic,White,,1,Yes,11720.09,10982.379845306044
2020,18.61,2000,Electric,1,Chevrolet,Automatic,Black,Partial,0,No,11340.06,12173.092286761927
2017,15.81,1800,Petrol,2,Honda,Manual,Silver,Full,1,Yes,6340.46,7534.311104527599
2019,16.78,1800,Petrol,4,BMW,Automatic,Red,Partial,0,Yes,7977.88,7092.2521990225205
1997,8.5,5000,Petrol,3,Ford,Automatic,Silver,Full,0,Yes,8944.94,7938.784383294893
2017,15.98,2000,Petrol,1,Hyundai,Automatic,Gray,Partial,1,Yes,6897.7,8309.654045394056
1999,15.2,2000,Petrol,4,Ford,Manual,Gray,Partial,0,Yes,4793.59,4061.8379957125217
1995,20.61,4000,Petrol,3,BMW,Manual,Red,Partial,1,Yes,7636.18,7752.193882103812
2019,20.47,5000,Diesel,5,Chevrolet,Manual,Black,Full,2,Yes,11277.45,11723.198124176373
2003,15.78,1200,Diesel,5,Tesla,Manual,Red,Partial,2,Yes,3508.73,3095.0267621692838
2016,14.63,1200,Diesel,1,Kia,Automatic,Red,Full,0,Yes,6426.69,6900.505620920161
2007,22.42,2500,Petrol,5,Nissan,Manual,Red,Full,1,Yes,7062.58,6477.9129583172125
2015,23.13,1000,Diesel,2,Toyota,Automatic,White,Partial,1,Yes,8443.15,6950.365868713102
2021,11.81,800,Petrol,3,Chevrolet,Automatic,Blue,,0,Yes,7040.07,5626.550189116568
2007,8.5,800,Petrol,5,Volkswagen,Automatic,Gray,,1,Yes,1762.16,2244.484353617192
2018,11.76,1200,Petrol,4,Ford,Manual,Gray,,0,Yes,4761.54,5277.868822935512
1999,20.69,1800,Diesel,1,Ford,Automatic,Red,,0,Yes,6361.08,5981.172238561405
1995,9.06,2500,Diesel,1,Tesla,Manual,Blue,,0,Yes,3875.25,4906.125836376249
2017,22.51,1200,Petrol,4,BMW,Automatic,Blue,Full,0,Yes,4571.5,6513.996104568276
2022,16.86,1800,Diesel,5,Ford,Automatic,Red,,0,No,5380.06,7017.825132514444
2018,14.69,4000,Petrol,1,Volkswagen,Manual,Blue,,3,No,11988.09,11386.903424425844
2011,23.75,1500,Electric,4,Kia,Manual,Red,Full,0,No,9452.55,9274.633789544247
2010,20.96,2500,Petrol,3,Honda,Manual,Silver,Partial,0,No,6331.45,7701.9583665847695
2002,33.44,5000,Electric,1,Volkswagen,Manual,Silver,Full,1,Yes,16886.44,15749.51826860433
2005,20.61,2000,Diesel,4,Toyota,Automatic,Gray,Full,0,No,6726.57,5673.907036156749
2017,12.63,3000,Diesel,1,Toyota,Automatic,Black,Full,0,Yes,8936.35,9462.090116377714
1999,5.0,3000,Electric,2,Honda,Automatic,Red,Full,0,Yes,9358.2,8440.552264194186
2023,14.03,5000,Petrol,4,Volkswagen,Manual,Gray,Full,1,Yes,12609.05,12044.080661727483
2007,14.5,5000,Diesel,4,Tesla,Automatic,Silver,Full,0,Yes,10368.96,9638.174837532932
2019,23.96,2500,Petrol,4,Kia,Manual,White,Partial,0,No,9276.84,8929.138381557226
2009,23.0,1500,Diesel,1,Volkswagen,Manual,Black,Full,1,Yes,8209.11,7328.778017831997
2023,21.15,5000,Diesel,4,BMW,Automatic,Blue,Full,2,Yes,12363.06,12932.92535400458
2005,18.41,3000,Petrol,5,Volkswagen,Manual,Red,Full,0,Yes,6323.04,6482.570706501506
2020,17.37,1200,Petrol,3,Toyota,Automatic,Silver,Full,0,Yes,7812.66,6766.133154232257
1998,31.86,1500,Diesel,1,Chevrolet,Manual,Black,Full,0,Yes,7390.39,6694.374991185086
1998,16.02,1200,Petrol,1,Honda,Automatic,Red,Full,1,Yes,4673.3,4410.06163392605
2005,14.59,800,Petrol,4,Tesla,Automatic,Silver,,0,No,2746.07,3106.329858587751
2018,12.59,2000,Petrol,2,Ford,Manual,Silver,Full,0,Yes,6606.73,7549.702293115111
2003,12.96,2000,Diesel,2,Tesla,Manual,Blue,Full,0,Yes,4295.43,5331.365567766122
2018,15.39,1000,Petrol,4,Volkswagen,Automatic,Gray,Full,1,Yes,5854.01,5501.546445876229
2002,15.55,2000,Petrol,2,Chevrolet,Manual,Silver,,0,Yes,4973.0,5528.382694678227
2009,21.52,1800,Petrol,4,Tesla,Automatic,Red,,0,Yes,6198.82,6068.875494845417
2014,26.69,800,Electric,5,Chevrolet,Manual,Black,Full,2,Yes,10046.96,8468.994796688225
1999,20.34,3000,Diesel,2,Volkswagen,Manual,Silver,Full,0,No,7194.78,7259.305604732528
2014,16.57,800,Petrol,4,Toyota,Automatic,Gray,Partial,1,Yes,4134.83,4695.481316943393
2008,20.07,800,Diesel,4,BMW,Manual,Black,,2,Yes,4442.91,4332.390002090662
1999,13.49,800,Diesel,1,Kia,Automatic,Red,Full,0,Yes,2740.85,3636.2669668607605
2010,14.74,1800,Diesel,1,Volkswagen,Automatic,White,Full,2,Yes,8118.11,6936.011463122253
1999,21.18,1000,Petrol,5,Honda,Manual,Gray,Partial,0,Yes,3467.82,2840.0982759655744
2004,6.82,1500,Petrol,3,Hyundai,Manual,White,Full,0,No,3677.51,3592.980692901533
2003,17.45,800,Petrol,1,Toyota,Automatic,Blue,Partial,0,No,4619.65,4653.808639244753
2022,16.48,1800,Diesel,3,Kia,Manual,Gray,,1,Yes,9315.03,7857.258230678996
2020,24.61,2500,Petrol,3,Hyundai,Manual,Black,Full,1,Yes,10186.66,9596.446974304521
2020,10.6,2500,Diesel,3,Hyundai,Automatic,Gray,Partial,1,Yes,8144.06,7878.7518932997
2002,18.51,1500,Petrol,1,Chevrolet,Manual,Gray,,0,No,7887.55,5664.9875432633025
2018,16.26,4000,Petrol,2,Chevrolet,Manual,Silver,Partial,0,No,12143.91,11016.398915262573
1995,13.66,1500,Diesel,4,Kia,Manual,Silver,Partial,0,Yes,1270.84,2555.4517028331466
2000,21.25,1200,Petrol,4,Tesla,Automatic,White,Full,0,Yes,5064.74,3764.4939147710193
2009,18.92,1000,Petrol,1,Kia,Manual,Blue,Full,2,Yes,5186.64,5991.71075370906
2013,19.46,4000,Petrol,4,Chevrolet,Manual,Silver,,1,No,9563.17,9686.552642276045
2000,11.54,1500,Petrol,2,Nissan,Manual,Red,Full,0,Yes,3586.21,4090.2540342624675
2012,19.99,2500,Petrol,2,Honda,Manual,Black,Full,0,Yes,8414.33,8380.678135216694
2002,23.91,1200,Diesel,4,BMW,Automatic,Gray,Partial,1,No,4394.65,4503.847376560222
2012,16.21,800,Petrol,4,Kia,Manual,Gray,Full,2,No,3706.12,4388.566556495655
1996,18.46,1500,Diesel,3,Ford,Manual,Black,,0,Yes,4551.67,3798.0031513922186
2002,24.45,4000,Petrol,2,Tesla,Manual,Gray,,0,Yes,10205.03,9565.277562379393
2013,22.17,1800,Petrol,3,Toyota,Automatic,Silver,Partial,0,Yes,5647.28,7200.656481357638
2010,12.82,1000,Petrol,4,Toyota,Automatic,Blue,Full,0,Yes,4107.82,3933.1790374155717
2003,15.4,3000,Petrol,2,Toyota,Manual,Gray,Full,0,Yes,7506.29,7166.305224362823
2021,17.28,1800,Diesel,1,Tesla,Automatic,Silver,Full,0,Yes,7343.32,8742.50796411081
1999,30.3,2500,Diesel,2,BMW,Manual,Blue,Full,1,Yes,6465.03,7693.698753162036
2021,21.6,2500,Diesel,3,Kia,Automatic,Blue,Partial,0,Yes,9544.2,9372.232854638374
2020,21.03,4000,Petrol,3,Hyundai,Manual,Red,Partial,1,No,11654.88,11465.997555767033
2021,9.88,1500,Diesel,1,Tesla,Manual,Silver,Full,2,No,7663.6,7429.326286429436
2012,24.84,1500,Diesel,1,BMW,Manual,Blue,,0,Yes,8932.09,7958.034555802149
1998,34.38,2500,Diesel,2,BMW,Manual,Red,Partial,2,Yes,6568.51,8119.3009473893935
2018,16.52,1200,Petrol,4,Chevrolet,Automatic,Red,,0,Yes,5155.42,5936.127843669555
2009,8.79,5000,Petrol,2,Volkswagen,Manual,Black,Full,0,No,12546.13,10377.91864959679
2003,13.77,800,Diesel,5,BMW,Manual,Blue,Full,0,Yes,3612.93,2278.8005305039696
2001,14.52,1000,Petrol,2,Kia,Automatic,White,,0,No,5591.14,3862.0445667295917
1998,15.63,2500,Diesel,1,Chevrolet,Automatic,Silver,Partial,0,Yes,7047.68,6196.211033441269
2015,18.99,4000,Diesel,4,Tesla,Automatic,White,Partial,0,Yes,11185.86,9909.629428249911
1996,17.25,1800,Diesel,5,Nissan,Automatic,Blue,Partial,1,Yes,3124.05,3109.8330282958377
1995,9.88,1200,Diesel,5,Tesla,Manual,Black,Partial,1,No,1000.0,1195.0833056824322
2021,20.31,2000,Petrol,3,Honda,Automatic,Red,,1,Yes,7817.26,8567.081576722601
2007,19.13,3000,Electric,1,Ford,Automatic,Black,,0,Yes,12814.84,11761.794304030107
2018,26.37,1500,Diesel,2,Honda,Automatic,White,,0,Yes,8139.87,8558.899374546862
2010,23.65,800,Petrol,3,Kia,Manual,Blue,,0,Yes,6190.33,5426.669518813555
2017,13.38,800,Diesel,2,Chevrolet,Manual,Gray,Full,2,Yes,6097.8,5719.1194480872955
2005,14.81,1500,Diesel,4,Nissan,Manual,Gray,Partial,0,Yes,7478.79,4186.068172808926
1995,19.04,2500,Diesel,2,Nissan,Automatic,Black,Full,1,Yes,6996.8,5742.334295036423
2020,18.75,800,Petrol,3,Tesla,Manual,Black,Full,2,No,7593.64,6367.5428020691115
2000,17.61,5000,Petrol,2,Volkswagen,Manual,Silver,Partial,0,Yes,8367.1,10026.460386557977
2007,20.67,4000,Petrol,5,Chevrolet,Manual,Black,Full,2,Yes,8110.72,8463.890067120083
2016,17.07,3000,Petrol,3,Chevrolet,Manual,Gray,Full,0,Yes,8826.73,8801.800585805111
2003,19.74,1800,Electric,4,Ford,Manual,Black,,0,Yes,7223.45,7966.519472508215
2022,12.6,2500,Petrol,3,Ford,Manual,White,,0,Yes,8654.01,8437.830684281418
2009,29.36,5000,Electric,4,Ford,Manual,Gray,Full,0,No,14765.09,14797.062641854089
2022,13.48,1200,Diesel,4,Honda,Manual,Gray,Full,1,No,6642.29,6162.771369525266
2018,9.48,1200,Petrol,2,Tesla,Manual,Blue,Full,1,Yes,5226.77,5946.56668911513
2003,16.83,2000,Petrol,3,Nissan,Automatic,Blue,Partial,1,Yes,4516.42,5373.066528602359
2014,19.33,3000,Petrol,1,Chevrolet,Automatic,Red,Full,0,Yes,7925.86,9837.672424083632
2003,19.11,4000,Petrol,1,Tesla,Manual,White,Full,0,Yes,9562.18,9589.45591829168
2014,21.95,3000,Petrol,3,Ford,Automatic,Silver,Full,1,Yes,8160.6,9109.235255204423
2013,24.2,3000,Electric,2,Chevrolet,Manual,Blue,Partial,0,No,14576.06,12748.36953097953
2013,23.63,1500,Diesel,1,Hyundai,Manual,Gray,Partial,0,Yes,8498.21,7878.619488778008
2000,15.54,2000,Diesel,3,Toyota,Manual,Silver,Full,0,Yes,4573.43,4755.887263953302
2010,19.69,1000,Petrol,3,Volkswagen,Automatic,White,Partial,0,Yes,5815.48,5347.020528748037
2017,14.08,2500,Diesel,2,Nissan,Manual,White,Full,0,Yes,7245.93,8388.063113951157
1998,30.2,1500,Diesel,1,Nissan,Automatic,Black,Full,0,Yes,6091.95,6528.237428344199
2021,14.16,800,Diesel,5,Kia,Automatic,Blue,Full,1,Yes,6901.27,4959.779426466712
2021,8.37,1200,Electric,1,Nissan,Manual,Red,Full,1,Yes,9647.0,9893.534331431343
2012,18.7,800,Diesel,1,Kia,Automatic,Gray,Full,1,Yes,4799.54,6135.765939792844
2011,18.07,800,Petrol,5,Honda,Manual,White,Partial,2,Yes,3570.45,3990.6950513602083
2020,16.57,4000,Petrol,2,Tesla,Automatic,Gray,Full,1,Yes,10234.78,11308.168957814782
2004,22.17,5000,Petrol,4,Hyundai,Manual,Black,Partial,0,Yes,10611.96,10162.683937157453
2007,22.32,1200,Petrol,3,Hyundai,Automatic,Black,Full,0,Yes,5183.78,5452.808559691827
2002,17.63,800,Petrol,5,Tesla,Automatic,Blue,,1,Yes,1000.0,2500.479531139262
2011,20.56,3000,Diesel,3,Nissan,Manual,Red,Partial,1,No,9925.11,8611.394131997175
2008,11.96,1000,Diesel,3,BMW,Manual,Black,Partial,0,Yes,1987.51,4130.437425037098
2006,12.75,1800,Diesel,4,Hyundai,Manual,Red,Full,0,Yes,5683.33,4572.468304330228
2016,17.52,1200,Petrol,1,Hyundai,Automatic,White,Full,0,Yes,5591.48,7180.2632818382235
1999,31.01,1000,Petrol,3,Kia,Manual,Black,Partial,0,Yes,4642.91,5028.617978055528
2006,14.73,2500,Petrol,1,Volkswagen,Manual,Gray,,1,Yes,7303.46,7331.686602974197
2008,13.27,5000,Petrol,4,Kia,Manual,White,Full,1,Yes,8139.4,9706.70687374657
2001,15.21,3000,Petrol,5,Tesla,Manual,Gray,Full,0,Yes,5367.47,5338.083351566638
2004,18.74,2000,Petrol,1,Toyota,Automatic,Red,,1,Yes,8007.31,6799.940513428203
2010,22.94,1200,Diesel,1,Kia,Automatic,White,Partial,0,No,5571.67,7009.834753393045
2011,14.55,4000,Petrol,5,Nissan,Manual,Red,Full,1,Yes,7929.43,8362.892066455535
1996,9.84,4000,Diesel,1,Honda,Manual,Gray,Partial,0,Yes,8111.02,7466.329076365354
2007,15.63,1000,Petrol,4,Nissan,Manual,Silver,Full,0,Yes,3988.91,3830.250332194927
2006,14.88,2000,Petrol,5,Kia,Automatic,Blue,Full,0,Yes,4892.79,4600.087486975526
2019,20.54,4000,Diesel,4,Volkswagen,Manual,Red,,0,No,9097.06,10844.880142653292
2005,18.1,5000,Electric,3,Nissan,Manual,Black,Partial,0,Yes,12843.89,13357.07487638795
2020,17.96,2500,Petrol,5,Volkswagen,Automatic,Gray,Full,0,No,8601.11,7892.4315077099345
2012,14.4,5000,Diesel,1,Volkswagen,Automatic,Gray,Full,0,No,11799.87,11968.270210505141
2004,17.34,1200,Petrol,1,BMW,Manual,Silver,Full,2,No,7414.75,5459.681470776666
2016,19.31,4000,Diesel,4,Tesla,Manual,Gray,Full,2,Yes,11663.24,10061.06471796813
2021,22.51,800,Petrol,2,Kia,Manual,Blue,Full,0,Yes,7025.16,7414.202870595676
2023,17.82,2000,Petrol,3,Volkswagen,Manual,Silver,Full,0,Yes,8690.56,8502.34368248843
2023,9.38,1000,Diesel,1,Nissan,Manual,Blue,Full,0,Yes,7941.75,6918.771392924276
2016,20.79,2500,Petrol,1,Hyundai,Automatic,Red,Full,0,Yes,7943.15,9554.49532037098
1995,21.86,5000,Electric,3,Nissan,Manual,Blue,Partial,1,Yes,10535.93,12277.712003480045
2021,17.2,5000,Petrol,1,Volkswagen,Manual,Red,Partial,0,Yes,12034.79,13660.105297546452
2005,16.06,1000,Diesel,1,Toyota,Automatic,Black,Full,1,Yes,6240.22,5107.5559343063505
2006,13.21,5000,Petrol,5,Toyota,Manual,Gray,,1,Yes,8117.19,8873.24854558731
2016,17.04,800,Petrol,2,Hyundai,Manual,Black,Partial,0,Yes,6266.35,6030.030002031563
2012,25.67,1200,Petrol,2,Kia,Manual,Gray,,0,Yes,9812.91,7064.691451990564
2021,20.18,1200,Petrol,1,Nissan,Manual,White,Partial,0,No,6218.03,8296.545234200647
2017,16.76,1000,Petrol,3,Nissan,Manual,Red,Full,0,Yes,7000.67,6013.806525667042
2020,11.29,2500,Petrol,5,Tesla,Manual,Silver,Full,1,Yes,7078.01,6945.575942134092
2006,20.98,1500,Diesel,5,Volkswagen,Manual,Black,Full,0,Yes,4902.46,4677.710512310653
2001,18.11,1000,Petrol,4,Honda,Manual,Red,Partial,0,Yes,3766.5,3323.895005893204
2011,11.83,1500,Diesel,4,BMW,Manual,Silver,Partial,1,Yes,5407.93,4780.112230003419
2001,13.07,2000,Petrol,4,Ford,Automatic,Red,,0,Yes,4685.26,4184.845299012111
2014,12.49,3000,Diesel,3,Toyota,Manual,Blue,Partial,0,Yes,8524.15,7955.409212023133
1997,8.14,4000,Petrol,3,Kia,Manual,Blue,Partial,0,Yes,5264.89,6398.535189939413
2006,21.62,1200,Petrol,3,Tesla,Automatic,Black,Full,1,Yes,3764.12,5204.321034293109
2003,13.75,1000,Petrol,4,Ford,Automatic,Black,Full,1,No,3144.73,3082.127547690322
2010,13.37,4000,Petrol,2,Honda,Automatic,Blue,Partial,1,Yes,9852.08,9490.564836342448
1998,13.33,2000,Petrol,2,Volkswagen,Automatic,Red,Full,1,Yes,4131.67,4818.247104723572
2022,15.92,5000,Diesel,3,Hyundai,Manual,Blue,Full,0,Yes,13108.63,12528.369269779896
2000,16.66,800,Diesel,5,Honda,Automatic,Red,,1,No,3392.87,2269.8978648147713
2000,19.57,2500,Diesel,5,Chevrolet,Automatic,Blue,Partial,0,No,4205.9,5040.868057335621
2013,12.98,1000,Petrol,4,Kia,Automatic,Blue,Partial,2,No,5879.14,4448.833806895873
2009,25.57,1000,Diesel,4,Hyundai,Manual,Gray,Partial,0,Yes,5781.52,5303.749032064561
2002,21.51,2000,Petrol,1,BMW,Manual,White,Full,0,Yes,7270.99,6852.246167697909
2006,18.91,1800,Petrol,2,Hyundai,Manual,Blue,Partial,2,Yes,6464.23,6220.684667711528
2017,21.39,4000,Petrol,5,Tesla,Automatic,Gray,,1,Yes,9583.23,9977.297633611734
2009,12.58,1200,Petrol,2,Ford,Manual,Silver,Full,0,Yes,4335.57,5014.372485254013
1995,27.91,1500,Petrol,2,Kia,Manual,White,Full,3,Yes,5566.83,5299.642462997833
2004,20.34,1500,Diesel,2,Nissan,Manual,Silver,Partial,0,Yes,5943.8,5681.926078298569
2004,20.26,2500,Petrol,2,Volkswagen,Automatic,Gray,,1,Yes,6501.98,7227.254381398319
2010,13.28,4000,Petrol,4,Volkswagen,Manual,Red,Partial,0,Yes,10116.57,8588.507540078823
2000,10.39,2500,Diesel,1,Nissan,Manual,Gray,Full,0,Yes,4221.73,5870.50376503322
2006,19.68,2000,Petrol,3,Toyota,Automatic,Silver,,0,Yes,8885.32,6158.247491771506
1996,22.74,3000,Petrol,1,Honda,Automatic,Red,Full,1,Yes,7063.46,7614.480825881721
2018,17.31,5000,Diesel,5,Tesla,Automatic,Blue,Partial,0,Yes,11120.82,11116.510296135786
2006,15.63,5000,Petrol,2,Honda,Manual,Red,,0,Yes,9581.47,10723.897143925078
2011,15.05,5000,Petrol,5,Honda,Automatic,Gray,Full,0,Yes,10966.6,9875.624295076916
2012,18.38,1800,Petrol,2,Kia,Manual,Red,Full,0,Yes,6401.55,7148.303024394409
2007,16.1,1200,Petrol,4,Honda,Manual,Red,Partial,0,Yes,4824.67,4272.263346229885
2018,26.49,3000,Electric,3,Kia,Manual,Black,Full,0,Yes,12544.35,13315.537414890638
2003,16.05,3000,Petrol,5,Honda,Automatic,White,Full,0,Yes,4941.03,5849.924818330652
2007,19.99,800,Petrol,1,Hyundai,Manual,White,Full,0,No,4643.27,5563.482980648485
2021,27.99,1000,Diesel,2,Ford,Automatic,Black,Full,0,Yes,8120.11,8424.419768393014
1995,24.38,4000,Diesel,3,Tesla,Automatic,Black,Full,0,Yes,7565.18,8085.51612985049
2016,25.35,1800,Diesel,3,Chevrolet,Manual,Black,Partial,0,No,7916.54,8088.769085303596
2019,16.3,4000,Petrol,3,Hyundai,Manual,Silver,Partial,2,Yes,11015.36,10644.619337986735
2018,14.29,3000,Petrol,3,Nissan,Automatic,Black,Full,0,Yes,7928.37,8838.864360445423
2004,16.35,4000,Petrol,5,Tesla,Automatic,Gray,,0,No,7816.66,7464.788470166378
2005,18.5,4000,Electric,4,Nissan,Automatic,Red,Full,0,Yes,10366.82,11464.01710842799
2011,25.33,5000,Petrol,3,Volkswagen,Manual,Black,Partial,1,Yes,11301.25,12154.242550476985
1996,21.68,1000,Diesel,3,Volkswagen,Manual,Gray,,1,Yes,3738.1,3469.0846282755992
2000,25.43,5000,Diesel,2,Tesla,Automatic,Black,Full,1,Yes,10594.78,10943.768444356974
2014,15.63,2500,Petrol,1,Kia,Automatic,Red,Partial,1,No,8512.85,8700.128409023062
2016,22.35,1200,Petrol,4,Volkswagen,Automatic,Black,Full,0,Yes,6429.95,6381.052493242067
2011,10.28,1200,Petrol,5,BMW,Automatic,Red,Full,0,Yes,3717.96,3731.8904449452502
2007,12.57,1800,Petrol,3,Toyota,Manual,White,Partial,0,Yes,5663.53,5167.91152691698
2023,19.08,1000,Diesel,1,Hyundai,Manual,Blue,Full,1,Yes,7465.84,8064.694942460906
2001,22.13,800,Electric,1,Chevrolet,Manual,Red,,1,Yes,8080.22,7963.3460598737
2021,19.55,2000,Petrol,1,Kia,Automatic,White,Full,1,Yes,11074.24,9397.90125416929
2007,29.4,1200,Diesel,3,Honda,Automatic,Black,Full,0,Yes,5434.44,6360.810103795881
2000,22.89,1000,Diesel,5,Honda,Automatic,Red,Partial,1,Yes,2747.48,3286.0907774578227
1997,17.74,1200,Diesel,3,Volkswagen,Automatic,Blue,Full,0,Yes,3131.81,3440.249712859384
2023,26.64,2000,Petrol,5,BMW,Manual,Blue,Full,0,Yes,6927.53,8598.340820849173
1996,17.62,2500,Diesel,2,Honda,Manual,Black,Full,1,Yes,4427.61,5722.730414462708
2006,23.59,1200,Petrol,3,Ford,Manual,Gray,Full,0,Yes,4584.93,5412.001683248127
2017,22.94,1200,Petrol,5,Nissan,Manual,Blue,Partial,1,No,5627.78,6041.673178599005
2011,13.49,2000,Petrol,1,Chevrolet,Manual,Red,Partial,1,Yes,7304.65,7180.849997682395
2003,17.14,5000,Diesel,1,Ford,Automatic,White,,0,Yes,10247.82,10892.065175088752
2000,22.06,2500,Diesel,5,Tesla,Manual,Red,Partial,0,Yes,3965.57,5341.861766498981
2005,14.77,3000,Petrol,4,Chevrolet,Automatic,Silver,Full,1,Yes,8121.1,6414.325115959094
2020,17.48,1000,Diesel,1,Volkswagen,Automatic,Silver,,0,Yes,6293.35,7516.911930498816
2014,17.65,1800,Diesel,3,Tesla,Manual,Black,Full,1,Yes,6765.01,6801.5374541732035
1997,21.1,1500,Petrol,5,BMW,Manual,Blue,Full,1,No,2787.76,3353.073284011424
2005,21.77,2000,Diesel,1,Toyota,Manual,Silver,Full,1,No,7495.36,7269.93997162714
1996,16.0,5000,Petrol,5,Toyota,Automatic,Blue,,0,No,8488.56,7757.615410464212
2014,14.57,1500,Petrol,3,Nissan,Manual,Blue,Full,1,Yes,5590.6,5976.325715431136
1999,16.63,2500,Petrol,3,Honda,Manual,Gray,,1,Yes,4358.16,5514.853508005042
1996,16.17,1800,Electric,5,Hyundai,Automatic,Black,Full,0,Yes,5455.81,6009.1169138202085
1996,18.83,1800,Petrol,4,Toyota,Automatic,Silver,Full,0,Yes,2213.1,3780.064745838461
2019,11.75,2000,Petrol,4,Toyota,Automatic,Black,,1,Yes,7471.68,6691.7199918687
2014,20.46,1500,Diesel,5,Toyota,Automatic,Blue,Partial,0,No,6281.85,5747.767758506314
1998,22.89,800,Diesel,3,Tesla,Automatic,Gray,Partial,1,Yes,4254.63,3532.344506835272
2017,20.45,3000,Diesel,1,BMW,Automatic,Silver,Full,0,Yes,9303.08,10433.620159711623
2017,14.03,2500,Diesel,2,Ford,Manual,Gray,,2,Yes,6476.65,8336.995500241263
2021,19.45,2000,Petrol,2,Toyota,Automatic,Silver,Partial,1,Yes,10155.69,8854.058605236156
2005,23.8,1200,Petrol,4,BMW,Manual,Blue,Full,0,No,4340.35,4906.011738455619
2002,14.39,1800,Diesel,3,Nissan,Manual,Silver,Full,0,Yes,4765.68,4625.342896828591
2017,16.16,1800,Petrol,5,Nissan,Manual,Blue,Partial,1,Yes,6028.72,6083.866180792678
2015,19.25,2000,Petrol,3,Nissan,Automatic,Gray,Full,0,Yes,6503.68,7456.885371815278
2021,11.85,5000,Petrol,3,Toyota,Manual,Silver,Partial,0,Yes,14104.0,11910.960962040754
2001,24.07,3000,Diesel,1,Kia,Manual,Gray,Full,1,Yes,7996.31,8422.252914112089
2012,18.1,1800,Petrol,4,Chevrolet,Manual,Blue,Full,0,Yes,6527.03,6039.597383333034
2002,18.09,2000,Electric,4,BMW,Manual,Black,Full,0,Yes,7474.48,7998.430837012703
2013,20.41,5000,Electric,2,Honda,Manual,Gray,,0,Yes,17155.52,15292.285189915363
2018,17.04,4000,Petrol,1,Tesla,Manual,Red,,0,Yes,9405.04,11606.941690076805
2019,20.71,3000,Diesel,5,Ford,Automatic,Silver,Full,0,Yes,9544.89,8724.90857860272
2000,32.0,3000,Petrol,3,Toyota,Manual,Gray,Full,2,Yes,7126.47,8246.149743600541
2013,18.41,800,Diesel,2,Ford,Manual,Blue,Full,0,No,6940.89,5747.947981843601
2016,17.89,4000,Petrol,5,BMW,Manual,Red,Partial,0,Yes,9172.25,9564.686798295454
2009,15.27,3000,Petrol,1,Honda,Automatic,Silver,Partial,0,Yes,9265.57,8569.604594700017
2015,16.73,4000,Electric,2,Hyundai,Manual,White,Partial,2,Yes,14553.08,13642.231556624927
2015,12.76,5000,Diesel,4,Honda,Manual,Silver,Full,0,Yes,10029.62,10671.430717366986
2016,17.09,800,Diesel,2,Nissan,Automatic,Red,Full,1,Yes,5600.29,6117.415837583314
2007,22.5,1800,Petrol,3,Tesla,Automatic,Silver,Full,1,Yes,4417.7,6312.83175545118
2004,5.0,1800,Petrol,2,Tesla,Automatic,White,Partial,0,Yes,5137.68,4268.874120119442
1996,19.15,1500,Petrol,2,Volkswagen,Manual,White,Full,0,No,3723.11,4457.514987325245
2018,28.76,1000,Petrol,4,Kia,Manual,Silver,Full,1,No,6939.58,7090.658065365644
2020,22.0,3000,Diesel,5,Honda,Manual,Blue,Partial,0,Yes,9137.82,9046.108780355527
2009,20.4,1800,Petrol,5,Hyundai,Manual,Blue,Partial,0,No,7251.96,5405.989838748202
2008,12.85,1200,Electric,1,Kia,Manual,Blue,Partial,0,Yes,8663.79,8416.152971370957
2008,13.24,1200,Petrol,3,Volkswagen,Manual,Silver,Full,2,No,6357.67,4565.374977442176
2000,17.37,4000,Petrol,4,Ford,Manual,Black,Full,0,Yes,8074.2,7503.418340073136
2019,10.78,2000,Diesel,5,Honda,Automatic,Gray,,0,Yes,4724.6,6071.077132813809
2017,14.87,2000,Electric,4,BMW,Manual,Blue,,0,Yes,8729.9,9789.784433657198
2007,13.52,3000,Diesel,4,Volkswagen,Automatic,White,,0,Yes,7220.28,6659.531959488596
2003,23.33,3000,Diesel,3,Toyota,Automatic,White,Full,1,Yes,8438.89,7689.879062653377
2000,14.88,1800,Petrol,4,Ford,Automatic,Black,Full,0,Yes,3623.39,3928.825035459852
2014,13.36,2000,Petrol,5,Tesla,Automatic,White,Full,0,Yes,6078.81,5599.510149637061
2023,19.07,800,Petrol,5,Honda,Manual,White,Partial,1,Yes,7436.83,5892.305761010934
2020,7.92,4000,Petrol,3,Volkswagen,Automatic,Red,Full,0,Yes,9933.92,9931.840294864249
1996,16.62,1200,Petrol,3,Ford,Automatic,Silver,Partial,1,Yes,3562.64,3096.853616298007
1995,20.73,1800,Petrol,3,BMW,Manual,Black,Partial,0,No,4541.17,4482.684934443967
2019,23.83,4000,Diesel,5,Ford,Automatic,Blue,Full,0,Yes,11393.78,10588.771233894808
2011,18.24,1000,Petrol,1,Ford,Manual,Red,,0,Yes,7061.93,6256.6843721895875
2013,26.84,2000,Diesel,4,Ford,Manual,Black,Full,0,Yes,6679.7,7597.760163574246
1998,21.41,1000,Petrol,5,Honda,Automatic,Blue,Partial,0,No,3219.19,2758.023301540811
1998,17.87,1800,Petrol,5,Kia,Manual,Silver,Full,0,Yes,3129.1,3466.511419733746
2017,15.88,5000,Diesel,1,Kia,Automatic,Gray,Full,0,Yes,12971.93,12810.065562692422
2009,12.87,1500,Diesel,1,Nissan,Manual,Silver,,0,Yes,5096.05,6012.768646074015
2016,19.96,800,Petrol,3,Volkswagen,Automatic,Red,Full,0,Yes,4201.16,6010.773157281389
2014,15.27,800,Diesel,4,BMW,Automatic,Black,Full,1,Yes,5377.37,4654.063704182092
2011,13.23,5000,Diesel,4,Volkswagen,Automatic,Blue,Full,0,Yes,11042.77,10166.497001060668
1998,9.38,5000,Diesel,3,Ford,Automatic,Gray,Partial,0,Yes,7075.58,8199.243505200226
2020,18.57,2500,Petrol,5,Hyundai,Manual,Blue,Partial,0,No,7610.04,7866.974009741435
2006,17.05,1800,Electric,5,Kia,Manual,White,Full,1,Yes,5976.79,7613.195372201708
2020,15.84,1500,Diesel,3,Ford,Automatic,White,,0,Yes,5229.05,7055.724261736237
2003,16.3,3000,Diesel,5,Chevrolet,Automatic,Blue,Full,1,No,5624.17,5844.202503653446
2019,23.31,1800,Diesel,1,Honda,Automatic,White,Partial,0,No,8408.66,9308.866462456512
2021,18.43,2500,Diesel,2,Kia,Manual,Red,Full,0,No,9103.8,9578.071668765951
2016,15.81,5000,Petrol,4,Ford,Automatic,Silver,Partial,1,Yes,10131.69,11162.864385280438
2020,20.74,5000,Diesel,5,Tesla,Automatic,Gray,,1,No,11203.57,11878.214794166855
2001,10.92,2500,Petrol,1,Volkswagen,Manual,Silver,Full,0,No,6095.4,6155.805772015412
2003,24.52,1200,Petrol,1,Hyundai,Manual,Silver,Full,0,No,6404.94,6079.863489302677
2021,22.69,1500,Diesel,2,BMW,Manual,Black,Full,2,Yes,7393.39,8606.983683309087
2015,17.07,1500,Diesel,4,Tesla,Manual,Black,Full,2,Yes,5026.26,5947.087939778259
2000,22.09,1000,Diesel,5,Ford,Manual,Red,Full,0,Yes,3128.2,3133.738185275538
2016,15.83,5000,Diesel,3,Ford,Automatic,Blue,Partial,0,Yes,12188.35,11646.869083641475
2014,15.89,4000,Petrol,1,Tesla,Manual,Gray,Full,1,Yes,11108.39,10808.882474910086
1996,18.24,1500,Diesel,5,Nissan,Automatic,Silver,Partial,1,Yes,4031.8,2788.7482919867425
2013,19.27,2500,Petrol,3,Ford,Manual,Black,Partial,0,Yes,8440.83,7913.616023394448
2015,14.55,1000,Diesel,2,Hyundai,Manual,Silver,Full,0,Yes,6163.33,5841.245385555179
2000,14.66,1200,Petrol,3,Honda,Automatic,Blue,Partial,0,Yes,4691.11,3481.8392190265768
2001,18.96,1200,Petrol,1,Honda,Manual,Silver,Partial,1,Yes,5855.64,5126.662724011946
2006,12.67,800,Petrol,1,Hyundai,Automatic,Red,Partial,0,No,4507.87,4579.025900366494
2010,25.56,800,Diesel,4,Kia,Automatic,Blue,Partial,1,Yes,6439.39,5189.6892917613695
2020,20.86,2000,Diesel,3,Hyundai,Manual,Silver,Full,0,Yes,8174.76,8352.886616029082
2002,21.93,1500,Petrol,1,Ford,Automatic,White,Partial,1,Yes,5643.43,6091.589981362873
2000,16.55,1000,Petrol,5,Hyundai,Automatic,Gray,Full,1,Yes,1771.88,2400.221156694597
2007,8.13,5000,Diesel,3,BMW,Automatic,Blue,Full,1,Yes,9069.17,9463.862958474368
2012,26.69,3000,Petrol,5,Chevrolet,Manual,Silver,Partial,0,Yes,10333.72,8388.457995620081
2012,19.22,2500,Petrol,4,Toyota,Automatic,Silver,Full,0,Yes,7777.46,7253.156697356828
2006,18.67,3000,Petrol,3,Nissan,Automatic,Blue,Full,0,Yes,6682.44,7532.679972784623
2014,5.0,1800,Diesel,1,Nissan,Automatic,Blue,,0,Yes,5837.05,6259.610986461266
2000,17.54,1500,Diesel,5,Tesla,Manual,Black,Full,0,Yes,2908.4,3275.0262155092814
1996,15.47,2000,Diesel,3,Ford,Automatic,Gray,Full,1,Yes,5169.53,4160.531398057863
2008,15.45,1800,Diesel,1,Honda,Automatic,Silver,,0,Yes,6401.05,6654.818517153508
2011,21.97,1000,Petrol,3,Nissan,Automatic,Gray,Full,0,Yes,6937.51,5696.470116598365
2014,23.39,4000,Petrol,4,Toyota,Manual,Red,,0,Yes,10106.83,10352.750237202963
2023,11.75,800,Diesel,2,Toyota,Manual,Red,Partial,1,Yes,6062.19,6488.665527105712
2006,17.86,1800,Diesel,4,BMW,Manual,White,Full,1,Yes,5753.84,5248.446313742824
2003,10.94,2000,Petrol,1,Volkswagen,Manual,Blue,Full,1,Yes,4888.59,5670.623142161171
1996,13.36,1200,Petrol,2,BMW,Automatic,Silver,,0,Yes,3491.13,3269.8668962825404
2014,17.84,1000,Petrol,3,Ford,Manual,Black,Full,1,No,7311.38,5688.196271031082
2007,16.69,1000,Petrol,3,Ford,Automatic,Silver,Full,1,Yes,4424.02,4443.7130746028515
1999,12.72,800,Diesel,2,BMW,Manual,Silver,,1,Yes,1456.21,3035.9255611623303
2005,8.96,4000,Electric,5,Volkswagen,Automatic,Red,Full,1,Yes,11658.26,9870.033136992235
2016,14.07,1000,Petrol,1,Volkswagen,Manual,Gray,Full,3,Yes,5473.99,6506.615785304024
1998,15.29,5000,Petrol,3,Tesla,Manual,Black,Full,1,No,8083.56,8948.23364162466
2003,10.1,5000,Petrol,3,Honda,Automatic,Blue,Full,0,Yes,8725.79,9055.879843007171
2019,19.48,5000,Diesel,3,Chevrolet,Automatic,Red,Full,0,Yes,12901.59,12614.073692270147
2010,27.22,2500,Petrol,2,Hyundai,Manual,Silver,Partial,0,Yes,7626.96,8865.13620828707
1996,17.07,2000,Petrol,4,Chevrolet,Manual,Black,Partial,0,Yes,4299.05,3883.593786556062
2000,15.9,1200,Petrol,2,Chevrolet,Manual,Blue,Full,2,Yes,3002.71,4078.850491738062
2001,13.3,1800,Diesel,1,Chevrolet,Manual,Black,Full,0,Yes,4891.55,5345.31224729078
1996,22.05,5000,Petrol,1,Toyota,Automatic,Gray,Full,0,Yes,10722.75,10420.128141527077
1997,12.13,2500,Diesel,5,Toyota,Manual,Black,Full,1,No,5511.14,3748.522247996474
2018,15.32,2000,Petrol,2,Chevrolet,Automatic,Blue,,0,Yes,7145.37,7886.749126040871
2003,16.5,1200,Diesel,4,Hyundai,Manual,Gray,Partial,0,Yes,3278.15,3613.690419537148
2009,11.57,1000,Petrol,3,Nissan,Manual,White,Partial,0,Yes,5011.01,4158.969793786142
2005,9.85,5000,Petrol,5,Kia,Manual,White,,1,Yes,6891.58,8357.948116217016
2023,19.5,1000,Diesel,2,Tesla,Manual,Red,,0,Yes,6952.06,7680.591912303944
2018,16.53,1200,Diesel,2,Volkswagen,Automatic,Gray,Partial,3,No,6032.24,6962.948832289325
2004,18.29,5000,Diesel,1,Volkswagen,Automatic,Black,,0,Yes,11717.03,11254.840269791439
2001,20.77,1000,Petrol,3,Ford,Automatic,Gray,Full,0,No,4192.08,4076.954897000323
2008,16.78,2500,Diesel,3,Chevrolet,Manual,Red,Full,0,Yes,5680.89,6902.223710085926
2014,22.68,1200,Petrol,2,Volkswagen,Manual,White,,0,Yes,6866.15,7078.706768651189
2007,18.15,4000,Petrol,1,BMW,Manual,Silver,Full,1,Yes,11660.3,10148.62768694287
2004,9.35,3000,Petrol,1,Hyundai,Automatic,Blue,Full,0,Yes,7832.44,7055.835459066904
2019,13.77,1800,Diesel,5,Chevrolet,Automatic,Gray,,0,No,6096.15,6130.599895470861
2019,20.27,1000,Petrol,5,Kia,Automatic,Black,Full,1,No,5635.27,5780.849511770799
2004,15.72,2000,Diesel,2,BMW,Automatic,Gray,,0,Yes,7103.18,5946.846714691694
1997,11.17,4000,Diesel,1,Hyundai,Manual,Black,Full,2,Yes,7915.94,7778.590535680408
2005,13.99,3000,Petrol,4,Kia,Manual,Black,Partial,0,Yes,5634.13,6363.039302243312
2005,27.28,1000,Petrol,5,Kia,Manual,Black,,0,Yes,5166.13,4493.03537298315
2019,22.24,1000,Electric,3,Toyota,Manual,Gray,Full,1,Yes,8741.77,9917.518316754193
2011,22.51,1500,Diesel,5,Nissan,Automatic,Blue,Full,0,Yes,3884.74,5525.380501480791
2001,7.34,1200,Petrol,5,Chevrolet,Manual,Black,Full,1,Yes,2178.64,1771.9548787989906
2015,17.79,4000,Diesel,4,Toyota,Automatic,Red,Full,1,Yes,11150.38,9846.778162623985
2011,17.7,3000,Petrol,4,BMW,Manual,Red,Full,1,Yes,5216.1,7798.108106039268
2017,19.0,3000,Diesel,4,Hyundai,Manual,Red,Full,1,Yes,9048.04,8761.559225476169
1998,18.8,1200,Diesel,5,Volkswagen,Manual,Gray,Partial,0,Yes,3208.09,2733.840431772679
2022,24.39,4000,Petrol,3,Toyota,Automatic,Silver,Full,0,Yes,11218.96,12096.032384547678
2017,13.39,1500,Petrol,5,Hyundai,Manual,Silver,,0,Yes,5560.64,5274.083472664062
2007,25.29,800,Petrol,3,Hyundai,Automatic,Gray,Partial,2,Yes,7245.68,5180.597407125909
2023,8.2,1800,Petrol,5,Hyundai,Automatic,Silver,Full,1,Yes,6085.3,6005.415967237883
2018,17.6,1800,Electric,1,BMW,Automatic,Gray,,1,Yes,13365.21,11464.48521595321
2016,12.09,2000,Petrol,5,Tesla,Automatic,Red,Partial,0,Yes,6662.37,5778.96133142444
2000,17.86,2000,Diesel,3,BMW,Manual,White,Partial,1,Yes,5947.74,5142.889204992373
2000,8.98,2500,Diesel,4,Hyundai,Automatic,Black,Partial,0,Yes,4465.4,4255.656168418512
2005,18.31,1800,Diesel,1,Tesla,Automatic,Black,Full,0,Yes,5851.1,6530.165608113774
2007,23.84,1000,Petrol,4,BMW,Manual,White,Partial,1,Yes,5298.24,4919.43543371542
2022,23.93,1800,Diesel,2,BMW,Automatic,Gray,Full,0,Yes,7672.32,9317.943842172184
1999,15.35,1800,Petrol,5,Nissan,Manual,Silver,,2,Yes,3234.01,3321.22436545693
2005,21.87,1000,Diesel,1,Hyundai,Manual,Black,Partial,0,Yes,4322.43,5769.850201279969
1997,22.17,4000,Petrol,2,Kia,Manual,Gray,,0,Yes,8082.02,8594.161799546851
2002,7.42,1500,Petrol,2,Chevrolet,Automatic,Silver,Partial,0,No,2254.76,3845.9411649836716
2012,22.06,2000,Petrol,5,Kia,Manual,Black,Partial,0,Yes,6152.57,6396.500669717818
2017,14.28,1000,Petrol,3,Tesla,Manual,Blue,,0,Yes,5968.37,5585.848372849005
1995,15.03,1000,Diesel,5,Chevrolet,Manual,White,Full,1,Yes,1000.0,1505.2281691024273
2020,11.32,2500,Diesel,1,Honda,Manual,Black,Full,1,Yes,9072.81,9020.257833584516
2014,17.0,1500,Diesel,2,Ford,Manual,White,Full,0,Yes,6388.36,6778.861355315919
1997,14.7,4000,Diesel,3,Toyota,Automatic,Blue,Full,1,Yes,5962.06,7206.97106228988
2008,15.78,1500,Petrol,1,Ford,Automatic,Silver,,1,Yes,7058.55,6207.751358219071
2006,20.46,1000,Diesel,1,Volkswagen,Automatic,White,Partial,0,Yes,6780.13,5827.555173398616
2000,17.8,2500,Petrol,5,Volkswagen,Manual,Red,Full,0,Yes,4943.68,4917.975453079582
2016,18.02,4000,Diesel,1,Toyota,Manual,Black,Full,0,Yes,11669.07,11445.433093101134
2007,28.47,1200,Diesel,2,Honda,Automatic,Blue,Full,1,Yes,6696.72,6691.09835886916
1999,15.34,5000,Diesel,4,Volkswagen,Manual,Black,Full,0,Yes,9079.24,8673.533836252856
2006,24.3,1000,Petrol,1,Chevrolet,Manual,Gray,,0,Yes,4341.35,6178.03333856105
1998,28.21,2500,Petrol,3,Kia,Manual,White,Partial,0,Yes,8072.14,6773.48059809661
2021,14.25,2000,Electric,4,Hyundai,Manual,Silver,,2,Yes,10767.86,10235.415487669929
1996,13.33,1800,Petrol,4,Toyota,Manual,Red,Full,0,No,3386.14,3206.656012511424
2008,17.35,1500,Diesel,2,Tesla,Manual,Silver,Full,0,Yes,6893.55,5866.186577712373
2006,10.09,1500,Petrol,4,Nissan,Manual,Gray,Full,1,Yes,2971.66,3765.244540229467
2005,20.44,1200,Diesel,4,Tesla,Manual,White,Full,0,No,4143.68,4435.673782079179
1998,16.98,1000,Diesel,4,Ford,Automatic,Black,,1,Yes,2453.78,2698.3455035601373
1998,18.14,5000,Diesel,5,Hyundai,Manual,Black,Full,0,Yes,9144.93,8299.20190853619
2015,10.85,1200,Diesel,3,Nissan,Manual,Silver,Full,0,No,5033.01,5269.390888790154
1999,17.13,2500,Petrol,3,Tesla,Automatic,Black,Full,1,Yes,5584.2,5562.791760471203
2018,18.12,4000,Petrol,1,Ford,Manual,Red,Full,0,Yes,12028.7,11766.075560972644
2003,27.84,800,Petrol,1,Volkswagen,Manual,White,Full,1,Yes,4861.59,5961.886491748968
2018,16.93,5000,Diesel,5,Kia,Automatic,Black,Full,1,Yes,9503.97,11174.734179463394
2019,18.96,2500,Diesel,5,Kia,Manual,White,,0,No,7814.98,7840.899126009478
2007,14.57,5000,Electric,1,Ford,Automatic,White,Partial,0,Yes,15509.27,14188.768467936778
2022,16.25,1200,Petrol,3,Ford,Automatic,Red,Full,0,Yes,6476.5,6986.715362708612
2018,14.18,1800,Petrol,2,Kia,Manual,Blue,,0,Yes,9847.01,7455.2195220100575
2016,18.74,1200,Diesel,5,Hyundai,Manual,Black,,1,Yes,5941.09,5375.474828096885
2016,24.51,1000,Diesel,1,Toyota,Manual,Red,Partial,3,Yes,6415.33,7786.349199290018
2009,11.35,5000,Petrol,3,Toyota,Automatic,Blue,Full,0,Yes,9932.53,10072.688662365877
2001,15.01,1500,Diesel,4,Kia,Manual,Black,Partial,1,Yes,2204.5,3658.555898208044
2009,19.34,800,Petrol,1,Ford,Automatic,White,Full,1,Yes,5682.71,5774.795090311669
2011,20.95,1200,Petrol,5,Hyundai,Manual,Black,Partial,0,No,6061.56,4924.096829344977
2016,18.48,1000,Diesel,2,Tesla,Automatic,Black,Full,1,Yes,5591.11,6506.76757569448
2001,13.8,1800,Electric,3,Ford,Manual,Silver,,3,No,8014.78,7444.4862743514
2014,16.95,1200,Diesel,1,Hyundai,Manual,Red,,0,Yes,6415.25,6840.91786023767
2023,10.54,4000,Diesel,1,Volkswagen,Automatic,Black,,1,Yes,10830.74,11654.300481711542
2005,9.73,1000,Electric,4,Nissan,Automatic,Silver,,0,Yes,5309.49,5850.860412367186
1997,21.17,1800,Diesel,4,BMW,Manual,Red,Full,2,No,5348.13,4385.307784574829
2016,15.72,1000,Petrol,2,Kia,Manual,Blue,Partial,0,Yes,6848.02,6147.512508850667
2020,9.41,1800,Petrol,4,Volkswagen,Automatic,Blue,Full,0,Yes,7169.17,6257.711512973377
2011,19.83,1000,Diesel,5,Honda,Automatic,Gray,,0,Yes,4421.83,4480.848213493291
2004,16.4,1800,Petrol,2,Toyota,Automatic,Red,Full,2,No,5588.21,5768.1640474521655
1995,9.96,4000,Petrol,2,Chevrolet,Manual,Blue,Full,1,Yes,5470.93,6796.596606741471
2011,16.07,5000,Petrol,4,Kia,Manual,Red,Full,0,No,10689.55,10558.377633300668
1999,22.58,800,Electric,3,Hyundai,Manual,Blue,Partial,2,No,7058.93,6692.157048735702
2011,20.73,1000,Petrol,3,Tesla,Manual,Gray,Partial,0,Yes,7161.56,5481.609485559797
1995,20.3,1500,Diesel,3,Tesla,Manual,Black,,1,Yes,4823.72,3847.3650751036985
2006,23.32,5000,Petrol,4,Toyota,Manual,Black,Full,2,Yes,12527.57,10629.820146027047
1999,21.91,3000,Diesel,5,Honda,Automatic,Silver,Partial,0,Yes,4790.72,5932.670023908576
1999,11.89,1500,Diesel,2,Kia,Manual,Red,Full,0,Yes,3362.4,3986.035353492425
2007,21.35,5000,Petrol,1,Tesla,Manual,Gray,Full,1,Yes,12276.71,11921.868006010785
2016,12.64,3000,Diesel,1,BMW,Automatic,White,Full,1,No,9785.42,9413.706254707991
2001,20.0,800,Diesel,2,Ford,Manual,Silver,Full,0,Yes,3620.53,4127.905979359981
1996,15.94,1500,Electric,4,Hyundai,Manual,White,Full,0,Yes,6944.8,5999.220073087974
2018,18.34,2000,Diesel,1,Volkswagen,Manual,Black,,1,No,10111.02,8886.07645079064
2009,18.88,1500,Diesel,5,Tesla,Automatic,Gray,Partial,1,Yes,2825.3,4751.6217269336985
2000,9.97,1500,Diesel,4,Tesla,Manual,Silver,Full,1,Yes,2187.39,2810.1620475268173
2020,14.68,3000,Diesel,4,Toyota,Manual,Gray,,0,No,7709.37,8668.857968632243
2007,18.28,5000,Petrol,1,Hyundai,Automatic,Blue,Partial,2,Yes,13283.25,11577.541555112239
2005,15.74,2000,Electric,4,Kia,Automatic,Silver,,0,Yes,7487.67,8069.531011089158
2010,11.58,1800,Diesel,3,Nissan,Automatic,Blue,Full,0,No,5785.51,5516.588745474012
2008,29.56,5000,Petrol,1,Ford,Automatic,White,Partial,1,No,13831.66,13170.932120185698
2009,23.87,1200,Diesel,1,Nissan,Manual,White,Partial,0,Yes,5967.35,6927.120623909326
2004,27.13,3000,Diesel,2,Hyundai,Automatic,Silver,Partial,1,No,8145.88,8765.839875611926
2006,27.87,1000,Electric,2,BMW,Automatic,Black,Full,1,Yes,9532.43,9277.575277690552
2004,21.91,2500,Petrol,1,Honda,Automatic,Gray,Full,1,Yes,7316.05,7888.724200648707
2020,19.88,4000,Electric,5,Hyundai,Automatic,Gray,Full,0,Yes,13488.97,13273.77086797548
2017,23.53,1200,Petrol,5,BMW,Automatic,Blue,,0,Yes,6379.66,6148.204447806762
1996,8.24,1500,Diesel,3,Ford,Manual,White,Full,1,No,3798.14,2592.3672194175615
2009,14.25,1500,Diesel,2,BMW,Manual,Gray,Full,0,Yes,6223.93,5752.11094801971
1997,17.78,1200,Electric,2,Tesla,Manual,Gray,Full,1,Yes,7185.76,6853.343059206363
2006,28.0,2000,Petrol,3,Kia,Manual,Red,Partial,0,Yes,6018.75,7227.451031333747
2014,19.03,3000,Petrol,5,Hyundai,Manual,Black,Full,1,Yes,7972.25,7798.349358506424
2006,18.78,2000,Petrol,5,Kia,Automatic,Black,Full,1,No,3499.85,5161.203831886966
2011,25.34,1500,Diesel,4,BMW,Manual,Silver,Partial,0,No,6548.13,6443.718328704595
2000,24.13,1000,Petrol,2,BMW,Manual,Gray,Partial,1,Yes,5830.73,4859.577434582769
2003,15.2,2500,Petrol,3,Volkswagen,Automatic,Black,,1,Yes,4656.66,6018.838124517423
1998,22.19,800,Petrol,2,Honda,Automatic,Silver,Partial,0,Yes,4987.78,3993.4957405765704
2008,18.97,1800,Petrol,1,Kia,Manual,Silver,,1,Yes,5979.11,7047.615597295129
2013,22.46,800,Petrol,1,BMW,Manual,White,,0,Yes,5918.62,6810.272562169833
2009,17.49,1500,Diesel,3,Volkswagen,Automatic,Red,,0,Yes,6347.08,5721.16753292951
2008,19.59,3000,Petrol,3,Tesla,Manual,Blue,Full,2,No,6804.95,7920.710444643664
2011,19.17,5000,Diesel,5,Tesla,Automatic,Gray,,0,Yes,9749.39,10310.658215966363
2017,17.75,4000,Petrol,2,Volkswagen,Automatic,Gray,Full,0,Yes,10920.73,11094.642029431569
2010,6.91,1500,Diesel,1,Chevrolet,Manual,Red,Full,1,No,5297.97,5529.604578759264
2008,14.19,3000,Diesel,5,Volkswagen,Automatic,Gray,,0,Yes,7674.12,6368.332455949314
2001,16.49,3000,Petrol,5,BMW,Automatic,White,Full,0,No,5344.62,5682.949983003349
1998,18.03,1500,Diesel,4,Toyota,Manual,Gray,Partial,0,No,3393.95,3559.001116546273
2000,16.1,1800,Diesel,1,BMW,Automatic,Gray,,0,No,5769.84,5622.785534495002
2021,18.67,2500,Diesel,5,Toyota,Manual,Silver,Full,1,Yes,9200.0,8031.18825554608
2019,17.64,2500,Diesel,4,Kia,Manual,Silver,Partial,0,Yes,8216.22,8100.774494968016
2015,13.72,5000,Electric,4,Nissan,Manual,Silver,,1,No,12611.46,13822.887477078828
2016,19.8,1500,Diesel,4,Hyundai,Manual,Black,Full,0,Yes,5095.22,6436.697664223726
1996,22.72,800,Diesel,2,Honda,Manual,Black,Full,0,Yes,4324.88,3794.793967688389
1999,14.14,800,Petrol,1,BMW,Automatic,White,Partial,0,Yes,3973.77,3734.720368114309
2009,16.63,1500,Electric,4,BMW,Automatic,Red,Partial,1,Yes,6129.93,8160.262415228252
2022,18.68,1800,Petrol,3,Kia,Automatic,Red,Full,1,No,7486.96,8235.676547175974
2003,24.54,4000,Petrol,2,Hyundai,Automatic,Gray,Full,1,Yes,12515.14,9762.244363715323
2022,17.24,5000,Diesel,1,Hyundai,Automatic,White,Partial,1,Yes,13804.24,13724.483118430457
2011,13.13,2500,Electric,3,Ford,Manual,Gray,,0,Yes,11466.0,9851.438175543746
2000,28.84,5000,Diesel,1,Honda,Manual,Blue,Full,3,Yes,10501.99,11856.54822972561
2007,14.44,2000,Petrol,3,Ford,Automatic,Gray,Full,2,Yes,6757.61,5672.26819034268
2016,13.74,5000,Diesel,4,Ford,Manual,Silver,Full,0,Yes,10872.93,10899.953684184758
2011,14.92,4000,Petrol,3,Hyundai,Automatic,Black,Partial,0,No,9523.85,9370.844293674747
2018,28.26,1200,Diesel,4,Nissan,Manual,Red,Full,0,Yes,7566.53,7366.726184442907
2012,22.91,1800,Diesel,2,Toyota,Manual,Blue,,1,Yes,6041.93,7618.798655100549
2009,14.66,1200,Electric,1,Tesla,Automatic,Gray,,0,Yes,8110.24,8759.689520316335
2016,9.37,5000,Diesel,2,Ford,Automatic,Blue,Partial,0,Yes,10960.81,11355.060601231786
2022,20.93,1800,Petrol,4,BMW,Manual,Red,,0,Yes,8203.62,8027.47729418897
2002,12.08,1800,Diesel,3,Hyundai,Automatic,Blue,Full,0,Yes,3437.75,4321.372948711447
2003,22.81,1800,Diesel,1,Toyota,Manual,White,Full,0,Yes,6833.98,6794.195648483863
1999,16.43,1200,Petrol,3,Toyota,Automatic,Silver,Full,0,Yes,2550.69,3528.758337572902
2023,15.3,2000,Diesel,3,Tesla,Automatic,Gray,Full,1,Yes,9059.93,8127.644552707564
1999,21.99,800,Diesel,4,Toyota,Manual,Black,Full,0,Yes,2875.69,3147.822971736159
2010,17.38,800,Petrol,1,Toyota,Automatic,Red,Full,0,Yes,4901.25,5730.7106839506105
2014,13.49,1800,Petrol,4,Honda,Manual,Red,Full,0,Yes,5000.61,5895.531873641812
2021,24.43,1500,Diesel,4,Hyundai,Manual,Silver,Full,0,Yes,9087.11,7696.986702223769
2000,14.09,800,Diesel,4,Toyota,Automatic,Silver,Full,1,Yes,1467.79,2316.4051841474393
1996,14.12,1200,Diesel,1,Nissan,Manual,Silver,Partial,1,No,5248.58,3819.8894885745117
1998,30.19,1800,Petrol,5,BMW,Manual,White,Full,0,Yes,6803.85,5051.296120773276
1997,16.82,3000,Diesel,5,Volkswagen,Manual,Blue,Partial,1,Yes,4925.32,5030.03993620101
1996,15.58,1800,Diesel,3,Honda,Manual,Blue,Full,0,Yes,2571.95,3886.166461698694
2012,6.53,1200,Petrol,3,Tesla,Automatic,Gray,Full,1,No,4861.33,4266.36877545605
2019,21.2,1500,Petrol,3,Ford,Automatic,Red,Full,0,Yes,6917.27,7587.098657674414
2016,17.95,1200,Diesel,5,Honda,Automatic,Black,,1,Yes,6486.87,5341.5405537025745
1998,19.94,1200,Diesel,5,BMW,Manual,Black,Full,0,Yes,3703.41,2929.2342327653023
2019,9.19,3000,Petrol,4,Nissan,Manual,Silver,Full,1,Yes,8933.06,7829.466613623119
2005,16.33,5000,Diesel,4,Kia,Manual,Blue,Partial,0,Yes,9619.16,9587.955599795667
2022,24.94,1500,Petrol,3,Tesla,Automatic,Gray,Partial,3,Yes,8026.08,8400.366538104592
2000,19.55,1000,Petrol,3,Ford,Manual,Gray,Full,0,Yes,4589.05,3732.2949528405316
2008,20.81,1500,Petrol,1,BMW,Manual,White,Partial,1,Yes,8536.04,6916.294757716623
2014,15.94,1200,Diesel,1,Toyota,Automatic,White,Full,0,No,6726.85,6751.885228001976
2006,21.6,800,Petrol,1,Volkswagen,Automatic,Silver,Full,2,No,5172.28,5672.628453801401
1996,14.05,1500,Petrol,3,Toyota,Automatic,Blue,,0,No,2405.54,3270.3214218100666
1996,19.16,4000,Petrol,3,Volkswagen,Manual,Red,Partial,1,Yes,8622.54,7710.159717449509
2003,12.1,1500,Electric,3,Kia,Manual,Blue,Full,0,No,8022.13,7087.571329446873
2015,13.56,2000,Diesel,1,Volkswagen,Manual,Gray,Partial,0,No,7577.62,7815.65691832671
2009,23.26,1500,Petrol,2,Tesla,Manual,White,Partial,0,Yes,7649.42,6757.99092265656
1995,23.07,2000,Diesel,4,Kia,Automatic,Silver,Partial,0,Yes,5051.77,4453.7424551882195
2022,8.48,3000,Diesel,1,Toyota,Automatic,Black,Full,2,No,11047.48,9747.469398616187
2002,13.95,5000,Diesel,3,BMW,Automatic,Black,Full,0,Yes,8148.13,9470.03231703855
2002,14.39,1000,Diesel,5,Kia,Manual,Blue,Full,0,Yes,1304.84,2442.2312962097476
2017,18.54,4000,Electric,5,Volkswagen,Manual,Gray,Partial,0,Yes,10573.51,12725.82744490457
2003,11.64,5000,Diesel,5,Toyota,Automatic,White,Full,1,Yes,7823.83,8287.013101276689
1996,19.88,1200,Electric,4,Kia,Automatic,Blue,Partial,0,Yes,5755.91,6027.363151465845
2001,18.21,800,Diesel,1,Honda,Manual,Black,Partial,0,Yes,6757.5,4481.461671309418
2005,11.76,2000,Petrol,1,BMW,Manual,Red,Full,0,Yes,5384.19,6156.3579119339865
2004,12.17,1000,Petrol,4,Chevrolet,Manual,Gray,Partial,0,Yes,3367.73,2945.9621261216125
2000,17.47,800,Diesel,1,Hyundai,Automatic,Silver,Full,1,Yes,3815.49,4171.172169648408
1998,16.85,1200,Diesel,5,Volkswagen,Automatic,Silver,Full,0,Yes,3571.9,2510.7373806454107
2007,18.37,5000,Petrol,2,Chevrolet,Manual,Black,Partial,0,Yes,11186.37,11137.820438716868
2011,16.24,800,Diesel,1,Chevrolet,Manual,Blue,,2,No,8616.73,5686.628443712985
1999,18.71,4000,Diesel,4,Honda,Manual,Silver,Full,1,Yes,7878.81,7520.737213656368
2003,16.23,1200,Petrol,5,Hyundai,Manual,Red,,0,Yes,3479.97,3156.9972681962918
2019,15.58,2500,Diesel,1,BMW,Automatic,Silver,Partial,0,Yes,9681.29,9394.32108176628
2012,25.91,1800,Petrol,1,Volkswagen,Manual,Blue,Partial,0,No,7574.93,8549.628940649272
2005,15.95,2500,Petrol,3,Kia,Manual,Black,Full,1,Yes,5543.9,6347.214726336193
2008,12.31,1500,Petrol,5,Ford,Manual,Blue,Partial,1,Yes,4319.88,3809.7433825561193
2016,19.0,4000,Diesel,2,BMW,Manual,Red,Full,0,Yes,12526.76,11171.405606954524
2023,14.25,1500,Petrol,3,Hyundai,Manual,Gray,Full,0,Yes,8254.82,7250.779597569583
2006,16.37,1800,Petrol,4,Kia,Manual,Black,Partial,0,Yes,6861.54,5006.429697601543
1995,10.41,5000,Diesel,5,Chevrolet,Manual,White,Full,1,No,5647.2,6958.370593083514
2023,15.73,800,Diesel,2,Tesla,Manual,Black,Full,0,No,7049.39,6933.551950824973
1997,16.45,1500,Diesel,3,Hyundai,Automatic,Black,Full,0,Yes,4271.3,3708.2670263804966
1995,30.37,2500,Diesel,2,Kia,Manual,Red,Full,0,Yes,7536.53,7119.158793098099
2015,14.62,5000,Petrol,3,Hyundai,Manual,Gray,Partial,0,Yes,12022.62,11334.2712012524
2002,19.11,3000,Petrol,2,Toyota,Manual,Silver,Partial,0,Yes,10122.85,7462.980482933439
2023,7.86,1800,Petrol,5,Honda,Manual,Blue,Partial,0,Yes,6688.61,5985.750874939909
1995,27.44,1800,Diesel,2,Nissan,Manual,Red,Full,0,Yes,4463.7,5721.070781622783
2009,19.34,1000,Petrol,3,Volkswagen,Manual,Silver,Partial,0,Yes,7015.75,5108.378420346489
2021,23.54,5000,Diesel,5,Ford,Manual,Blue,,0,Yes,12256.44,12331.751640722192
2000,16.48,3000,Petrol,1,Tesla,Automatic,Black,Partial,1,Yes,5395.66,7357.26611021079
2014,14.08,1500,Petrol,1,Tesla,Manual,Gray,Full,1,No,5944.26,6889.29905237588
2008,11.25,1000,Diesel,3,Chevrolet,Automatic,White,Full,0,Yes,3947.33,3969.6337232829133
2005,12.95,4000,Petrol,5,BMW,Automatic,Blue,Full,0,Yes,7413.59,7268.076895533246
2011,18.25,4000,Petrol,2,Tesla,Manual,Silver,Partial,1,Yes,12541.09,10155.775279536392
2015,14.71,1000,Petrol,2,Volkswagen,Automatic,Blue,,0,Yes,4461.24,5937.449620948848
2016,19.81,1500,Diesel,4,Ford,Manual,Silver,Partial,0,Yes,7155.24,6402.959653288909
2015,18.01,2000,Petrol,2,Nissan,Manual,Blue,Partial,0,Yes,6597.97,7771.84828112104
2014,22.6,2000,Diesel,5,Hyundai,Manual,White,,0,No,7972.17,6761.198130659747
2009,12.37,2500,Petrol,4,Tesla,Manual,Blue,Full,1,Yes,5995.83,5921.466443008351
1997,18.99,4000,Electric,1,Hyundai,Manual,Silver,Partial,0,Yes,11237.28,11684.579287750108
2019,16.32,1800,Diesel,3,Chevrolet,Manual,Black,,0,Yes,7824.6,7409.6897054471165
2016,25.66,4000,Petrol,5,Honda,Automatic,Black,Partial,0,No,10337.36,10482.569910030383
2014,18.65,1200,Diesel,1,BMW,Automatic,Blue,Partial,0,Yes,7649.48,7071.693447255718
2010,22.34,1000,Petrol,3,Nissan,Manual,Blue,Full,0,Yes,5854.69,5569.205544724428
2009,25.72,2500,Petrol,2,Toyota,Automatic,Red,Full,0,No,8814.54,8675.950000032983
2012,18.65,5000,Diesel,4,Tesla,Manual,Blue,Full,0,Yes,9048.38,10862.399570142712
2020,14.86,2000,Diesel,1,Volkswagen,Automatic,Gray,Full,1,Yes,11247.95,8700.74056618472
2022,21.91,4000,Electric,4,Hyundai,Manual,Black,Full,0,No,13498.43,14367.918106738816
2023,11.8,1000,Petrol,2,Honda,Manual,Blue,Partial,0,No,6403.98,6768.683725377835
2017,14.63,2500,Diesel,4,Hyundai,Automatic,White,Partial,1,Yes,5175.28,7462.415650109473
2017,15.47,1500,Petrol,4,BMW,Manual,Blue,Full,0,Yes,5881.86,6097.569553028356
2007,13.49,1800,Petrol,4,Toyota,Manual,Blue,Partial,0,Yes,6983.6,4748.621034203366
2006,27.82,1200,Diesel,1,BMW,Manual,Blue,Partial,0,Yes,6290.82,6976.507149876837
2011,16.58,800,Petrol,1,Honda,Automatic,Silver,,0,No,6323.06,5773.931966926972
2016,13.84,5000,Diesel,3,Hyundai,Manual,White,Full,2,No,10616.94,11469.138093219484
1997,10.67,4000,Petrol,5,Volkswagen,Manual,White,Partial,1,Yes,4628.14,5817.969143382559
2013,28.18,2500,Petrol,3,Toyota,Manual,Blue,Partial,0,Yes,9798.95,8951.924881069555
2015,18.35,1200,Diesel,4,Hyundai,Manual,White,Partial,0,Yes,6072.9,5654.168974625231
2015,11.8,2500,Diesel,3,Honda,Automatic,Black,Partial,0,No,6822.74,7399.520390032207
2023,16.33,1200,Petrol,1,Honda,Manual,Black,Full,0,Yes,9099.52,8121.106827084424
2014,21.69,4000,Diesel,4,Honda,Manual,Silver,Partial,0,Yes,11936.76,10106.9510206129
2017,16.52,4000,Electric,5,Toyota,Manual,Black,Full,1,Yes,12139.37,12474.126841074669
2000,17.96,1200,Petrol,4,Volkswagen,Automatic,Silver,Full,0,Yes,4015.95,3427.2370961078786
2019,21.43,5000,Petrol,5,Nissan,Manual,Black,,0,Yes,12037.65,11847.283898595699
2003,12.98,4000,Diesel,2,Ford,Manual,Gray,Full,0,Yes,8000.56,8360.35833047392
2008,15.57,3000,Petrol,3,Honda,Automatic,Black,Full,0,No,9543.55,7557.828983763375
2020,13.8,1000,Diesel,5,Hyundai,Manual,Red,Full,1,Yes,4953.33,5101.696105133113
2017,15.37,5000,Diesel,5,Chevrolet,Manual,Gray,Full,0,Yes,10136.9,10759.570333560734
1999,17.71,1800,Diesel,1,Ford,Automatic,Silver,Full,2,No,7553.26,5593.865380990943
1996,23.91,2000,Diesel,5,Volkswagen,Manual,Black,Full,0,Yes,3101.63,4291.506183303758
2001,5.53,3000,Petrol,1,Nissan,Manual,Black,Full,0,Yes,5760.37,6215.692361478465
2013,21.48,1000,Diesel,4,BMW,Automatic,Gray,Full,0,Yes,5122.36,5509.477665000009
2014,18.85,1000,Petrol,1,Nissan,Manual,Red,Full,1,Yes,7717.2,6802.653751730934
1997,12.53,2500,Diesel,5,Honda,Automatic,Gray,Partial,1,No,5155.58,3795.264107926492
2002,18.14,4000,Petrol,4,Volkswagen,Automatic,Gray,,0,Yes,7307.93,7932.356090738973
2020,10.69,1200,Petrol,3,BMW,Manual,Gray,Full,0,Yes,5862.61,6016.389749032811
2001,24.53,800,Petrol,2,Tesla,Automatic,Red,Full,0,Yes,4027.25,4726.700374951455
2006,13.39,1000,Petrol,2,Ford,Manual,Blue,Partial,1,No,4953.84,4397.717931726803
2004,16.91,800,Diesel,5,Tesla,Manual,Black,Full,0,No,3652.07,2782.6722881490423
2001,24.7,1500,Petrol,5,Nissan,Automatic,Black,Full,1,Yes,4367.67,4353.265016879204
2009,15.17,800,Diesel,1,Volkswagen,Automatic,Blue,Full,0,Yes,4782.84,5295.076244391953
2011,25.22,5000,Diesel,5,Volkswagen,Manual,Blue,Full,0,Yes,11341.19,11113.105568586232
2017,20.51,1800,Diesel,4,Honda,Automatic,Silver,Full,1,Yes,8248.26,7142.22535363728
2021,22.39,800,Diesel,4,Nissan,Manual,Silver,Full,0,Yes,4845.36,6435.339858290228
2021,20.96,5000,Petrol,4,Nissan,Manual,Gray,Partial,0,No,11215.39,12569.731224183186
1995,14.34,4000,Petrol,4,Chevrolet,Manual,Blue,Partial,0,Yes,5479.95,6342.615677314765
2004,19.32,5000,Petrol,3,Ford,Manual,Blue,Partial,0,No,8242.27,10300.554982645825
1996,5.0,2500,Petrol,3,BMW,Manual,Blue,Partial,0,Yes,3638.44,3690.500204238607
2014,21.91,4000,Petrol,2,Nissan,Automatic,Gray,Full,1,Yes,9338.84,11111.475840144922
2007,22.91,1200,Petrol,4,Honda,Manual,Silver,Full,0,Yes,4963.8,5026.09607379147
2002,13.62,1500,Diesel,1,Honda,Manual,Gray,Full,1,Yes,4098.47,5085.485017475443
2011,21.41,2500,Electric,1,Volkswagen,Manual,Gray,Partial,0,Yes,11263.25,11895.303615489476
2020,11.74,1200,Diesel,1,Honda,Manual,Silver,Full,1,Yes,8103.97,7085.402091762816
2015,21.77,5000,Diesel,2,Hyundai,Manual,Gray,Full,0,Yes,13726.01,12692.936210484917
2011,20.62,1000,Petrol,4,Tesla,Automatic,Gray,Full,1,No,4005.65,5032.916785036194
1995,17.49,1800,Petrol,1,BMW,Manual,Silver,Full,0,Yes,3641.46,4992.30327706519
2015,14.9,5000,Petrol,3,BMW,Automatic,Silver,Full,2,Yes,11493.63,11479.739533470754
2010,13.94,2000,Petrol,2,Nissan,Manual,Gray,Full,1,Yes,6261.52,6550.932285741445
2006,20.52,800,Petrol,5,Hyundai,Automatic,Silver,Partial,1,Yes,2686.66,3470.7310530354644
2005,18.4,4000,Petrol,2,Honda,Automatic,Gray,,1,Yes,9545.63,9365.409456175117
2014,12.76,1800,Petrol,1,Tesla,Manual,Gray,Full,0,Yes,8457.81,7138.975950561654
2007,27.06,3000,Diesel,1,Chevrolet,Automatic,Gray,Full,1,No,9500.25,9705.824551923732
2001,23.9,3000,Petrol,1,Ford,Automatic,Gray,,0,Yes,10243.41,8387.178322577975
1998,19.88,5000,Electric,5,Honda,Manual,Silver,Full,0,Yes,10168.99,11527.640546703824
2020,14.65,2500,Petrol,2,BMW,Manual,Black,Full,2,No,9661.18,9011.039011137595
2013,10.5,2000,Diesel,3,Kia,Automatic,White,,0,Yes,5480.2,6135.736060770087
2021,20.11,5000,Electric,4,Honda,Manual,Black,Partial,0,No,15021.62,15542.686234220666
2006,22.42,5000,Petrol,4,Tesla,Automatic,Black,Full,2,Yes,10373.17,10494.225861250217
2018,12.72,1000,Diesel,4,Honda,Automatic,White,Full,1,Yes,5654.36,5187.83246901701
2013,29.9,4000,Diesel,3,Toyota,Manual,Silver,,2,Yes,10558.32,11422.475828080682
1997,17.37,1500,Diesel,2,Ford,Automatic,Red,Full,1,Yes,3635.38,4349.25566688942
2022,20.24,2500,Petrol,1,Kia,Manual,Blue,Partial,0,No,8815.68,10351.569724037116
1997,17.87,2500,Diesel,3,Nissan,Manual,Silver,Partial,0,Yes,4804.06,5347.222664846896
2019,18.85,800,Diesel,2,Volkswagen,Automatic,Gray,Full,1,No,6695.4,6786.9145422275815
2006,25.29,2500,Petrol,5,Ford,Automatic,White,,0,Yes,6511.73,6627.327689517657
2000,12.47,1200,Diesel,3,Hyundai,Automatic,Gray,,0,No,4136.27,3218.8037914330635
2000,22.95,2500,Petrol,1,Nissan,Manual,White,Partial,0,Yes,7403.05,7415.370913701833
2012,17.3,1200,Petrol,2,Hyundai,Manual,Black,Partial,1,Yes,6475.49,6068.415811500268
2014,14.28,1200,Petrol,3,Tesla,Manual,Blue,Full,0,No,6064.17,5473.196467853848
2009,19.74,3000,Diesel,5,Nissan,Automatic,Black,Full,0,Yes,7238.09,7185.012904962827
2018,27.1,3000,Petrol,3,Kia,Automatic,White,Full,1,Yes,10511.0,10380.346710834441
2008,11.67,1800,Diesel,1,Toyota,Manual,Gray,,0,Yes,4841.46,6159.466057592132
2020,20.57,3000,Petrol,1,Chevrolet,Manual,Red,Partial,0,Yes,12458.86,10865.392433280045
1998,28.79,5000,Diesel,3,Volkswagen,Manual,Blue,Partial,0,Yes,10798.37,10588.098532812523
2012,13.63,1800,Diesel,2,Volkswagen,Automatic,Blue,Full,2,Yes,9335.1,6568.829302085316
2018,22.32,2000,Petrol,1,Honda,Manual,Blue,Full,1,Yes,6975.37,9250.433522199888
2011,12.88,800,Diesel,1,Honda,Manual,Silver,,0,Yes,5569.78,5282.504471703738
2005,16.72,3000,Diesel,2,Kia,Manual,Gray,Partial,0,Yes,6864.45,7634.412487614862
2017,8.89,800,Diesel,4,Tesla,Manual,Gray,Partial,0,No,3717.68,4193.951042125387
2009,14.21,4000,Petrol,5,Nissan,Automatic,Silver,Full,0,Yes,6932.68,7963.333313961424
1995,12.12,2000,Petrol,5,Hyundai,Automatic,White,Partial,0,No,2076.56,2676.5201311544834
2023,11.97,1800,Electric,3,Toyota,Manual,Red,Partial,0,Yes,12194.16,10529.48038059557
2015,14.56,2000,Petrol,5,Chevrolet,Automatic,Gray,Partial,0,Yes,6476.4,5889.922581145382
2006,20.33,1800,Diesel,4,Kia,Manual,Gray,Partial,2,Yes,5650.43,5456.842901559954
2010,22.31,5000,Diesel,4,Tesla,Automatic,Blue,Partial,1,Yes,11168.2,11024.284660647158
2020,18.99,3000,Diesel,1,Nissan,Automatic,Silver,Full,0,Yes,11236.34,10643.820158169481
2023,17.11,1500,Petrol,5,Chevrolet,Manual,Gray,,0,Yes,6779.39,6628.376668554212
1996,23.19,4000,Electric,4,Tesla,Automatic,Black,Partial,0,Yes,9441.2,10613.696082084729
2014,26.9,3000,Petrol,5,Nissan,Automatic,Gray,,0,No,9008.41,8783.672820611026
1998,17.87,5000,Diesel,5,Nissan,Automatic,Blue,Partial,0,Yes,7202.13,8259.502488556187
2017,14.55,1800,Diesel,4,BMW,Manual,Red,Full,0,Yes,7605.14,6516.769786639557
2001,17.91,4000,Petrol,2,Chevrolet,Manual,Black,Partial,1,Yes,9301.1,8699.768689069835
2019,16.07,1800,Diesel,5,Chevrolet,Manual,Red,Full,0,Yes,8225.99,6428.510092816205
2023,18.21,1200,Electric,5,BMW,Manual,White,Full,0,Yes,8034.92,9442.976209700244
1998,8.23,3000,Diesel,3,Hyundai,Automatic,Silver,Partial,1,No,5018.25,5099.572558408067
2014,18.67,5000,Petrol,4,Ford,Automatic,White,Partial,0,No,11484.22,11275.477620374404
2006,23.18,2000,Petrol,5,BMW,Automatic,Black,Full,1,Yes,7090.62,5719.941873062642
2021,30.43,2500,Petrol,3,Tesla,Manual,Red,Full,0,No,10647.02,10487.052600159162
2018,21.0,800,Diesel,4,Tesla,Manual,Gray,,2,Yes,5199.19,5781.3636429025555
2009,18.01,1800,Diesel,3,Nissan,Automatic,Black,,2,Yes,6709.86,6169.548368973266
2003,31.62,1200,Diesel,2,BMW,Automatic,White,Full,0,Yes,5869.34,6556.602583806508
2014,19.53,3000,Petrol,2,Toyota,Manual,Black,Full,1,No,9674.51,9381.910293013269
2014,18.22,1000,Diesel,1,Honda,Manual,Gray,,0,Yes,7218.55,6675.1641874923735
2000,10.46,800,Diesel,5,Honda,Automatic,Blue,Full,0,No,1440.58,1438.2818957830623
2004,16.12,2000,Petrol,2,Nissan,Automatic,Gray,Partial,0,No,6471.14,5965.128471352047
2023,26.26,1800,Diesel,5,Nissan,Manual,Gray,Full,1,Yes,7721.47,8212.103007822183
2014,19.3,1200,Electric,2,Honda,Manual,Red,Full,0,Yes,9584.82,9697.148341217116
2016,17.45,2500,Electric,4,BMW,Manual,Red,Full,0,Yes,10642.45,10777.89548535469
2017,16.77,1200,Electric,1,Hyundai,Manual,Blue,Partial,0,Yes,10218.3,10199.904064893055
2018,23.99,2500,Petrol,3,Chevrolet,Automatic,Red,Full,0,Yes,7917.48,9270.691960134445
1999,18.67,4000,Diesel,5,Tesla,Manual,Gray,Full,2,Yes,6133.33,6965.862052171169
2006,20.13,1500,Diesel,1,Kia,Automatic,Blue,Full,0,Yes,5966.81,6448.249570967037
2019,24.57,4000,Electric,4,Ford,Manual,White,Full,0,Yes,13764.45,14208.4122446226
1996,19.64,4000,Electric,1,Chevrolet,Automatic,Red,Full,0,No,10746.4,11744.256524961864
1998,24.96,800,Diesel,2,Kia,Manual,White,Full,1,Yes,4552.67,4339.0703521454
2000,14.99,2500,Petrol,3,Chevrolet,Automatic,Blue,Full,0,Yes,6084.83,5427.378319866689
2014,18.71,2500,Petrol,1,Nissan,Manual,Red,Partial,3,Yes,9316.85,9034.59923212094
2020,21.6,2000,Petrol,1,Tesla,Manual,Gray,Full,0,No,10345.52,9433.672292082567
1998,17.35,1800,Petrol,1,Honda,Automatic,Black,,0,No,6352.87,5470.625737275863
2005,20.45,3000,Diesel,2,Chevrolet,Automatic,Red,Partial,1,Yes,8093.83,8152.767629512027
2013,13.95,5000,Diesel,1,Volkswagen,Manual,Blue,Partial,0,Yes,12546.65,12003.63410183161
2001,15.14,5000,Diesel,5,Hyundai,Automatic,White,,0,Yes,6600.88,8387.24233419436
1998,18.05,1500,Petrol,4,Hyundai,Automatic,Red,Partial,0,No,2626.17,3618.0511511842296
2005,25.72,1000,Diesel,2,Kia,Manual,White,,2,Yes,7212.6,5775.301690391418
2007,9.23,2500,Diesel,2,Ford,Manual,Blue,Full,2,No,6006.35,6294.4546733548195
2010,16.5,3000,Electric,4,BMW,Automatic,Silver,Full,0,Yes,11208.1,10460.976493477425
2003,16.27,1200,Petrol,5,Honda,Manual,Black,Full,0,Yes,2780.39,3182.4915521421535
2013,17.21,800,Petrol,1,Honda,Manual,White,Full,0,Yes,6793.84,6133.05779091304
2004,10.59,4000,Diesel,1,Chevrolet,Manual,Black,Full,3,Yes,9664.2,8764.05307989374
2011,21.76,1800,Petrol,5,Nissan,Automatic,Gray,Partial,0,Yes,5567.27,5887.2810628161615
2003,28.98,3000,Diesel,2,Chevrolet,Manual,Gray,Full,0,No,7850.5,8835.879418192939
1998,18.1,800,Petrol,4,Hyundai,Automatic,Gray,Full,0,Yes,1952.58,2476.068695896999
2011,22.92,3000,Diesel,2,Tesla,Manual,White,Full,0,No,10744.61,9295.733295127364
2023,8.31,1000,Petrol,2,Volkswagen,Automatic,Red,Full,0,No,6064.23,6466.431025739552
2022,12.65,800,Petrol,5,Toyota,Manual,Black,Partial,1,Yes,5735.84,4949.939523820355
2009,15.21,2000,Diesel,5,Nissan,Manual,Gray,Full,1,No,4729.1,5127.453239692018
1996,16.37,2000,Electric,4,Chevrolet,Automatic,Red,Partial,1,Yes,6328.84,6861.78517220393
2023,22.38,4000,Electric,5,Tesla,Manual,Blue,Full,0,No,14299.33,14014.34996696801
2001,18.17,1500,Petrol,4,Toyota,Automatic,Blue,Full,0,Yes,3694.58,3988.2598444773603
2004,14.68,1200,Petrol,5,Kia,Automatic,Black,Partial,0,Yes,3624.2,3132.696980296787
2009,21.92,1500,Diesel,2,Hyundai,Manual,Black,Partial,0,Yes,5973.91,6628.909859831954
2015,16.57,800,Petrol,1,Chevrolet,Automatic,Black,Partial,1,Yes,6167.56,6341.562518538616
2008,6.8,2000,Petrol,1,Ford,Manual,Black,Full,0,Yes,8211.62,5894.5324786816145
1996,20.02,2000,Diesel,5,Kia,Manual,Blue,Full,0,Yes,5131.96,3724.5166116998644
2007,24.75,4000,Petrol,5,Chevrolet,Manual,Red,,1,Yes,8721.55,8980.04548985362
2004,16.72,2500,Electric,4,Toyota,Automatic,White,Full,0,No,9164.29,8847.246938099515
2003,13.79,1000,Electric,2,Toyota,Automatic,White,Partial,0,Yes,8559.75,7045.423301243445
2018,16.95,1200,Petrol,5,Ford,Automatic,White,Partial,0,Yes,7552.9,5460.691594783813
2007,26.09,5000,Petrol,4,Tesla,Automatic,Gray,,0,Yes,10426.68,11036.985870412049
2013,12.49,2000,Petrol,1,Honda,Manual,Black,Full,2,Yes,6846.98,7373.331715576044
2001,15.59,1800,Diesel,3,Ford,Manual,Red,Partial,0,Yes,4459.11,4669.315482041406
2017,16.38,1500,Petrol,4,Honda,Manual,Silver,Partial,0,Yes,7601.76,6171.50345153163
2011,18.42,2000,Diesel,1,Kia,Manual,Silver,Full,1,Yes,8772.84,7730.493837792121
1996,15.6,1000,Petrol,2,Honda,Manual,Gray,,0,Yes,4845.24,3187.5936645412876
2013,25.14,1200,Diesel,5,Ford,Automatic,Silver,Partial,1,Yes,3815.02,5681.60534393273
2015,20.29,1200,Electric,4,Ford,Manual,Blue,Full,1,Yes,8659.49,8875.089602640148
2005,22.62,5000,Diesel,4,Tesla,Manual,Black,Full,1,Yes,10157.64,10355.975027071065
1995,20.55,800,Petrol,5,Kia,Automatic,Blue,Partial,1,Yes,1000.0,1859.459224258596
2003,8.87,5000,Diesel,1,Tesla,Manual,Silver,Full,0,Yes,10510.36,9816.203506726717
2015,28.59,3000,Diesel,5,BMW,Manual,Blue,Partial,2,No,8600.77,9184.849291545022
2003,13.23,3000,Petrol,1,Hyundai,Manual,Red,Full,0,Yes,8201.1,7440.306032402629
2016,15.63,4000,Diesel,3,Volkswagen,Manual,Gray,Partial,0,Yes,9149.28,10190.128071284656
2006,21.38,2500,Diesel,1,Tesla,Automatic,Black,Full,1,No,7248.65,8134.998857026766
2023,18.28,2000,Petrol,4,Ford,Manual,White,Partial,0,Yes,8931.25,8035.999236869091
2013,5.0,1500,Diesel,1,Volkswagen,Manual,Black,Full,0,Yes,7161.36,5743.6252952019295
2016,25.78,3000,Petrol,3,Hyundai,Manual,Silver,Partial,0,Yes,10615.74,9841.580682918755
2023,22.7,800,Diesel,5,Chevrolet,Manual,Black,Partial,1,No,6223.27,6341.548701500652
2020,23.83,2500,Diesel,2,Ford,Manual,Silver,Full,1,Yes,10338.15,9961.567887120722
2003,21.14,2500,Petrol,3,Tesla,Manual,Black,Partial,1,No,6146.34,6662.610592296338
2010,18.05,2500,Electric,5,Nissan,Automatic,White,,0,Yes,9645.62,9386.487353750475
2006,15.98,2000,Petrol,2,Hyundai,Automatic,Gray,Partial,0,Yes,7787.66,6180.045752737229
2005,14.29,1200,Diesel,3,Ford,Automatic,Silver,Partial,0,No,5106.9,4188.701827176067
2011,20.69,4000,Petrol,1,Hyundai,Automatic,White,Partial,0,Yes,10382.93,11002.52354226066
2021,17.87,2500,Petrol,4,Nissan,Manual,Black,Partial,0,Yes,8285.54,8467.000010090582
1998,14.5,2000,Diesel,5,Tesla,Automatic,Gray,,0,Yes,1799.81,3329.741753810872
2013,23.81,1500,Petrol,1,Nissan,Automatic,Red,Full,0,Yes,7660.67,8009.99911025615
2023,15.95,4000,Petrol,5,Hyundai,Automatic,Blue,,1,Yes,10982.86,10222.023480666126
2017,12.48,3000,Diesel,2,Ford,Automatic,Red,Full,1,No,8375.75,9009.214937872259
2011,12.63,1500,Petrol,5,Honda,Automatic,Silver,,0,Yes,3748.27,4351.276989383566
2017,21.03,1200,Electric,4,Volkswagen,Manual,Red,Full,0,Yes,9866.63,9401.418618643089
2012,17.04,4000,Petrol,3,Ford,Manual,Black,,2,Yes,9236.3,9746.154257214535
2006,17.33,800,Diesel,2,Chevrolet,Manual,Gray,Full,2,Yes,4555.31,4560.357262814061
2007,15.99,2500,Diesel,3,Chevrolet,Automatic,White,Full,0,Yes,7661.81,6635.190724408777
1998,22.09,2000,Diesel,5,Toyota,Manual,Black,Full,0,Yes,3709.12,4315.129192261627
2017,21.61,1000,Electric,2,Toyota,Manual,Red,Full,0,Yes,11238.85,10096.999900762185
1995,16.62,3000,Electric,3,Ford,Manual,Red,Full,0,Yes,8803.76,8708.74368732837
1995,7.35,800,Diesel,5,Nissan,Automatic,Blue,Partial,0,No,1000.0,300.6166610658456
2023,19.49,2500,Diesel,5,Chevrolet,Manual,Blue,Full,0,Yes,7845.34,8405.002097953866
2020,18.86,2000,Diesel,2,Honda,Manual,Red,Partial,0,Yes,9797.62,8717.473148541863
2016,16.29,800,Diesel,5,Hyundai,Manual,Red,,0,Yes,5190.74,4504.5818372114345
2023,17.08,1500,Petrol,3,Ford,Manual,Blue,Full,0,Yes,7437.58,7592.506717368857
2019,10.84,1200,Petrol,3,Chevrolet,Manual,Gray,Full,0,No,5957.82,5840.117733564125
2007,16.18,1200,Petrol,3,Kia,Manual,Gray,,1,No,4270.02,4723.7003202937385
2020,19.86,3000,Electric,3,Toyota,Automatic,Black,Full,1,Yes,14781.81,12821.769954659667
2016,18.44,1200,Petrol,4,Tesla,Manual,Red,Full,0,Yes,6048.27,5827.597038366116
2002,22.91,2000,Diesel,5,Kia,Automatic,Red,Partial,1,Yes,6202.99,5061.1967038882485
2011,21.53,1500,Petrol,2,Chevrolet,Manual,Silver,Partial,0,Yes,5153.92,6841.905884001795
2017,9.5,1000,Petrol,5,Tesla,Automatic,Silver,,0,Yes,3018.98,4051.033276258391
2012,20.7,1000,Petrol,5,Toyota,Automatic,Blue,Full,0,Yes,4961.69,4694.140057410145
2015,18.01,1500,Diesel,1,Honda,Automatic,Blue,Partial,0,Yes,9699.69,7548.761082427802
2017,14.85,2000,Diesel,4,Nissan,Manual,Gray,Partial,1,Yes,8081.63,6727.277960111542
2001,15.05,3000,Petrol,5,BMW,Automatic,Gray,Partial,1,Yes,4936.14,5445.5520464607325
2003,19.68,2500,Diesel,5,Hyundai,Manual,Blue,Full,1,Yes,5393.4,5447.186344306415
2011,20.8,1500,Diesel,1,BMW,Automatic,Black,Full,2,Yes,7951.75,7393.789338473935
2009,24.29,2000,Diesel,2,Kia,Automatic,Blue,Full,1,Yes,6709.15,7659.655054570042
2005,22.49,5000,Diesel,4,Ford,Automatic,Gray,Full,0,Yes,9640.03,10337.161617370431
2009,23.0,1200,Diesel,4,Chevrolet,Manual,Red,Full,0,No,5059.93,5406.043329854081
1998,17.69,5000,Petrol,5,Nissan,Automatic,Black,Partial,1,No,5897.21,8323.14776145317
2013,23.6,1800,Petrol,5,Kia,Manual,Gray,Full,0,Yes,6255.85,6392.469382702359
2023,9.12,4000,Diesel,4,Chevrolet,Automatic,White,,0,Yes,10415.04,9936.957888698924
2008,16.51,2500,Petrol,4,Tesla,Automatic,Gray,Full,0,Yes,6626.06,6292.141952588214
2010,12.17,1500,Petrol,2,Toyota,Manual,White,Full,0,Yes,5447.34,5607.6280893849325
2014,14.93,5000,Electric,5,Chevrolet,Manual,Red,,0,Yes,13146.23,13341.81237373573
2016,14.63,1000,Electric,1,Volkswagen,Manual,Gray,Full,0,No,11408.78,9613.893228826137
2000,17.9,1500,Diesel,5,Kia,Manual,Silver,,0,Yes,4974.73,3323.6435574137868
